-- MySQL dump 10.13  Distrib 8.0.40, for Win64 (x86_64)
--
-- Host: localhost    Database: db_laportada_v2
-- ------------------------------------------------------
-- Server version	5.5.5-10.4.32-MariaDB

/*!40101 SET @OLD_CHARACTER_SET_CLIENT=@@CHARACTER_SET_CLIENT */;
/*!40101 SET @OLD_CHARACTER_SET_RESULTS=@@CHARACTER_SET_RESULTS */;
/*!40101 SET @OLD_COLLATION_CONNECTION=@@COLLATION_CONNECTION */;
/*!50503 SET NAMES utf8mb4 */;
/*!40103 SET @OLD_TIME_ZONE=@@TIME_ZONE */;
/*!40103 SET TIME_ZONE='+00:00' */;
/*!40014 SET @OLD_UNIQUE_CHECKS=@@UNIQUE_CHECKS, UNIQUE_CHECKS=0 */;
/*!40014 SET @OLD_FOREIGN_KEY_CHECKS=@@FOREIGN_KEY_CHECKS, FOREIGN_KEY_CHECKS=0 */;
/*!40101 SET @OLD_SQL_MODE=@@SQL_MODE, SQL_MODE='NO_AUTO_VALUE_ON_ZERO' */;
/*!40111 SET @OLD_SQL_NOTES=@@SQL_NOTES, SQL_NOTES=0 */;

--
-- Table structure for table `cache`
--

DROP TABLE IF EXISTS `cache`;
/*!40101 SET @saved_cs_client     = @@character_set_client */;
/*!50503 SET character_set_client = utf8mb4 */;
CREATE TABLE `cache` (
  `key` varchar(255) NOT NULL,
  `value` mediumtext NOT NULL,
  `expiration` int(11) NOT NULL,
  PRIMARY KEY (`key`)
) ENGINE=InnoDB DEFAULT CHARSET=utf8mb4 COLLATE=utf8mb4_unicode_ci;
/*!40101 SET character_set_client = @saved_cs_client */;

--
-- Dumping data for table `cache`
--

LOCK TABLES `cache` WRITE;
/*!40000 ALTER TABLE `cache` DISABLE KEYS */;
/*!40000 ALTER TABLE `cache` ENABLE KEYS */;
UNLOCK TABLES;

--
-- Table structure for table `cache_locks`
--

DROP TABLE IF EXISTS `cache_locks`;
/*!40101 SET @saved_cs_client     = @@character_set_client */;
/*!50503 SET character_set_client = utf8mb4 */;
CREATE TABLE `cache_locks` (
  `key` varchar(255) NOT NULL,
  `owner` varchar(255) NOT NULL,
  `expiration` int(11) NOT NULL,
  PRIMARY KEY (`key`)
) ENGINE=InnoDB DEFAULT CHARSET=utf8mb4 COLLATE=utf8mb4_unicode_ci;
/*!40101 SET character_set_client = @saved_cs_client */;

--
-- Dumping data for table `cache_locks`
--

LOCK TABLES `cache_locks` WRITE;
/*!40000 ALTER TABLE `cache_locks` DISABLE KEYS */;
/*!40000 ALTER TABLE `cache_locks` ENABLE KEYS */;
UNLOCK TABLES;

--
-- Table structure for table `camiones`
--

DROP TABLE IF EXISTS `camiones`;
/*!40101 SET @saved_cs_client     = @@character_set_client */;
/*!50503 SET character_set_client = utf8mb4 */;
CREATE TABLE `camiones` (
  `id` bigint(20) unsigned NOT NULL AUTO_INCREMENT,
  `empresa_id` bigint(20) unsigned NOT NULL,
  `conductor_id` bigint(20) unsigned NOT NULL,
  `tipo_camion_id` bigint(20) unsigned NOT NULL,
  `region_operativa_id` bigint(20) unsigned NOT NULL DEFAULT 0,
  `patente` varchar(20) NOT NULL,
  `patente_rampla` varchar(20) DEFAULT NULL,
  `arrendado` tinyint(1) NOT NULL DEFAULT 0,
  `rendimiento_optimo` decimal(6,2) DEFAULT NULL,
  `activo` tinyint(1) NOT NULL DEFAULT 1,
  `observacion_inactividad` text DEFAULT NULL,
  `created_at` timestamp NOT NULL DEFAULT current_timestamp(),
  `updated_at` timestamp NOT NULL DEFAULT current_timestamp() ON UPDATE current_timestamp(),
  PRIMARY KEY (`id`),
  UNIQUE KEY `camiones_region_patente_unique` (`region_operativa_id`,`patente`),
  KEY `camiones_empresa_id_foreign` (`empresa_id`),
  KEY `camiones_conductor_id_foreign` (`conductor_id`),
  KEY `camiones_tipo_camion_id_foreign` (`tipo_camion_id`),
  CONSTRAINT `camiones_conductor_id_foreign` FOREIGN KEY (`conductor_id`) REFERENCES `conductores` (`id`),
  CONSTRAINT `camiones_empresa_id_foreign` FOREIGN KEY (`empresa_id`) REFERENCES `empresas` (`id`),
  CONSTRAINT `camiones_region_operativa_id_foreign` FOREIGN KEY (`region_operativa_id`) REFERENCES `regiones` (`id`) ON UPDATE CASCADE,
  CONSTRAINT `camiones_tipo_camion_id_foreign` FOREIGN KEY (`tipo_camion_id`) REFERENCES `catalogos` (`id`)
) ENGINE=InnoDB AUTO_INCREMENT=308 DEFAULT CHARSET=utf8mb4 COLLATE=utf8mb4_unicode_ci;
/*!40101 SET character_set_client = @saved_cs_client */;

--
-- Dumping data for table `camiones`
--

LOCK TABLES `camiones` WRITE;
/*!40000 ALTER TABLE `camiones` DISABLE KEYS */;
INSERT INTO `camiones` VALUES (0,0,0,0,10,'NO ESPECIFICADO',NULL,0,NULL,1,NULL,'2025-06-19 22:25:34','2026-01-07 04:37:10'),(152,123,69,51,12,'ULKU-01',NULL,0,3.76,1,'Probando.','2025-05-13 21:43:42','2026-02-04 15:46:42'),(153,163,56,52,10,'VV-0002','CV-1002',0,2.97,1,'Panero.','2025-05-13 21:43:42','2026-01-07 04:37:10'),(154,113,280,49,10,'OPTV-03','ZGJA-03',0,4.37,0,'Ahora transporta unicornios imaginarios.','2025-05-13 21:43:42','2026-01-07 04:37:10'),(155,204,287,51,10,'YP-0004',NULL,0,3.44,1,NULL,'2025-05-13 21:43:43','2026-01-07 04:37:10'),(156,165,215,52,10,'FZIE-05',NULL,0,4.11,1,NULL,'2025-05-13 21:43:43','2026-01-07 04:37:10'),(157,125,83,48,10,'KU-0006',NULL,1,4.41,1,NULL,'2025-05-13 21:43:43','2026-01-07 04:37:10'),(158,156,203,51,10,'DPKB-07','JJLZ-07',0,2.82,1,NULL,'2025-05-13 21:43:43','2026-01-07 04:37:10'),(159,132,85,45,10,'AV-0008',NULL,0,2.60,1,NULL,'2025-05-13 21:43:43','2026-01-07 04:37:10'),(160,118,456,47,10,'XIID-09','HMES-09',0,3.81,1,NULL,'2025-05-13 21:43:43','2026-01-07 04:37:10'),(161,122,76,46,10,'YO-0010',NULL,1,3.69,1,NULL,'2025-05-13 21:43:43','2026-01-07 04:37:10'),(162,183,338,47,10,'GSEX-11',NULL,1,3.22,1,NULL,'2025-05-13 21:43:43','2026-01-07 04:37:10'),(163,200,395,44,10,'PY-0012','UH-1012',0,2.82,0,'Ahora vive en una comunidad ecológica sobre ruedas.','2025-05-13 21:43:43','2026-01-07 04:37:10'),(164,219,282,47,10,'KNLN-13',NULL,1,4.28,1,NULL,'2025-05-13 21:43:43','2026-01-07 04:37:10'),(165,121,51,50,10,'SI-0014','PA-1014',0,3.04,1,NULL,'2025-05-13 21:43:43','2026-01-07 04:37:10'),(166,204,333,49,10,'VSVT-15','AOYH-15',0,4.35,1,NULL,'2025-05-13 21:43:43','2026-01-07 04:37:10'),(167,156,203,47,10,'PF-0016','GA-1016',0,3.41,1,NULL,'2025-05-13 21:43:43','2026-01-07 04:37:10'),(168,130,319,50,10,'DXTC-17',NULL,0,2.74,1,NULL,'2025-05-13 21:43:43','2026-01-07 04:37:10'),(169,212,137,44,10,'ML-0018','OI-1018',0,4.30,1,NULL,'2025-05-13 21:43:43','2026-01-07 04:37:10'),(170,188,25,49,10,'OVWQ-19','QDTR-19',0,2.65,1,NULL,'2025-05-13 21:43:43','2026-01-07 04:37:10'),(171,198,44,45,10,'PH-0020',NULL,0,4.18,1,NULL,'2025-05-13 21:43:43','2026-01-07 04:37:10'),(172,183,142,52,10,'YVLK-21',NULL,1,2.75,0,'Se transformó en Optimus Prime y huyó.','2025-05-13 21:43:43','2026-01-07 04:37:10'),(173,156,442,50,10,'GE-0022',NULL,0,2.89,1,NULL,'2025-05-13 21:43:43','2026-01-07 04:37:10'),(174,188,25,44,10,'IUXP-23',NULL,1,2.72,1,NULL,'2025-05-13 21:43:43','2026-01-07 04:37:10'),(175,157,119,47,10,'NR-0024','PD-1024',0,3.94,1,NULL,'2025-05-13 21:43:44','2026-01-07 04:37:10'),(176,203,341,46,10,'AJTJ-25','FQGX-25',0,3.83,1,NULL,'2025-05-13 21:43:44','2026-01-07 04:37:10'),(177,150,354,46,10,'MK-0026',NULL,0,3.56,1,NULL,'2025-05-13 21:43:44','2026-01-07 04:37:10'),(178,122,468,50,10,'ETKJ-27',NULL,0,3.72,1,NULL,'2025-05-13 21:43:44','2026-01-07 04:37:10'),(179,170,196,47,10,'OP-0028',NULL,0,3.85,0,'Lo usan para clases de meditación con motor apagado.','2025-05-13 21:43:44','2026-01-07 04:37:10'),(180,184,60,45,10,'JACJ-29',NULL,0,2.75,1,NULL,'2025-05-13 21:43:44','2026-01-07 04:37:10'),(181,180,262,52,10,'WN-0030','OH-1030',0,3.93,1,NULL,'2025-05-13 21:43:44','2026-01-07 04:37:10'),(182,213,208,46,10,'UIPO-31',NULL,0,3.10,1,NULL,'2025-05-13 21:43:44','2026-01-07 04:37:10'),(183,220,405,50,10,'BI-0032','JK-1032',0,3.97,1,NULL,'2025-05-13 21:43:44','2026-01-07 04:37:10'),(184,180,428,52,10,'FFCZ-33',NULL,0,4.14,1,NULL,'2025-05-13 21:43:44','2026-01-07 04:37:10'),(185,180,104,45,10,'LU-0034',NULL,0,4.17,1,NULL,'2025-05-13 21:43:44','2026-01-07 04:37:10'),(186,204,45,50,10,'HTZP-35','ZQQD-35',0,4.17,1,NULL,'2025-05-13 21:43:44','2026-01-07 04:37:10'),(187,198,334,48,10,'IG-0036',NULL,1,4.25,1,NULL,'2025-05-13 21:43:44','2026-01-07 04:37:10'),(188,203,341,50,10,'KXMX-37','PEXD-37',0,3.33,0,'Hace Uber de cargas en paralelo.','2025-05-13 21:43:44','2026-01-07 04:37:10'),(189,157,48,52,10,'IC-0038',NULL,0,3.13,1,NULL,'2025-05-13 21:43:44','2026-01-07 04:37:10'),(190,132,276,46,10,'MJVV-39','VOJU-39',1,3.99,1,NULL,'2025-05-13 21:43:44','2026-01-07 04:37:10'),(191,161,194,52,10,'WY-0040','VZ-1040',0,3.61,1,NULL,'2025-05-13 21:43:44','2026-01-07 04:37:10'),(192,221,363,45,10,'PZRZ-41',NULL,0,3.34,1,NULL,'2025-05-13 21:43:44','2026-01-07 04:37:10'),(193,151,366,47,10,'TP-0042','OF-1042',0,4.26,1,NULL,'2025-05-13 21:43:44','2026-01-07 04:37:10'),(194,153,299,47,10,'UEZL-43',NULL,0,3.88,1,NULL,'2025-05-13 21:43:44','2026-01-07 04:37:10'),(195,166,248,44,10,'CA-0044',NULL,1,2.62,1,NULL,'2025-05-13 21:43:44','2026-01-07 04:37:10'),(196,121,384,50,10,'WCMA-45','JEWW-45',0,2.85,0,'En proceso de transformarse en food truck de sushi.','2025-05-13 21:43:44','2026-01-07 04:37:10'),(197,191,304,51,10,'AD-0046','RD-1046',0,4.38,1,NULL,'2025-05-13 21:43:45','2026-01-07 04:37:10'),(198,220,444,52,10,'JIJH-47','PBXG-47',1,4.26,1,NULL,'2025-05-13 21:43:45','2026-01-07 04:37:10'),(199,212,137,47,10,'RL-0048','OJ-1048',1,3.52,1,NULL,'2025-05-13 21:43:45','2026-01-07 04:37:10'),(200,221,350,44,10,'YXVN-49','OIDT-49',0,2.71,1,NULL,'2025-05-13 21:43:45','2026-01-07 04:37:10'),(201,221,363,46,10,'OO-0050',NULL,0,3.31,1,NULL,'2025-05-13 21:43:45','2026-01-07 04:37:10'),(202,214,4,49,10,'TWWN-51',NULL,0,3.48,1,NULL,'2025-05-13 21:43:45','2026-01-07 04:37:10'),(203,119,49,51,10,'EO-0052','UC-1052',0,3.40,1,NULL,'2025-05-13 21:43:45','2026-01-07 04:37:10'),(204,115,308,46,10,'OUGE-53','CJWM-53',0,2.70,1,NULL,'2025-05-13 21:43:45','2026-01-07 04:37:10'),(205,161,485,44,10,'LA-0054','MN-1054',0,3.28,1,NULL,'2025-05-13 21:43:45','2026-01-07 04:37:10'),(206,140,443,44,10,'OCMU-55','GUNG-55',0,3.73,1,NULL,'2025-05-13 21:43:45','2026-01-07 04:37:10'),(207,204,243,49,10,'BK-0056',NULL,0,4.06,1,NULL,'2025-05-13 21:43:45','2026-01-07 04:37:10'),(208,180,428,51,10,'MJZO-57',NULL,0,3.76,1,NULL,'2025-05-13 21:43:45','2026-01-07 04:37:10'),(209,180,104,52,10,'OQ-0058',NULL,1,3.79,0,'Tiene crisis existencial: quiere ser lancha.','2025-05-13 21:43:45','2026-01-07 04:37:10'),(210,142,74,44,10,'APAG-59',NULL,0,3.08,1,NULL,'2025-05-13 21:43:46','2026-01-07 04:37:10'),(211,149,503,45,10,'RS-0060','UG-1060',0,4.03,1,NULL,'2025-05-13 21:43:46','2026-01-07 04:37:10'),(212,121,263,52,10,'RROY-61','EXTI-61',0,3.89,1,NULL,'2025-05-13 21:43:46','2026-01-07 04:37:10'),(213,188,199,47,10,'CR-0062','UL-1062',0,3.57,1,NULL,'2025-05-13 21:43:46','2026-01-07 04:37:10'),(214,223,445,46,10,'XQCZ-63',NULL,0,2.91,1,NULL,'2025-05-13 21:43:46','2026-01-07 04:37:10'),(215,121,51,49,10,'NK-0064',NULL,0,3.89,1,NULL,'2025-05-13 21:43:46','2026-01-07 04:37:10'),(216,124,476,46,10,'JITI-65',NULL,0,2.56,1,NULL,'2025-05-13 21:43:46','2026-01-07 04:37:10'),(217,156,93,46,10,'OB-0066','GB-1066',0,3.35,1,NULL,'2025-05-13 21:43:46','2026-01-07 04:37:10'),(218,144,125,51,10,'YKBD-67','RIUV-67',0,2.87,1,NULL,'2025-05-13 21:43:46','2026-01-07 04:37:10'),(219,180,428,47,10,'YO-0068',NULL,0,3.94,1,NULL,'2025-05-13 21:43:46','2026-01-07 04:37:10'),(220,128,459,44,10,'QHJT-69','YOEN-69',0,3.09,0,'Está haciendo el camino de Santiago... pero en reversa.','2025-05-13 21:43:46','2026-01-07 04:37:10'),(221,142,478,47,10,'ZM-0070',NULL,1,3.64,1,NULL,'2025-05-13 21:43:46','2026-01-07 04:37:10'),(222,122,322,50,10,'HEQB-71','SUQT-71',1,3.14,1,NULL,'2025-05-13 21:43:46','2026-01-07 04:37:10'),(223,204,287,47,10,'US-0072',NULL,1,3.29,1,NULL,'2025-05-13 21:43:46','2026-01-07 04:37:10'),(224,214,4,52,10,'PCZH-73',NULL,0,2.93,1,NULL,'2025-05-13 21:43:46','2026-01-07 04:37:10'),(225,207,483,50,10,'QV-0074',NULL,0,3.90,1,NULL,'2025-05-13 21:43:46','2026-01-07 04:37:10'),(226,212,186,50,10,'RFHZ-75','RRSY-75',0,3.91,1,NULL,'2025-05-13 21:43:46','2026-01-07 04:37:10'),(227,163,56,49,10,'NV-0076',NULL,0,3.77,1,NULL,'2025-05-13 21:43:46','2026-01-07 04:37:10'),(228,127,473,49,10,'TYLB-77',NULL,0,4.06,1,NULL,'2025-05-13 21:43:47','2026-01-07 04:37:10'),(229,212,336,52,10,'AS-0078','QZ-1078',0,2.59,0,'Tiene crisis existencial: quiere ser lancha.','2025-05-13 21:43:47','2026-01-07 04:37:10'),(230,142,430,44,10,'LVRM-79',NULL,0,3.66,1,NULL,'2025-05-13 21:43:47','2026-01-07 04:37:10'),(231,194,501,44,10,'HX-0080',NULL,0,2.65,1,NULL,'2025-05-13 21:43:47','2026-01-07 04:37:10'),(232,212,186,51,10,'QPKR-81','BEJX-81',0,3.86,1,NULL,'2025-05-13 21:43:47','2026-01-07 04:37:10'),(233,180,262,44,10,'PG-0082',NULL,1,3.10,1,NULL,'2025-05-13 21:43:47','2026-01-07 04:37:10'),(234,212,186,52,10,'RFBR-83','URJM-83',1,3.45,1,NULL,'2025-05-13 21:43:47','2026-01-07 04:37:10'),(235,125,498,52,10,'DS-0084','QD-1084',0,3.69,0,'Estacionado esperando que bajen los combustibles.','2025-05-13 21:43:47','2026-01-07 04:37:10'),(236,220,221,48,10,'EUPZ-85','XYMK-85',0,3.75,1,NULL,'2025-05-13 21:43:47','2026-01-07 04:37:10'),(237,170,155,51,10,'TN-0086','AQ-1086',0,4.39,1,NULL,'2025-05-13 21:43:47','2026-01-07 04:37:10'),(238,126,465,47,10,'NVZY-87','KCFJ-87',0,4.37,1,NULL,'2025-05-13 21:43:47','2026-01-07 04:37:10'),(239,222,111,46,10,'TF-0088',NULL,1,3.90,1,NULL,'2025-05-13 21:43:48','2026-01-07 04:37:10'),(240,187,80,52,10,'SHQP-89','SART-89',0,3.94,1,NULL,'2025-05-13 21:43:48','2026-01-07 04:37:10'),(241,181,135,50,10,'UU-0090',NULL,0,3.43,1,NULL,'2025-05-13 21:43:48','2026-01-07 04:37:10'),(242,125,171,46,10,'MUDQ-91',NULL,0,3.12,0,'En reparación por exceso de cumbia a bordo.','2025-05-13 21:43:48','2026-01-07 04:37:10'),(243,115,347,46,10,'JL-0092',NULL,0,2.85,1,NULL,'2025-05-13 21:43:48','2026-01-07 04:37:10'),(244,184,24,50,10,'MKGA-93',NULL,0,4.37,1,NULL,'2025-05-13 21:43:48','2026-01-07 04:37:10'),(245,154,144,49,10,'HA-0094',NULL,0,4.46,1,NULL,'2025-05-13 21:43:48','2026-01-07 04:37:10'),(246,214,217,49,10,'AOYC-95','TBNC-95',1,3.07,1,NULL,'2025-05-13 21:43:48','2026-01-07 04:37:10'),(247,142,103,47,10,'XJ-0096','NL-1096',0,3.38,1,NULL,'2025-05-13 21:43:48','2026-01-07 04:37:10'),(248,165,467,51,10,'PGUZ-97',NULL,0,3.00,1,NULL,'2025-05-13 21:43:48','2026-01-07 04:37:10'),(249,163,267,47,10,'KU-0098','EK-1098',0,4.49,1,NULL,'2025-05-13 21:43:48','2026-01-07 04:37:10'),(250,220,234,49,10,'JIIC-99',NULL,0,3.63,1,NULL,'2025-05-13 21:43:48','2026-01-07 04:37:10'),(251,149,140,52,10,'BX-0100',NULL,0,2.84,1,NULL,'2025-05-13 21:43:48','2026-01-07 04:37:10'),(252,142,478,51,10,'KLYR-01','EYBD-01',0,3.30,1,NULL,'2025-05-13 21:43:48','2026-01-07 04:37:10'),(253,124,440,45,10,'IO-0102',NULL,0,3.00,1,NULL,'2025-05-13 21:43:49','2026-01-07 04:37:10'),(254,153,419,47,10,'KRWY-03',NULL,0,3.11,0,'Ahora transporta unicornios imaginarios.','2025-05-13 21:43:49','2026-01-07 04:37:10'),(255,223,445,49,10,'GL-0104',NULL,0,2.58,1,NULL,'2025-05-13 21:43:49','2026-01-07 04:37:10'),(256,181,359,45,10,'LTKX-05',NULL,1,4.07,1,NULL,'2025-05-13 21:43:49','2026-01-07 04:37:10'),(257,149,503,52,10,'SJ-0106',NULL,0,3.22,1,NULL,'2025-05-13 21:43:49','2026-01-07 04:37:10'),(258,140,443,52,10,'IYIR-07',NULL,0,3.32,1,NULL,'2025-05-13 21:43:49','2026-01-07 04:37:10'),(259,118,320,49,10,'MW-0108','FZ-1108',0,4.42,1,NULL,'2025-05-13 21:43:49','2026-01-07 04:37:10'),(260,222,111,48,10,'BVBF-09','IFGD-09',0,3.49,1,NULL,'2025-05-13 21:43:49','2026-01-07 04:37:10'),(261,113,204,46,10,'YW-0110','FA-1110',0,4.37,1,NULL,'2025-05-13 21:43:49','2026-01-07 04:37:10'),(262,165,479,50,10,'SWMK-11',NULL,0,3.76,1,NULL,'2025-05-13 21:43:49','2026-01-07 04:37:10'),(263,121,84,45,10,'FF-0112',NULL,0,2.56,0,'Ahora vive en una comunidad ecológica sobre ruedas.','2025-05-13 21:43:49','2026-01-07 04:37:10'),(264,165,479,45,10,'BQEC-13','NOBY-13',0,4.34,1,NULL,'2025-05-13 21:43:49','2026-01-07 04:37:10'),(265,207,358,51,10,'OE-0114','AK-1114',0,3.69,1,NULL,'2025-05-13 21:43:49','2026-01-07 04:37:10'),(266,144,466,47,10,'BITQ-15','JCAM-15',0,3.99,1,NULL,'2025-05-13 21:43:49','2026-01-07 04:37:10'),(267,194,315,52,10,'LM-0116','RZ-1116',0,4.11,1,NULL,'2025-05-13 21:43:49','2026-01-07 04:37:10'),(268,118,321,44,10,'BNXL-17',NULL,0,4.42,1,NULL,'2025-05-13 21:43:49','2026-01-07 04:37:10'),(269,210,311,52,10,'NF-0118','DC-1118',0,4.40,0,'Tiene crisis existencial: quiere ser lancha.','2025-05-13 21:43:49','2026-01-07 04:37:10'),(270,163,52,44,10,'DSDL-19',NULL,0,3.20,1,NULL,'2025-05-13 21:43:49','2026-01-07 04:37:10'),(271,204,41,46,10,'OQ-0120',NULL,0,4.33,1,NULL,'2025-05-13 21:43:49','2026-01-07 04:37:10'),(272,119,49,49,10,'YSKF-21','PEVF-21',0,4.39,1,NULL,'2025-05-13 21:43:49','2026-01-07 04:37:10'),(273,222,17,51,10,'EK-0122','LR-1122',0,3.02,1,NULL,'2025-05-13 21:43:49','2026-01-07 04:37:10'),(274,121,384,44,10,'XVAX-23','NYQV-23',1,4.04,1,NULL,'2025-05-13 21:43:50','2026-01-07 04:37:10'),(275,204,228,46,10,'DM-0124',NULL,0,4.04,0,'Estacionado esperando que bajen los combustibles.','2025-05-13 21:43:50','2026-01-07 04:37:10'),(276,125,200,50,10,'TIAW-25','XPYQ-25',0,3.66,1,NULL,'2025-05-13 21:43:50','2026-01-07 04:37:10'),(277,165,455,46,10,'ZU-0126','CY-1126',0,3.63,1,NULL,'2025-05-13 21:43:50','2026-01-07 04:37:10'),(278,187,185,45,10,'CDLZ-27','OCYL-27',0,3.00,1,NULL,'2025-05-13 21:43:50','2026-01-07 04:37:10'),(279,203,382,48,10,'BM-0128',NULL,0,3.19,1,NULL,'2025-05-13 21:43:50','2026-01-07 04:37:10'),(280,207,483,45,10,'THPM-29','QCNV-29',0,3.54,1,NULL,'2025-05-13 21:43:50','2026-01-07 04:37:10'),(281,152,462,50,10,'PJ-0130',NULL,0,4.43,0,'Fue a buscar pan y no volvió.','2025-05-13 21:43:50','2026-01-07 04:37:10'),(282,118,320,49,10,'UGZQ-31','OKDS-31',0,4.48,1,NULL,'2025-05-13 21:43:50','2026-01-07 04:37:10'),(283,191,283,46,10,'PE-0132','KF-1132',0,2.61,1,NULL,'2025-05-13 21:43:50','2026-01-07 04:37:10'),(284,119,326,48,10,'RUMY-33',NULL,0,3.29,1,NULL,'2025-05-13 21:43:50','2026-01-07 04:37:10'),(285,191,493,47,10,'HN-0134',NULL,1,4.31,1,NULL,'2025-05-13 21:43:50','2026-01-07 04:37:10'),(286,154,344,50,10,'EWKP-35',NULL,0,4.40,0,'Se unió a un reality de transporte extremo.','2025-05-13 21:43:50','2026-01-07 04:37:10'),(287,214,133,49,10,'EY-0136',NULL,0,4.14,1,NULL,'2025-05-13 21:43:50','2026-01-07 04:37:10'),(288,153,167,45,10,'QRMM-37',NULL,0,3.06,1,NULL,'2025-05-13 21:43:50','2026-01-07 04:37:10'),(289,132,101,45,10,'PX-0138','HH-1138',0,4.09,1,NULL,'2025-05-13 21:43:50','2026-01-07 04:37:10'),(290,203,382,50,10,'LYJI-39','CXFG-39',0,3.24,0,'Le dio un infarto al GPS.','2025-05-13 21:43:50','2026-01-07 04:37:10'),(291,183,360,44,10,'CW-0140',NULL,1,3.01,1,NULL,'2025-05-13 21:43:50','2026-01-07 04:37:10'),(292,214,128,51,10,'TONQ-41','JLZW-41',0,3.77,1,NULL,'2025-05-13 21:43:51','2026-01-07 04:37:10'),(293,204,287,44,10,'BB-0142','JT-1142',0,3.59,1,NULL,'2025-05-13 21:43:51','2026-01-07 04:37:10'),(294,130,402,51,10,'OQAN-43',NULL,1,3.21,1,NULL,'2025-05-13 21:43:51','2026-01-07 04:37:10'),(295,188,64,50,10,'DN-0144',NULL,0,4.22,0,'Estacionado esperando que bajen los combustibles.','2025-05-13 21:43:51','2026-01-07 04:37:10'),(296,180,410,44,10,'HSQC-45','REJC-45',0,3.09,1,NULL,'2025-05-13 21:43:51','2026-01-07 04:37:10'),(297,203,348,47,10,'CP-0146',NULL,0,2.84,1,NULL,'2025-05-13 21:43:51','2026-01-07 04:37:10'),(298,128,124,44,10,'HRXS-47',NULL,0,3.42,1,NULL,'2025-05-13 21:43:51','2026-01-07 04:37:10'),(299,180,428,52,10,'PL-0148',NULL,0,3.80,1,NULL,'2025-05-13 21:43:51','2026-01-07 04:37:10'),(300,151,425,46,10,'ZEMY-49','JULO-49',0,4.50,0,'Está haciendo el camino de Santiago... pero en reversa.','2025-05-13 21:43:51','2026-01-07 04:37:10'),(301,203,211,47,10,'RO-0150',NULL,1,3.65,1,NULL,'2025-05-13 21:43:51','2026-01-07 04:37:10'),(302,222,138,52,10,'AS-1234','XY-9876',1,12.00,1,NULL,'2025-05-20 01:29:31','2026-01-07 04:37:10'),(307,223,70,44,10,'BCDF-12',NULL,1,20.02,1,NULL,'2026-01-07 15:22:24','2026-01-07 15:30:47');
/*!40000 ALTER TABLE `camiones` ENABLE KEYS */;
UNLOCK TABLES;

--
-- Table structure for table `catalogo_relaciones`
--

DROP TABLE IF EXISTS `catalogo_relaciones`;
/*!40101 SET @saved_cs_client     = @@character_set_client */;
/*!50503 SET character_set_client = utf8mb4 */;
CREATE TABLE `catalogo_relaciones` (
  `id` bigint(20) unsigned NOT NULL AUTO_INCREMENT,
  `valor_origen_id` bigint(20) unsigned NOT NULL,
  `valor_destino_id` bigint(20) unsigned NOT NULL,
  `tipo_relacion_id` bigint(20) unsigned NOT NULL,
  `created_at` timestamp NOT NULL DEFAULT current_timestamp(),
  `updated_at` timestamp NOT NULL DEFAULT current_timestamp() ON UPDATE current_timestamp(),
  `deleted_at` timestamp NULL DEFAULT NULL,
  PRIMARY KEY (`id`),
  KEY `catalogo_relaciones_valor_origen_id_foreign` (`valor_origen_id`),
  KEY `catalogo_relaciones_valor_destino_id_foreign` (`valor_destino_id`),
  KEY `catalogo_relaciones_tipo_relacion_id_foreign` (`tipo_relacion_id`),
  CONSTRAINT `catalogo_relaciones_tipo_relacion_id_foreign` FOREIGN KEY (`tipo_relacion_id`) REFERENCES `catalogos` (`id`),
  CONSTRAINT `catalogo_relaciones_valor_destino_id_foreign` FOREIGN KEY (`valor_destino_id`) REFERENCES `catalogos` (`id`) ON DELETE CASCADE,
  CONSTRAINT `catalogo_relaciones_valor_origen_id_foreign` FOREIGN KEY (`valor_origen_id`) REFERENCES `catalogos` (`id`) ON DELETE CASCADE
) ENGINE=InnoDB AUTO_INCREMENT=10 DEFAULT CHARSET=utf8mb4 COLLATE=utf8mb4_unicode_ci;
/*!40101 SET character_set_client = @saved_cs_client */;

--
-- Dumping data for table `catalogo_relaciones`
--

LOCK TABLES `catalogo_relaciones` WRITE;
/*!40000 ALTER TABLE `catalogo_relaciones` DISABLE KEYS */;
INSERT INTO `catalogo_relaciones` VALUES (1,56,44,57,'2025-05-18 19:52:17','2025-05-18 19:52:17',NULL),(2,56,45,57,'2025-05-18 19:52:17','2025-05-18 19:52:17',NULL),(3,56,46,57,'2025-05-18 19:52:18','2025-05-18 19:52:18',NULL),(4,56,47,57,'2025-05-18 19:52:18','2025-05-18 19:52:18',NULL),(5,56,48,57,'2025-05-18 19:52:18','2025-05-18 19:52:18',NULL),(6,55,49,57,'2025-05-18 19:52:18','2025-05-18 19:52:18',NULL),(7,55,50,57,'2025-05-18 19:52:18','2025-05-18 19:52:18',NULL),(8,55,51,57,'2025-05-18 19:52:18','2025-05-18 19:52:18',NULL),(9,54,52,57,'2025-05-18 19:52:18','2025-05-18 19:53:17',NULL);
/*!40000 ALTER TABLE `catalogo_relaciones` ENABLE KEYS */;
UNLOCK TABLES;

--
-- Table structure for table `catalogos`
--

DROP TABLE IF EXISTS `catalogos`;
/*!40101 SET @saved_cs_client     = @@character_set_client */;
/*!50503 SET character_set_client = utf8mb4 */;
CREATE TABLE `catalogos` (
  `id` bigint(20) unsigned NOT NULL AUTO_INCREMENT,
  `catalogo_id` bigint(20) unsigned DEFAULT NULL COMMENT 'Referencia al catálogo padre',
  `nombre` varchar(255) NOT NULL,
  `orden` int(11) NOT NULL DEFAULT 0,
  `activo` tinyint(1) NOT NULL DEFAULT 1,
  `created_at` timestamp NOT NULL DEFAULT current_timestamp(),
  `updated_at` timestamp NOT NULL DEFAULT current_timestamp() ON UPDATE current_timestamp(),
  `deleted_at` timestamp NULL DEFAULT NULL,
  PRIMARY KEY (`id`),
  KEY `catalogos_catalogo_id_foreign` (`catalogo_id`),
  CONSTRAINT `catalogos_catalogo_id_foreign` FOREIGN KEY (`catalogo_id`) REFERENCES `catalogos` (`id`) ON DELETE CASCADE
) ENGINE=InnoDB AUTO_INCREMENT=222 DEFAULT CHARSET=utf8mb4 COLLATE=utf8mb4_unicode_ci;
/*!40101 SET character_set_client = @saved_cs_client */;

--
-- Dumping data for table `catalogos`
--

LOCK TABLES `catalogos` WRITE;
/*!40000 ALTER TABLE `catalogos` DISABLE KEYS */;
INSERT INTO `catalogos` VALUES (0,NULL,'No especificado',0,1,'2025-06-19 21:49:22','2025-06-20 02:49:22',NULL),(1,NULL,'Rol de Usuario',1,1,'2025-05-19 20:02:44','2025-05-19 20:12:41',NULL),(20,NULL,'Tipo de Relación',2,1,'2025-05-15 20:19:02','2025-05-19 20:12:41',NULL),(21,NULL,'Zona de Sucursal',3,1,'2025-05-15 20:19:02','2025-05-19 20:12:41',NULL),(22,21,'Chiloe Norte',1,1,'2025-05-15 20:19:02','2025-05-15 20:19:02',NULL),(23,21,'Chiloe Centro',2,1,'2025-05-15 20:19:02','2025-05-15 20:19:02',NULL),(24,21,'Chiloe Sur',3,1,'2025-05-15 20:19:02','2025-05-15 20:19:02',NULL),(25,21,'Chin Chin',4,1,'2025-05-15 20:19:02','2025-05-15 20:19:02',NULL),(26,21,'Tepual',5,1,'2025-05-15 20:19:02','2025-05-15 20:19:02',NULL),(27,21,'Puerto Montt',6,1,'2025-05-15 20:19:02','2025-05-15 20:19:02',NULL),(28,21,'Decima Segunda',7,1,'2025-05-15 20:19:02','2025-05-15 20:19:02',NULL),(29,NULL,'Tipo de Sucursal',4,1,'2025-05-15 20:19:02','2025-05-19 20:12:41',NULL),(30,29,'Planta',1,1,'2025-05-15 20:19:02','2025-05-15 20:19:02',NULL),(31,NULL,'Tipo Empresa',5,1,'2025-05-15 20:19:03','2025-05-19 20:12:41',NULL),(32,31,'Productor',1,1,'2025-05-15 20:19:03','2025-05-18 18:47:15',NULL),(33,31,'Transportista',2,1,'2025-05-15 20:19:03','2025-05-15 20:19:03',NULL),(34,NULL,'Tipo Retiro',6,1,'2025-05-15 20:19:03','2025-05-19 20:12:41',NULL),(35,34,'Tolva',1,1,'2025-05-15 20:19:03','2025-05-15 20:19:03',NULL),(36,34,'Bins',2,1,'2025-05-15 20:19:03','2025-05-15 20:19:03',NULL),(37,NULL,'Tipo Especie',7,1,'2025-05-15 20:19:03','2025-05-19 20:12:41',NULL),(38,37,'Coho',2,1,'2025-05-15 20:19:03','2025-08-01 12:56:47',NULL),(39,37,'Salar',3,1,'2025-05-15 20:19:03','2025-08-01 12:56:47',NULL),(40,37,'Trucha',4,1,'2025-05-15 20:19:03','2025-08-01 12:56:47',NULL),(41,NULL,'Tipo Materia Prima',8,1,'2025-05-15 20:19:03','2025-05-19 20:12:41',NULL),(42,41,'Subproductos',1,1,'2025-05-15 20:19:03','2025-05-15 20:19:03',NULL),(43,NULL,'Tipo Camión',9,1,'2025-05-15 20:19:03','2025-05-19 20:12:41',NULL),(44,43,'Camion Simple',1,1,'2025-05-15 20:19:03','2025-05-18 19:46:16',NULL),(45,43,'Camion - Carro Plano',2,1,'2025-05-15 20:19:03','2025-05-18 19:46:16',NULL),(46,43,'Camión Grúa',3,1,'2025-05-15 20:19:04','2025-05-18 19:46:17',NULL),(47,43,'Rampa Frigorífica',4,1,'2025-05-15 20:19:04','2025-05-18 19:46:17',NULL),(48,43,'Rampa Plana',5,1,'2025-05-15 20:19:04','2025-05-18 19:46:17',NULL),(49,43,'Estanque 30000 Lt',6,1,'2025-05-15 20:19:04','2025-05-18 19:46:17',NULL),(50,43,'Estanque 15000 Lt',7,1,'2025-05-15 20:19:04','2025-05-18 19:46:17',NULL),(51,43,'Estanque 15000 Lt - Carro',8,1,'2025-05-15 20:19:04','2025-05-18 19:46:17',NULL),(52,43,'Batea',9,1,'2025-05-15 20:19:04','2025-05-18 19:46:16',NULL),(53,NULL,'Grupo de Tipo Camión',10,1,'2025-05-15 20:19:04','2025-05-19 20:12:41',NULL),(54,53,'BT',1,1,'2025-05-15 20:19:04','2025-05-18 19:46:16',NULL),(55,53,'TK',2,1,'2025-05-15 20:19:04','2025-05-18 19:46:17',NULL),(56,53,'BIN',3,1,'2025-05-15 20:19:04','2025-05-18 19:46:16',NULL),(57,20,'Agrupa',1,1,'2025-05-15 20:25:09','2025-05-16 01:33:42',NULL),(61,1,'Solicitante Planta',1,1,'2025-05-19 15:19:50','2025-05-25 22:18:46',NULL),(62,1,'Solicitante Productor',3,1,'2025-05-19 15:19:51','2026-02-11 19:04:51',NULL),(63,1,'Personal Gerencia',4,1,'2025-05-19 15:19:51','2026-02-11 19:04:51',NULL),(64,1,'Personal Producción',5,1,'2025-05-19 15:19:51','2026-02-11 19:04:51',NULL),(65,1,'Personal Calidad',6,1,'2025-05-19 15:19:51','2026-02-11 19:04:51',NULL),(66,1,'Coordinador',7,1,'2025-05-19 15:19:51','2026-02-11 19:04:51',NULL),(67,1,'Personal Mantención',9,1,'2025-05-19 15:19:51','2026-02-11 19:04:51',NULL),(68,1,'Personal Romana',10,1,'2025-05-19 15:19:51','2026-02-11 19:04:51',NULL),(69,1,'Administrador IT',11,1,'2025-05-19 15:19:50','2026-02-11 19:04:51',NULL),(70,1,'Coordinador XII',8,1,'2025-12-15 07:55:05','2026-02-11 19:04:51',NULL),(71,1,'Solicitante Planta XII',2,1,'2026-02-11 19:04:51','2026-02-11 19:04:51',NULL),(90,NULL,'Estados de Retiro',11,1,'2025-06-08 21:00:00','2025-06-08 21:00:00',NULL),(91,90,'Esperando',1,1,'2025-06-08 21:09:37','2025-06-12 22:23:19',NULL),(92,90,'Comentado',2,1,'2025-06-08 21:09:37','2025-06-12 22:23:19',NULL),(93,90,'Aceptado',3,1,'2025-06-08 21:09:37','2025-06-12 22:23:19',NULL),(94,90,'Planificado',4,1,'2025-06-08 21:09:37','2025-06-12 22:23:19',NULL),(95,90,'Programado',5,1,'2025-06-08 21:09:37','2025-06-19 21:53:39',NULL),(96,90,'Terminado',6,1,'2025-06-08 21:09:37','2025-06-19 21:53:39',NULL),(97,90,'Cancelado',7,1,'2025-06-19 16:49:54','2025-06-19 21:53:39',NULL),(110,NULL,'Motivos de Cambio en Planificación',12,1,'2025-06-23 04:25:45','2025-06-23 04:25:45',NULL),(111,110,'Cambio de Fecha/Hora de Retiro',1,1,'2025-06-22 23:28:37','2025-08-08 06:33:10',NULL),(112,110,'Cambio en Horas de Viaje',2,1,'2025-06-22 23:28:37','2025-06-22 23:28:37',NULL),(113,110,'Cambio de ETA',3,1,'2025-06-22 23:28:37','2025-06-22 23:28:37',NULL),(114,110,'Cambio de Materia Prima',4,1,'2025-06-22 23:28:37','2025-06-22 23:28:37',NULL),(115,110,'Cambio de Especie',5,1,'2025-06-22 23:28:38','2025-06-22 23:28:38',NULL),(116,110,'Cambio de Existencia de Restricción',6,1,'2025-06-22 23:28:38','2025-06-22 23:28:38',NULL),(117,110,'Cambio de Camión',7,1,'2025-06-22 23:28:38','2025-06-22 23:28:38',NULL),(118,110,'Cambio de Rampla',8,1,'2025-06-22 23:28:38','2025-06-22 23:28:38',NULL),(119,110,'Cambio de Cantidad de Bins a Reponer',9,1,'2025-06-22 23:28:38','2025-06-22 23:28:38',NULL),(120,110,'Cambio de Conductor',10,1,'2025-06-22 23:28:38','2025-06-22 23:28:38',NULL),(130,NULL,'Región Operativa',13,1,'2025-12-15 07:39:51','2025-12-15 07:39:51',NULL),(140,NULL,'Tipo Transporte',14,1,'2025-12-15 07:39:51','2025-12-15 07:39:51',NULL),(150,NULL,'Tipo Rampla',15,1,'2025-12-15 07:39:51','2025-12-15 07:39:51',NULL),(160,NULL,'Capacidad Rampla',16,1,'2025-12-15 07:39:51','2025-12-15 07:39:51',NULL),(170,NULL,'Estado Rampla',17,1,'2025-12-15 07:39:51','2025-12-15 07:39:51',NULL),(178,41,'Mortalidad',2,1,'2025-08-01 12:54:41','2025-08-01 12:54:41',NULL),(179,37,'No Informado',1,1,'2025-08-01 12:56:47','2025-08-01 12:56:47',NULL),(180,NULL,'No especificado',0,1,'2025-06-20 01:49:22','2025-06-20 06:49:22',NULL),(190,NULL,'Motivos de Cambio en Planificación XII Región',18,1,'2025-12-15 07:39:51','2025-12-15 07:39:51',NULL),(191,130,'X Región',1,1,'2025-12-15 07:41:57','2025-12-15 07:41:57',NULL),(192,130,'XII Región',2,1,'2025-12-15 07:41:57','2025-12-15 07:41:57',NULL),(193,140,'Tierra',1,1,'2025-12-15 07:42:19','2025-12-15 07:42:19',NULL),(194,140,'Barcaza',2,1,'2025-12-15 07:42:19','2025-12-15 07:42:19',NULL),(196,150,'Rifer',1,1,'2025-12-15 07:42:40','2025-12-15 07:42:40',NULL),(197,150,'Rampla',2,1,'2025-12-15 07:42:40','2025-12-15 07:42:40',NULL),(198,160,'28 bins (Rampla)',1,1,'2025-12-15 07:43:04','2025-12-15 07:43:04',NULL),(199,160,'36 bins (Rifer)',2,1,'2025-12-15 07:43:04','2025-12-15 07:43:04',NULL),(200,170,'En Planta Origen',1,1,'2025-12-15 07:44:00','2025-12-15 07:44:00',NULL),(201,170,'En Puerto',2,1,'2025-12-15 07:44:00','2025-12-15 07:44:00',NULL),(202,170,'En Tránsito Marítimo',3,1,'2025-12-15 07:44:00','2025-12-15 07:44:00',NULL),(203,170,'En Tránsito Terrestre',4,1,'2025-12-15 07:44:00','2025-12-15 07:44:00',NULL),(204,170,'Arribada a Puerto Montt',5,1,'2025-12-15 07:44:00','2025-12-15 07:44:00',NULL),(205,170,'Asignada a Camión',6,1,'2025-12-15 07:44:00','2025-12-15 07:44:00',NULL),(206,170,'Entregada en Planta La Portada',7,1,'2025-12-15 07:44:00','2025-12-15 07:44:00',NULL),(207,190,'Cambio de Fecha/Hora de Retiro',1,1,'2025-12-15 07:47:30','2025-12-15 07:47:30',NULL),(208,190,'Cambio en Horas de Viaje',2,1,'2025-12-15 07:47:30','2025-12-15 07:47:30',NULL),(209,190,'Cambio de ETA',3,1,'2025-12-15 07:47:30','2025-12-15 07:47:30',NULL),(210,190,'Cambio de Materia Prima',4,1,'2025-12-15 07:47:30','2025-12-15 07:47:30',NULL),(211,190,'Cambio de Especie',5,1,'2025-12-15 07:47:30','2025-12-15 07:47:30',NULL),(212,190,'Cambio de Existencia de Restricción',6,1,'2025-12-15 07:47:30','2025-12-15 07:47:30',NULL),(213,190,'Cambio de Camión',7,1,'2025-12-15 07:47:30','2025-12-15 07:47:30',NULL),(214,190,'Cambio de Rampla',8,1,'2025-12-15 07:47:30','2025-12-15 07:47:30',NULL),(215,190,'Cambio de Cantidad de Bins a Reponer',9,1,'2025-12-15 07:47:30','2025-12-15 07:47:30',NULL),(216,190,'Cambio de Conductor',10,1,'2025-12-15 07:47:30','2025-12-15 07:47:30',NULL),(217,190,'Retraso por Barcaza',11,1,'2025-12-15 07:47:30','2025-12-15 07:47:30',NULL),(218,190,'Retraso por Clima',12,1,'2025-12-15 07:47:30','2025-12-15 07:47:30',NULL),(219,190,'Reasignación de Camión',13,1,'2025-12-15 07:47:30','2025-12-15 07:47:30',NULL),(220,190,'Cambio de Fecha de Embarque',14,1,'2025-12-15 07:47:30','2025-12-15 07:47:30',NULL),(221,190,'Cambio de Modalidad de Transporte',15,1,'2025-12-15 07:47:30','2025-12-15 07:47:30',NULL);
/*!40000 ALTER TABLE `catalogos` ENABLE KEYS */;
UNLOCK TABLES;

--
-- Table structure for table `comunas`
--

DROP TABLE IF EXISTS `comunas`;
/*!40101 SET @saved_cs_client     = @@character_set_client */;
/*!50503 SET character_set_client = utf8mb4 */;
CREATE TABLE `comunas` (
  `id` bigint(20) unsigned NOT NULL AUTO_INCREMENT,
  `nombre` varchar(255) NOT NULL,
  `region_id` bigint(20) unsigned NOT NULL,
  `created_at` timestamp NULL DEFAULT NULL,
  `updated_at` timestamp NULL DEFAULT NULL,
  PRIMARY KEY (`id`),
  KEY `comunas_region_id_foreign` (`region_id`),
  CONSTRAINT `comunas_region_id_foreign` FOREIGN KEY (`region_id`) REFERENCES `regiones` (`id`) ON UPDATE CASCADE
) ENGINE=InnoDB AUTO_INCREMENT=348 DEFAULT CHARSET=utf8mb4 COLLATE=utf8mb4_unicode_ci;
/*!40101 SET character_set_client = @saved_cs_client */;

--
-- Dumping data for table `comunas`
--

LOCK TABLES `comunas` WRITE;
/*!40000 ALTER TABLE `comunas` DISABLE KEYS */;
INSERT INTO `comunas` VALUES (0,'No especificado',0,'2025-06-19 22:06:01','2025-06-19 22:06:01'),(1,'Iquique',1,'2025-05-12 05:37:46','2025-05-12 05:37:46'),(2,'Alto Hospicio',1,'2025-05-12 05:37:46','2025-05-12 05:37:46'),(3,'Pozo Almonte',1,'2025-05-12 05:37:46','2025-05-12 05:37:46'),(4,'Camiña',1,'2025-05-12 05:37:46','2025-05-12 05:37:46'),(5,'Colchane',1,'2025-05-12 05:37:46','2025-05-12 05:37:46'),(6,'Huara',1,'2025-05-12 05:37:46','2025-05-12 05:37:46'),(7,'Pica',1,'2025-05-12 05:37:46','2025-05-12 05:37:46'),(8,'Antofagasta',2,'2025-05-12 05:37:46','2025-05-12 05:37:46'),(9,'Mejillones',2,'2025-05-12 05:37:46','2025-05-12 05:37:46'),(10,'Sierra Gorda',2,'2025-05-12 05:37:46','2025-05-12 05:37:46'),(11,'Taltal',2,'2025-05-12 05:37:46','2025-05-12 05:37:46'),(12,'Calama',2,'2025-05-12 05:37:46','2025-05-12 05:37:46'),(13,'Ollagüe',2,'2025-05-12 05:37:46','2025-05-12 05:37:46'),(14,'San Pedro de Atacama',2,'2025-05-12 05:37:46','2025-05-12 05:37:46'),(15,'Tocopilla',2,'2025-05-12 05:37:46','2025-05-12 05:37:46'),(16,'María Elena',2,'2025-05-12 05:37:46','2025-05-12 05:37:46'),(17,'Copiapó',3,'2025-05-12 05:37:46','2025-05-12 05:37:46'),(18,'Caldera',3,'2025-05-12 05:37:46','2025-05-12 05:37:46'),(19,'Tierra Amarilla',3,'2025-05-12 05:37:46','2025-05-12 05:37:46'),(20,'Chañaral',3,'2025-05-12 05:37:46','2025-05-12 05:37:46'),(21,'Diego de Almagro',3,'2025-05-12 05:37:46','2025-05-12 05:37:46'),(22,'Vallenar',3,'2025-05-12 05:37:46','2025-05-12 05:37:46'),(23,'Alto del Carmen',3,'2025-05-12 05:37:46','2025-05-12 05:37:46'),(24,'Freirina',3,'2025-05-12 05:37:46','2025-05-12 05:37:46'),(25,'Huasco',3,'2025-05-12 05:37:46','2025-05-12 05:37:46'),(26,'La Serena',4,'2025-05-12 05:37:46','2025-05-12 05:37:46'),(27,'Coquimbo',4,'2025-05-12 05:37:46','2025-05-12 05:37:46'),(28,'Andacollo',4,'2025-05-12 05:37:46','2025-05-12 05:37:46'),(29,'La Higuera',4,'2025-05-12 05:37:46','2025-05-12 05:37:46'),(30,'Paihuano',4,'2025-05-12 05:37:46','2025-05-12 05:37:46'),(31,'Vicuña',4,'2025-05-12 05:37:46','2025-05-12 05:37:46'),(32,'Illapel',4,'2025-05-12 05:37:46','2025-05-12 05:37:46'),(33,'Canela',4,'2025-05-12 05:37:46','2025-05-12 05:37:46'),(34,'Los Vilos',4,'2025-05-12 05:37:46','2025-05-12 05:37:46'),(35,'Salamanca',4,'2025-05-12 05:37:46','2025-05-12 05:37:46'),(36,'Ovalle',4,'2025-05-12 05:37:46','2025-05-12 05:37:46'),(37,'Combarbalá',4,'2025-05-12 05:37:46','2025-05-12 05:37:46'),(38,'Monte Patria',4,'2025-05-12 05:37:46','2025-05-12 05:37:46'),(39,'Punitaqui',4,'2025-05-12 05:37:46','2025-05-12 05:37:46'),(40,'Río Hurtado',4,'2025-05-12 05:37:46','2025-05-12 05:37:46'),(41,'Valparaíso',5,'2025-05-12 05:37:46','2025-05-12 05:37:46'),(42,'Casablanca',5,'2025-05-12 05:37:46','2025-05-12 05:37:46'),(43,'Concón',5,'2025-05-12 05:37:46','2025-05-12 05:37:46'),(44,'Juan Fernández',5,'2025-05-12 05:37:46','2025-05-12 05:37:46'),(45,'Puchuncaví',5,'2025-05-12 05:37:46','2025-05-12 05:37:46'),(46,'Quintero',5,'2025-05-12 05:37:46','2025-05-12 05:37:46'),(47,'Viña del Mar',5,'2025-05-12 05:37:46','2025-05-12 05:37:46'),(48,'Isla de Pascua',5,'2025-05-12 05:37:46','2025-05-12 05:37:46'),(49,'Los Andes',5,'2025-05-12 05:37:46','2025-05-12 05:37:46'),(50,'Calle Larga',5,'2025-05-12 05:37:46','2025-05-12 05:37:46'),(51,'Rinconada',5,'2025-05-12 05:37:46','2025-05-12 05:37:46'),(52,'San Esteban',5,'2025-05-12 05:37:46','2025-05-12 05:37:46'),(53,'La Ligua',5,'2025-05-12 05:37:46','2025-05-12 05:37:46'),(54,'Cabildo',5,'2025-05-12 05:37:46','2025-05-12 05:37:46'),(55,'Papudo',5,'2025-05-12 05:37:46','2025-05-12 05:37:46'),(56,'Petorca',5,'2025-05-12 05:37:46','2025-05-12 05:37:46'),(57,'Zapallar',5,'2025-05-12 05:37:46','2025-05-12 05:37:46'),(58,'Quillota',5,'2025-05-12 05:37:46','2025-05-12 05:37:46'),(59,'La Calera',5,'2025-05-12 05:37:46','2025-05-12 05:37:46'),(60,'Hijuelas',5,'2025-05-12 05:37:46','2025-05-12 05:37:46'),(61,'La Cruz',5,'2025-05-12 05:37:46','2025-05-12 05:37:46'),(62,'Nogales',5,'2025-05-12 05:37:46','2025-05-12 05:37:46'),(63,'San Antonio',5,'2025-05-12 05:37:46','2025-05-12 05:37:46'),(64,'Algarrobo',5,'2025-05-12 05:37:46','2025-05-12 05:37:46'),(65,'Cartagena',5,'2025-05-12 05:37:46','2025-05-12 05:37:46'),(66,'El Quisco',5,'2025-05-12 05:37:46','2025-05-12 05:37:46'),(67,'El Tabo',5,'2025-05-12 05:37:46','2025-05-12 05:37:46'),(68,'Santo Domingo',5,'2025-05-12 05:37:46','2025-05-12 05:37:46'),(69,'San Felipe',5,'2025-05-12 05:37:46','2025-05-12 05:37:46'),(70,'Catemu',5,'2025-05-12 05:37:46','2025-05-12 05:37:46'),(71,'Llay Llay',5,'2025-05-12 05:37:46','2025-05-12 05:37:46'),(72,'Panquehue',5,'2025-05-12 05:37:46','2025-05-12 05:37:46'),(73,'Putaendo',5,'2025-05-12 05:37:46','2025-05-12 05:37:46'),(74,'Santa María',5,'2025-05-12 05:37:46','2025-05-12 05:37:46'),(75,'Quilpué',5,'2025-05-12 05:37:46','2025-05-12 05:37:46'),(76,'Limache',5,'2025-05-12 05:37:46','2025-05-12 05:37:46'),(77,'Olmué',5,'2025-05-12 05:37:46','2025-05-12 05:37:46'),(78,'Villa Alemana',5,'2025-05-12 05:37:46','2025-05-12 05:37:46'),(79,'Rancagua',6,'2025-05-12 05:37:46','2025-05-12 05:37:46'),(80,'Codegua',6,'2025-05-12 05:37:46','2025-05-12 05:37:46'),(81,'Coinco',6,'2025-05-12 05:37:46','2025-05-12 05:37:46'),(82,'Coltauco',6,'2025-05-12 05:37:46','2025-05-12 05:37:46'),(83,'Doñihue',6,'2025-05-12 05:37:46','2025-05-12 05:37:46'),(84,'Graneros',6,'2025-05-12 05:37:46','2025-05-12 05:37:46'),(85,'Las Cabras',6,'2025-05-12 05:37:46','2025-05-12 05:37:46'),(86,'Machalí',6,'2025-05-12 05:37:46','2025-05-12 05:37:46'),(87,'Malloa',6,'2025-05-12 05:37:46','2025-05-12 05:37:46'),(88,'Mostazal',6,'2025-05-12 05:37:46','2025-05-12 05:37:46'),(89,'Olivar',6,'2025-05-12 05:37:46','2025-05-12 05:37:46'),(90,'Peumo',6,'2025-05-12 05:37:46','2025-05-12 05:37:46'),(91,'Pichidegua',6,'2025-05-12 05:37:46','2025-05-12 05:37:46'),(92,'Quinta de Tilcoco',6,'2025-05-12 05:37:46','2025-05-12 05:37:46'),(93,'Rengo',6,'2025-05-12 05:37:46','2025-05-12 05:37:46'),(94,'Requínoa',6,'2025-05-12 05:37:46','2025-05-12 05:37:46'),(95,'San Vicente',6,'2025-05-12 05:37:46','2025-05-12 05:37:46'),(96,'Pichilemu',6,'2025-05-12 05:37:46','2025-05-12 05:37:46'),(97,'La Estrella',6,'2025-05-12 05:37:46','2025-05-12 05:37:46'),(98,'Litueche',6,'2025-05-12 05:37:46','2025-05-12 05:37:46'),(99,'Marchihue',6,'2025-05-12 05:37:46','2025-05-12 05:37:46'),(100,'Navidad',6,'2025-05-12 05:37:46','2025-05-12 05:37:46'),(101,'Paredones',6,'2025-05-12 05:37:46','2025-05-12 05:37:46'),(102,'San Fernando',6,'2025-05-12 05:37:46','2025-05-12 05:37:46'),(103,'Chépica',6,'2025-05-12 05:37:46','2025-05-12 05:37:46'),(104,'Chimbarongo',6,'2025-05-12 05:37:46','2025-05-12 05:37:46'),(105,'Lolol',6,'2025-05-12 05:37:46','2025-05-12 05:37:46'),(106,'Nancagua',6,'2025-05-12 05:37:46','2025-05-12 05:37:46'),(107,'Palmilla',6,'2025-05-12 05:37:46','2025-05-12 05:37:46'),(108,'Peralillo',6,'2025-05-12 05:37:46','2025-05-12 05:37:46'),(109,'Placilla',6,'2025-05-12 05:37:46','2025-05-12 05:37:46'),(110,'Pumanque',6,'2025-05-12 05:37:46','2025-05-12 05:37:46'),(111,'Santa Cruz',6,'2025-05-12 05:37:46','2025-05-12 05:37:46'),(112,'Talca',7,'2025-05-12 05:37:46','2025-05-12 05:37:46'),(113,'Constitución',7,'2025-05-12 05:37:46','2025-05-12 05:37:46'),(114,'Curepto',7,'2025-05-12 05:37:46','2025-05-12 05:37:46'),(115,'Empedrado',7,'2025-05-12 05:37:46','2025-05-12 05:37:46'),(116,'Maule',7,'2025-05-12 05:37:46','2025-05-12 05:37:46'),(117,'Pelarco',7,'2025-05-12 05:37:46','2025-05-12 05:37:46'),(118,'Pencahue',7,'2025-05-12 05:37:46','2025-05-12 05:37:46'),(119,'Río Claro',7,'2025-05-12 05:37:46','2025-05-12 05:37:46'),(120,'San Clemente',7,'2025-05-12 05:37:46','2025-05-12 05:37:46'),(121,'San Rafael',7,'2025-05-12 05:37:46','2025-05-12 05:37:46'),(122,'Cauquenes',7,'2025-05-12 05:37:46','2025-05-12 05:37:46'),(123,'Chanco',7,'2025-05-12 05:37:46','2025-05-12 05:37:46'),(124,'Pelluhue',7,'2025-05-12 05:37:46','2025-05-12 05:37:46'),(125,'Curicó',7,'2025-05-12 05:37:46','2025-05-12 05:37:46'),(126,'Hualañé',7,'2025-05-12 05:37:46','2025-05-12 05:37:46'),(127,'Licantén',7,'2025-05-12 05:37:46','2025-05-12 05:37:46'),(128,'Molina',7,'2025-05-12 05:37:46','2025-05-12 05:37:46'),(129,'Rauco',7,'2025-05-12 05:37:46','2025-05-12 05:37:46'),(130,'Romeral',7,'2025-05-12 05:37:46','2025-05-12 05:37:46'),(131,'Sagrada Familia',7,'2025-05-12 05:37:46','2025-05-12 05:37:46'),(132,'Teno',7,'2025-05-12 05:37:46','2025-05-12 05:37:46'),(133,'Vichuquén',7,'2025-05-12 05:37:46','2025-05-12 05:37:46'),(134,'Linares',7,'2025-05-12 05:37:46','2025-05-12 05:37:46'),(135,'Colbún',7,'2025-05-12 05:37:46','2025-05-12 05:37:46'),(136,'Longaví',7,'2025-05-12 05:37:46','2025-05-12 05:37:46'),(137,'Parral',7,'2025-05-12 05:37:46','2025-05-12 05:37:46'),(138,'Retiro',7,'2025-05-12 05:37:46','2025-05-12 05:37:46'),(139,'San Javier',7,'2025-05-12 05:37:46','2025-05-12 05:37:46'),(140,'Villa Alegre',7,'2025-05-12 05:37:46','2025-05-12 05:37:46'),(141,'Yerbas Buenas',7,'2025-05-12 05:37:46','2025-05-12 05:37:46'),(142,'Concepción',8,'2025-05-12 05:37:46','2025-05-12 05:37:46'),(143,'Coronel',8,'2025-05-12 05:37:46','2025-05-12 05:37:46'),(144,'Chiguayante',8,'2025-05-12 05:37:46','2025-05-12 05:37:46'),(145,'Florida',8,'2025-05-12 05:37:46','2025-05-12 05:37:46'),(146,'Hualqui',8,'2025-05-12 05:37:46','2025-05-12 05:37:46'),(147,'Lota',8,'2025-05-12 05:37:46','2025-05-12 05:37:46'),(148,'Penco',8,'2025-05-12 05:37:46','2025-05-12 05:37:46'),(149,'San Pedro de la Paz',8,'2025-05-12 05:37:46','2025-05-12 05:37:46'),(150,'Santa Juana',8,'2025-05-12 05:37:46','2025-05-12 05:37:46'),(151,'Talcahuano',8,'2025-05-12 05:37:46','2025-05-12 05:37:46'),(152,'Tomé',8,'2025-05-12 05:37:46','2025-05-12 05:37:46'),(153,'Hualpén',8,'2025-05-12 05:37:46','2025-05-12 05:37:46'),(154,'Lebu',8,'2025-05-12 05:37:46','2025-05-12 05:37:46'),(155,'Arauco',8,'2025-05-12 05:37:46','2025-05-12 05:37:46'),(156,'Cañete',8,'2025-05-12 05:37:46','2025-05-12 05:37:46'),(157,'Contulmo',8,'2025-05-12 05:37:46','2025-05-12 05:37:46'),(158,'Curanilahue',8,'2025-05-12 05:37:46','2025-05-12 05:37:46'),(159,'Los Álamos',8,'2025-05-12 05:37:46','2025-05-12 05:37:46'),(160,'Tirúa',8,'2025-05-12 05:37:46','2025-05-12 05:37:46'),(161,'Los Ángeles',8,'2025-05-12 05:37:46','2025-05-12 05:37:46'),(162,'Antuco',8,'2025-05-12 05:37:46','2025-05-12 05:37:46'),(163,'Cabrero',8,'2025-05-12 05:37:46','2025-05-12 05:37:46'),(164,'Laja',8,'2025-05-12 05:37:46','2025-05-12 05:37:46'),(165,'Mulchén',8,'2025-05-12 05:37:46','2025-05-12 05:37:46'),(166,'Nacimiento',8,'2025-05-12 05:37:46','2025-05-12 05:37:46'),(167,'Negrete',8,'2025-05-12 05:37:46','2025-05-12 05:37:46'),(168,'Quilaco',8,'2025-05-12 05:37:46','2025-05-12 05:37:46'),(169,'Quilleco',8,'2025-05-12 05:37:46','2025-05-12 05:37:46'),(170,'San Rosendo',8,'2025-05-12 05:37:46','2025-05-12 05:37:46'),(171,'Santa Bárbara',8,'2025-05-12 05:37:46','2025-05-12 05:37:46'),(172,'Tucapel',8,'2025-05-12 05:37:46','2025-05-12 05:37:46'),(173,'Yumbel',8,'2025-05-12 05:37:46','2025-05-12 05:37:46'),(174,'Alto Biobío',8,'2025-05-12 05:37:46','2025-05-12 05:37:46'),(175,'Chillán',8,'2025-05-12 05:37:46','2025-05-12 05:37:46'),(176,'Bulnes',8,'2025-05-12 05:37:46','2025-05-12 05:37:46'),(177,'Cobquecura',8,'2025-05-12 05:37:46','2025-05-12 05:37:46'),(178,'Coelemu',8,'2025-05-12 05:37:46','2025-05-12 05:37:46'),(179,'Coihueco',8,'2025-05-12 05:37:46','2025-05-12 05:37:46'),(180,'Chillán Viejo',8,'2025-05-12 05:37:46','2025-05-12 05:37:46'),(181,'El Carmen',8,'2025-05-12 05:37:46','2025-05-12 05:37:46'),(182,'Ninhue',8,'2025-05-12 05:37:46','2025-05-12 05:37:46'),(183,'Ñiquén',8,'2025-05-12 05:37:46','2025-05-12 05:37:46'),(184,'Pemuco',8,'2025-05-12 05:37:46','2025-05-12 05:37:46'),(185,'Pinto',8,'2025-05-12 05:37:46','2025-05-12 05:37:46'),(186,'Portezuelo',8,'2025-05-12 05:37:46','2025-05-12 05:37:46'),(187,'Quillón',8,'2025-05-12 05:37:46','2025-05-12 05:37:46'),(188,'Quirihue',8,'2025-05-12 05:37:46','2025-05-12 05:37:46'),(189,'Ránquil',8,'2025-05-12 05:37:46','2025-05-12 05:37:46'),(190,'San Carlos',8,'2025-05-12 05:37:46','2025-05-12 05:37:46'),(191,'San Fabián',8,'2025-05-12 05:37:46','2025-05-12 05:37:46'),(192,'San Ignacio',8,'2025-05-12 05:37:46','2025-05-12 05:37:46'),(193,'San Nicolás',8,'2025-05-12 05:37:46','2025-05-12 05:37:46'),(194,'Treguaco',8,'2025-05-12 05:37:46','2025-05-12 05:37:46'),(195,'Yungay',8,'2025-05-12 05:37:46','2025-05-12 05:37:46'),(196,'Temuco',9,'2025-05-12 05:37:46','2025-05-12 05:37:46'),(197,'Carahue',9,'2025-05-12 05:37:46','2025-05-12 05:37:46'),(198,'Cunco',9,'2025-05-12 05:37:46','2025-05-12 05:37:46'),(199,'Curarrehue',9,'2025-05-12 05:37:46','2025-05-12 05:37:46'),(200,'Freire',9,'2025-05-12 05:37:46','2025-05-12 05:37:46'),(201,'Galvarino',9,'2025-05-12 05:37:46','2025-05-12 05:37:46'),(202,'Gorbea',9,'2025-05-12 05:37:46','2025-05-12 05:37:46'),(203,'Lautaro',9,'2025-05-12 05:37:46','2025-05-12 05:37:46'),(204,'Loncoche',9,'2025-05-12 05:37:46','2025-05-12 05:37:46'),(205,'Melipeuco',9,'2025-05-12 05:37:46','2025-05-12 05:37:46'),(206,'Nueva Imperial',9,'2025-05-12 05:37:46','2025-05-12 05:37:46'),(207,'Padre las Casas',9,'2025-05-12 05:37:46','2025-05-12 05:37:46'),(208,'Perquenco',9,'2025-05-12 05:37:46','2025-05-12 05:37:46'),(209,'Pitrufquén',9,'2025-05-12 05:37:46','2025-05-12 05:37:46'),(210,'Pucón',9,'2025-05-12 05:37:46','2025-05-12 05:37:46'),(211,'Saavedra',9,'2025-05-12 05:37:46','2025-05-12 05:37:46'),(212,'Teodoro Schmidt',9,'2025-05-12 05:37:46','2025-05-12 05:37:46'),(213,'Toltén',9,'2025-05-12 05:37:46','2025-05-12 05:37:46'),(214,'Vilcún',9,'2025-05-12 05:37:46','2025-05-12 05:37:46'),(215,'Villarrica',9,'2025-05-12 05:37:46','2025-05-12 05:37:46'),(216,'Cholchol',9,'2025-05-12 05:37:46','2025-05-12 05:37:46'),(217,'Angol',9,'2025-05-12 05:37:46','2025-05-12 05:37:46'),(218,'Collipulli',9,'2025-05-12 05:37:46','2025-05-12 05:37:46'),(219,'Curacautín',9,'2025-05-12 05:37:46','2025-05-12 05:37:46'),(220,'Ercilla',9,'2025-05-12 05:37:46','2025-05-12 05:37:46'),(221,'Lonquimay',9,'2025-05-12 05:37:46','2025-05-12 05:37:46'),(222,'Los Sauces',9,'2025-05-12 05:37:46','2025-05-12 05:37:46'),(223,'Lumaco',9,'2025-05-12 05:37:46','2025-05-12 05:37:46'),(224,'Purén',9,'2025-05-12 05:37:46','2025-05-12 05:37:46'),(225,'Renaico',9,'2025-05-12 05:37:46','2025-05-12 05:37:46'),(226,'Traiguén',9,'2025-05-12 05:37:46','2025-05-12 05:37:46'),(227,'Victoria',9,'2025-05-12 05:37:46','2025-05-12 05:37:46'),(228,'Puerto Montt',10,'2025-05-12 05:37:46','2025-05-12 05:37:46'),(229,'Calbuco',10,'2025-05-12 05:37:46','2025-05-12 05:37:46'),(230,'Cochamó',10,'2025-05-12 05:37:46','2025-05-12 05:37:46'),(231,'Fresia',10,'2025-05-12 05:37:46','2025-05-12 05:37:46'),(232,'Frutillar',10,'2025-05-12 05:37:46','2025-05-12 05:37:46'),(233,'Los Muermos',10,'2025-05-12 05:37:46','2025-05-12 05:37:46'),(234,'Llanquihue',10,'2025-05-12 05:37:46','2025-05-12 05:37:46'),(235,'Maullín',10,'2025-05-12 05:37:46','2025-05-12 05:37:46'),(236,'Puerto Varas',10,'2025-05-12 05:37:46','2025-05-12 05:37:46'),(237,'Castro',10,'2025-05-12 05:37:46','2025-05-12 05:37:46'),(238,'Ancud',10,'2025-05-12 05:37:46','2025-05-12 05:37:46'),(239,'Chonchi',10,'2025-05-12 05:37:46','2025-05-12 05:37:46'),(240,'Curaco de Vélez',10,'2025-05-12 05:37:46','2025-05-12 05:37:46'),(241,'Dalcahue',10,'2025-05-12 05:37:46','2025-05-12 05:37:46'),(242,'Puqueldón',10,'2025-05-12 05:37:46','2025-05-12 05:37:46'),(243,'Queilén',10,'2025-05-12 05:37:46','2025-05-12 05:37:46'),(244,'Quellón',10,'2025-05-12 05:37:46','2025-05-12 05:37:46'),(245,'Quemchi',10,'2025-05-12 05:37:46','2025-05-12 05:37:46'),(246,'Quinchao',10,'2025-05-12 05:37:46','2025-05-12 05:37:46'),(247,'Osorno',10,'2025-05-12 05:37:46','2025-05-12 05:37:46'),(248,'Puerto Octay',10,'2025-05-12 05:37:46','2025-05-12 05:37:46'),(249,'Purranque',10,'2025-05-12 05:37:46','2025-05-12 05:37:46'),(250,'Puyehue',10,'2025-05-12 05:37:46','2025-05-12 05:37:46'),(251,'Río Negro',10,'2025-05-12 05:37:46','2025-05-12 05:37:46'),(252,'San Juan de la Costa',10,'2025-05-12 05:37:46','2025-05-12 05:37:46'),(253,'San Pablo',10,'2025-05-12 05:37:46','2025-05-12 05:37:46'),(254,'Chaitén',10,'2025-05-12 05:37:46','2025-05-12 05:37:46'),(255,'Futaleufú',10,'2025-05-12 05:37:46','2025-05-12 05:37:46'),(256,'Hualaihué',10,'2025-05-12 05:37:46','2025-05-12 05:37:46'),(257,'Palena',10,'2025-05-12 05:37:46','2025-05-12 05:37:46'),(258,'Coyhaique',11,'2025-05-12 05:37:46','2025-05-12 05:37:46'),(259,'Lago Verde',11,'2025-05-12 05:37:46','2025-05-12 05:37:46'),(260,'Aysén',11,'2025-05-12 05:37:46','2025-05-12 05:37:46'),(261,'Cisnes',11,'2025-05-12 05:37:46','2025-05-12 05:37:46'),(262,'Guaitecas',11,'2025-05-12 05:37:46','2025-05-12 05:37:46'),(263,'Cochrane',11,'2025-05-12 05:37:46','2025-05-12 05:37:46'),(264,'O´Higgins',11,'2025-05-12 05:37:46','2025-05-12 05:37:46'),(265,'Tortel',11,'2025-05-12 05:37:46','2025-05-12 05:37:46'),(266,'Chile Chico',11,'2025-05-12 05:37:46','2025-05-12 05:37:46'),(267,'Río Ibáñez',11,'2025-05-12 05:37:46','2025-05-12 05:37:46'),(268,'Punta Arenas',12,'2025-05-12 05:37:46','2025-05-12 05:37:46'),(269,'Laguna Blanca',12,'2025-05-12 05:37:46','2025-05-12 05:37:46'),(270,'Río Verde',12,'2025-05-12 05:37:46','2025-05-12 05:37:46'),(271,'San Gregorio',12,'2025-05-12 05:37:46','2025-05-12 05:37:46'),(272,'Cabo de Hornos',12,'2025-05-12 05:37:46','2025-05-12 05:37:46'),(273,'Antártica',12,'2025-05-12 05:37:46','2025-05-12 05:37:46'),(274,'Porvenir',12,'2025-05-12 05:37:46','2025-05-12 05:37:46'),(275,'Primavera',12,'2025-05-12 05:37:46','2025-05-12 05:37:46'),(276,'Timaukel',12,'2025-05-12 05:37:46','2025-05-12 05:37:46'),(277,'Natales',12,'2025-05-12 05:37:46','2025-05-12 05:37:46'),(278,'Torres del Paine',12,'2025-05-12 05:37:46','2025-05-12 05:37:46'),(279,'Santiago',13,'2025-05-12 05:37:46','2025-05-12 05:37:46'),(280,'Cerrillos',13,'2025-05-12 05:37:46','2025-05-12 05:37:46'),(281,'Cerro Navia',13,'2025-05-12 05:37:46','2025-05-12 05:37:46'),(282,'Conchalí',13,'2025-05-12 05:37:46','2025-05-12 05:37:46'),(283,'El Bosque',13,'2025-05-12 05:37:46','2025-05-12 05:37:46'),(284,'Estación Central',13,'2025-05-12 05:37:46','2025-05-12 05:37:46'),(285,'Huechuraba',13,'2025-05-12 05:37:46','2025-05-12 05:37:46'),(286,'Independencia',13,'2025-05-12 05:37:46','2025-05-12 05:37:46'),(287,'La Cisterna',13,'2025-05-12 05:37:46','2025-05-12 05:37:46'),(288,'La Florida',13,'2025-05-12 05:37:46','2025-05-12 05:37:46'),(289,'La Granja',13,'2025-05-12 05:37:46','2025-05-12 05:37:46'),(290,'La Pintana',13,'2025-05-12 05:37:46','2025-05-12 05:37:46'),(291,'La Reina',13,'2025-05-12 05:37:46','2025-05-12 05:37:46'),(292,'Las Condes',13,'2025-05-12 05:37:46','2025-05-12 05:37:46'),(293,'Lo Barnechea',13,'2025-05-12 05:37:46','2025-05-12 05:37:46'),(294,'Lo Espejo',13,'2025-05-12 05:37:46','2025-05-12 05:37:46'),(295,'Lo Prado',13,'2025-05-12 05:37:46','2025-05-12 05:37:46'),(296,'Macul',13,'2025-05-12 05:37:46','2025-05-12 05:37:46'),(297,'Maipú',13,'2025-05-12 05:37:46','2025-05-12 05:37:46'),(298,'Ñuñoa',13,'2025-05-12 05:37:46','2025-05-12 05:37:46'),(299,'Pedro Aguirre Cerda',13,'2025-05-12 05:37:46','2025-05-12 05:37:46'),(300,'Peñalolén',13,'2025-05-12 05:37:46','2025-05-12 05:37:46'),(301,'Providencia',13,'2025-05-12 05:37:46','2025-05-12 05:37:46'),(302,'Pudahuel',13,'2025-05-12 05:37:46','2025-05-12 05:37:46'),(303,'Quilicura',13,'2025-05-12 05:37:46','2025-05-12 05:37:46'),(304,'Quinta Normal',13,'2025-05-12 05:37:46','2025-05-12 05:37:46'),(305,'Recoleta',13,'2025-05-12 05:37:46','2025-05-12 05:37:46'),(306,'Renca',13,'2025-05-12 05:37:46','2025-05-12 05:37:46'),(307,'San Joaquín',13,'2025-05-12 05:37:46','2025-05-12 05:37:46'),(308,'San Miguel',13,'2025-05-12 05:37:46','2025-05-12 05:37:46'),(309,'San Ramón',13,'2025-05-12 05:37:46','2025-05-12 05:37:46'),(310,'Vitacura',13,'2025-05-12 05:37:46','2025-05-12 05:37:46'),(311,'Puente Alto',13,'2025-05-12 05:37:46','2025-05-12 05:37:46'),(312,'Pirque',13,'2025-05-12 05:37:46','2025-05-12 05:37:46'),(313,'San José de Maipo',13,'2025-05-12 05:37:46','2025-05-12 05:37:46'),(314,'Colina',13,'2025-05-12 05:37:46','2025-05-12 05:37:46'),(315,'Lampa',13,'2025-05-12 05:37:46','2025-05-12 05:37:46'),(316,'Tiltil',13,'2025-05-12 05:37:46','2025-05-12 05:37:46'),(317,'San Bernardo',13,'2025-05-12 05:37:46','2025-05-12 05:37:46'),(318,'Buin',13,'2025-05-12 05:37:46','2025-05-12 05:37:46'),(319,'Calera de Tango',13,'2025-05-12 05:37:46','2025-05-12 05:37:46'),(320,'Paine',13,'2025-05-12 05:37:46','2025-05-12 05:37:46'),(321,'Melipilla',13,'2025-05-12 05:37:46','2025-05-12 05:37:46'),(322,'Alhué',13,'2025-05-12 05:37:46','2025-05-12 05:37:46'),(323,'Curacaví',13,'2025-05-12 05:37:46','2025-05-12 05:37:46'),(324,'María Pinto',13,'2025-05-12 05:37:46','2025-05-12 05:37:46'),(325,'San Pedro',13,'2025-05-12 05:37:46','2025-05-12 05:37:46'),(326,'Talagante',13,'2025-05-12 05:37:46','2025-05-12 05:37:46'),(327,'El Monte',13,'2025-05-12 05:37:46','2025-05-12 05:37:46'),(328,'Isla de Maipo',13,'2025-05-12 05:37:46','2025-05-12 05:37:46'),(329,'Padre Hurtado',13,'2025-05-12 05:37:46','2025-05-12 05:37:46'),(330,'Peñaflor',13,'2025-05-12 05:37:46','2025-05-12 05:37:46'),(331,'Valdivia',14,'2025-05-12 05:37:46','2025-05-12 05:37:46'),(332,'Corral',14,'2025-05-12 05:37:46','2025-05-12 05:37:46'),(333,'Lanco',14,'2025-05-12 05:37:46','2025-05-12 05:37:46'),(334,'Los Lagos',14,'2025-05-12 05:37:46','2025-05-12 05:37:46'),(335,'Máfil',14,'2025-05-12 05:37:46','2025-05-12 05:37:46'),(336,'Mariquina',14,'2025-05-12 05:37:46','2025-05-12 05:37:46'),(337,'Paillaco',14,'2025-05-12 05:37:46','2025-05-12 05:37:46'),(338,'Panguipulli',14,'2025-05-12 05:37:46','2025-05-12 05:37:46'),(339,'La Unión',14,'2025-05-12 05:37:46','2025-05-12 05:37:46'),(340,'Futrono',14,'2025-05-12 05:37:46','2025-05-12 05:37:46'),(341,'Lago Ranco',14,'2025-05-12 05:37:46','2025-05-12 05:37:46'),(342,'Río Bueno',14,'2025-05-12 05:37:46','2025-05-12 05:37:46'),(343,'Arica',15,'2025-05-12 05:37:46','2025-05-12 05:37:46'),(344,'Camarones',15,'2025-05-12 05:37:46','2025-05-12 05:37:46'),(345,'Putre',15,'2025-05-12 05:37:46','2025-05-12 05:37:46'),(346,'General Lagos',15,'2025-05-12 05:37:46','2025-05-12 05:37:46');
/*!40000 ALTER TABLE `comunas` ENABLE KEYS */;
UNLOCK TABLES;

--
-- Table structure for table `conductores`
--

DROP TABLE IF EXISTS `conductores`;
/*!40101 SET @saved_cs_client     = @@character_set_client */;
/*!50503 SET character_set_client = utf8mb4 */;
CREATE TABLE `conductores` (
  `id` bigint(20) unsigned NOT NULL AUTO_INCREMENT,
  `empresa_id` bigint(20) unsigned NOT NULL,
  `region_operativa_id` bigint(20) unsigned NOT NULL DEFAULT 0,
  `rut` varchar(20) NOT NULL,
  `nombre` varchar(255) NOT NULL,
  `apellido` varchar(255) NOT NULL,
  `telefono` varchar(255) DEFAULT NULL,
  `telegram_chat_id` varchar(255) DEFAULT NULL,
  `activo` tinyint(1) NOT NULL DEFAULT 1,
  `observacion_inactividad` text DEFAULT NULL,
  `created_at` timestamp NOT NULL DEFAULT current_timestamp(),
  `updated_at` timestamp NOT NULL DEFAULT current_timestamp() ON UPDATE current_timestamp(),
  PRIMARY KEY (`id`),
  UNIQUE KEY `conductores_region_rut_unique` (`region_operativa_id`,`rut`),
  UNIQUE KEY `conductores_region_nombre_apellido_unique` (`region_operativa_id`,`nombre`,`apellido`),
  KEY `conductores_empresa_id_foreign` (`empresa_id`),
  CONSTRAINT `conductores_empresa_id_foreign` FOREIGN KEY (`empresa_id`) REFERENCES `empresas` (`id`),
  CONSTRAINT `conductores_region_operativa_id_foreign` FOREIGN KEY (`region_operativa_id`) REFERENCES `regiones` (`id`) ON UPDATE CASCADE
) ENGINE=InnoDB AUTO_INCREMENT=510 DEFAULT CHARSET=utf8mb4 COLLATE=utf8mb4_unicode_ci;
/*!40101 SET character_set_client = @saved_cs_client */;

--
-- Dumping data for table `conductores`
--

LOCK TABLES `conductores` WRITE;
/*!40000 ALTER TABLE `conductores` DISABLE KEYS */;
INSERT INTO `conductores` VALUES (0,0,10,'0-0','CONDUCTOR','NO ESPECIFICADO',NULL,'7480394263',1,NULL,'2025-06-19 22:14:25','2026-01-06 17:37:26'),(1,118,10,'6305682-0','Dominic','Toretto','987654321',NULL,1,'','2025-05-13 20:39:37','2026-01-06 17:37:26'),(2,222,10,'16656082-9','Brian','O\'Conner','987654321','7480394263',1,NULL,'2025-05-13 20:40:14','2026-01-06 17:37:26'),(3,180,10,'8599597-9','Juan','Zalazar','987654321','7480394263',1,NULL,'2025-05-13 20:41:16','2026-01-06 17:37:26'),(4,214,10,'10.131.035-3','Matt','Kihn','900000001','7480394263',1,NULL,'2025-05-13 20:59:19','2026-01-06 17:37:26'),(5,187,10,'10.209.043-8','Salvatore','Blick','900000002','7480394263',1,NULL,'2025-05-13 20:59:19','2026-01-06 17:37:26'),(6,121,10,'10.272.324-4','Paul','Hettinger','900000003','7480394263',1,NULL,'2025-05-13 20:59:19','2026-01-06 17:37:26'),(7,161,10,'19.347.548-5','Grover','McKenzie','900000004','7480394263',1,NULL,'2025-05-13 20:59:19','2026-01-06 17:37:26'),(8,127,10,'19.333.767-8','Katarina','Schmidt','900000005','7480394263',1,NULL,'2025-05-13 20:59:19','2026-01-06 17:37:26'),(9,214,10,'11.225.202-9','Maxwell','Heidenreich','900000006','7480394263',1,NULL,'2025-05-13 20:59:19','2026-01-06 17:37:26'),(10,165,10,'11.731.353-0','Manley','Pfannerstill','900000007','7480394263',0,'Prefirió el mundo del circo.','2025-05-13 20:59:19','2026-01-06 17:37:26'),(11,180,10,'2.127.004-0','Manuela','Howe','900000008','7480394263',1,NULL,'2025-05-13 20:59:19','2026-01-06 17:37:26'),(12,144,10,'23.476.277-K','Jonathon','Rice','900000009','7480394263',1,NULL,'2025-05-13 20:59:19','2026-01-06 17:37:26'),(13,166,10,'24.337.222-4','Ayana','Lesch','900000010','7480394263',1,NULL,'2025-05-13 20:59:19','2026-01-06 17:37:26'),(14,208,10,'15.612.613-6','Milan','Green','900000011','7480394263',1,NULL,'2025-05-13 20:59:19','2026-01-06 17:37:26'),(15,181,10,'2.167.180-0','Rory','Rowe','900000012','7480394263',1,NULL,'2025-05-13 20:59:19','2026-01-06 17:37:26'),(16,184,10,'12.005.540-2','Paul','Murazik','900000013','7480394263',1,NULL,'2025-05-13 20:59:19','2026-01-06 17:37:26'),(17,222,10,'19.820.417-K','Bernhard','Sanford','900000014','7480394263',1,NULL,'2025-05-13 20:59:20','2026-01-06 17:37:26'),(18,165,10,'4.696.150-1','Kassandra','Barrows','900000015','7480394263',1,NULL,'2025-05-13 20:59:20','2026-01-06 17:37:26'),(19,204,10,'12.156.198-0','Patrick','Predovic','900000016','7480394263',1,NULL,'2025-05-13 20:59:20','2026-01-06 17:37:26'),(20,187,10,'24.909.748-9','Rowan','Lueilwitz','900000017','7480394263',1,NULL,'2025-05-13 20:59:20','2026-01-06 17:37:26'),(21,170,10,'22.049.860-3','Rupert','Runolfsdottir','900000018','7480394263',1,NULL,'2025-05-13 20:59:20','2026-01-06 17:37:26'),(22,119,10,'19.127.795-3','Skye','Champlin','900000019','7480394263',1,NULL,'2025-05-13 20:59:20','2026-01-06 17:37:26'),(23,213,10,'9.579.505-6','Luna','Hills','900000020','7480394263',1,NULL,'2025-05-13 20:59:20','2026-01-06 17:37:26'),(24,184,10,'14.603.115-3','Travon','Adams','900000021','7480394263',1,NULL,'2025-05-13 20:59:20','2026-01-06 17:37:26'),(25,188,10,'13.261.540-3','Jaquan','Dicki','900000022','7480394263',1,NULL,'2025-05-13 20:59:20','2026-01-06 17:37:26'),(26,181,10,'10.523.054-0','Jaylen','Collier','900000023','7480394263',1,NULL,'2025-05-13 20:59:20','2026-01-06 17:37:26'),(27,124,10,'9.956.145-9','Michael','Heidenreich','900000024','7480394263',0,'Renunció para estudiar canto gregoriano.','2025-05-13 20:59:20','2026-01-06 17:37:26'),(28,200,10,'21.806.095-1','Cristal','Kling','900000025','7480394263',1,NULL,'2025-05-13 20:59:20','2026-01-06 17:37:26'),(29,153,10,'6.515.683-0','Adrian','Wolf','900000026','7480394263',1,NULL,'2025-05-13 20:59:20','2026-01-06 17:37:26'),(30,222,10,'22.465.622-K','Baron','Boyle','900000027','7480394263',1,NULL,'2025-05-13 20:59:20','2026-01-06 17:37:26'),(31,212,10,'20.446.818-4','Devan','Lesch','900000028','7480394263',1,NULL,'2025-05-13 20:59:20','2026-01-06 17:37:26'),(32,200,10,'9.899.639-7','Isaac','Corkery','900000029','7480394263',1,NULL,'2025-05-13 20:59:20','2026-01-06 17:37:26'),(33,223,10,'20.194.369-8','Natalie','Fisher','900000030','7480394263',1,NULL,'2025-05-13 20:59:20','2026-01-06 17:37:26'),(34,219,10,'23.001.194-K','Carlo','Jacobi','900000031','7480394263',1,NULL,'2025-05-13 20:59:20','2026-01-06 17:37:26'),(35,124,10,'9.797.292-3','Hollis','Dooley','900000032','7480394263',1,NULL,'2025-05-13 20:59:20','2026-01-06 17:37:26'),(36,161,10,'7.846.528-K','John','Hills','900000033','7480394263',1,NULL,'2025-05-13 20:59:21','2026-01-06 17:37:26'),(37,122,10,'4.171.915-K','Maynard','Miller','900000034','7480394263',1,NULL,'2025-05-13 20:59:21','2026-01-06 17:37:26'),(38,166,10,'14.494.741-K','Eve','Willms','900000035','7480394263',1,NULL,'2025-05-13 20:59:21','2026-01-06 17:37:26'),(39,144,10,'20.084.312-6','Dominic','Flatley','900000036','7480394263',1,NULL,'2025-05-13 20:59:21','2026-01-06 17:37:26'),(40,154,10,'4.299.854-0','Stanton','Runolfsson','900000037','7480394263',1,NULL,'2025-05-13 20:59:21','2026-01-06 17:37:26'),(41,204,10,'18.799.760-7','Sim','Schiller','900000038','7480394263',1,NULL,'2025-05-13 20:59:21','2026-01-06 17:37:26'),(42,142,10,'9.950.725-K','Gerhard','Schinner','900000039','7480394263',0,'Se hizo streamer de camiones en Twitch.','2025-05-13 20:59:21','2026-01-06 17:37:26'),(43,152,10,'9.212.827-K','Phoebe','Hoeger','900000040','7480394263',1,NULL,'2025-05-13 20:59:21','2026-01-06 17:37:26'),(44,198,10,'3.272.464-7','Maxwell','Lesch','900000041','7480394263',1,NULL,'2025-05-13 20:59:21','2026-01-06 17:37:26'),(45,204,10,'15.187.808-3','Donald','Kohler','900000042','7480394263',1,NULL,'2025-05-13 20:59:21','2026-01-06 17:37:26'),(46,125,10,'8.082.387-8','Kristopher','O\'Conner','900000043','7480394263',1,NULL,'2025-05-13 20:59:21','2026-01-06 17:37:26'),(47,203,10,'6.501.223-5','Erling','Feeney','900000044','7480394263',1,NULL,'2025-05-13 20:59:21','2026-01-06 17:37:26'),(48,157,10,'9.816.896-6','Myrtle','Deckow','900000045','7480394263',1,NULL,'2025-05-13 20:59:21','2026-01-06 17:37:26'),(49,119,10,'18.321.990-1','Scotty','Wuckert','900000046','7480394263',1,NULL,'2025-05-13 20:59:21','2026-01-06 17:37:26'),(50,214,10,'24.352.207-2','Wyman','Bednar','900000047','7480394263',1,NULL,'2025-05-13 20:59:21','2026-01-06 17:37:26'),(51,121,10,'1.628.828-4','Ernest','Cassin','900000048','7480394263',1,NULL,'2025-05-13 20:59:21','2026-01-06 17:37:26'),(52,163,10,'9.627.010-0','Orlo','Sporer','900000049','7480394263',1,NULL,'2025-05-13 20:59:21','2026-01-06 17:37:26'),(53,219,10,'15.770.449-4','Zola','Harvey','900000050','7480394263',1,NULL,'2025-05-13 20:59:21','2026-01-06 17:37:26'),(54,127,10,'5.885.383-6','Tyrese','Graham','900000051','7480394263',1,NULL,'2025-05-13 20:59:21','2026-01-06 17:37:26'),(55,132,10,'5.846.688-3','Ephraim','Labadie','900000052','7480394263',1,NULL,'2025-05-13 20:59:22','2026-01-06 17:37:26'),(56,163,10,'16.063.896-6','Xavier','Kuhic','900000053','7480394263',1,NULL,'2025-05-13 20:59:22','2026-01-06 17:37:26'),(57,161,10,'21.411.472-0','Santino','Medhurst','900000054','7480394263',1,NULL,'2025-05-13 20:59:22','2026-01-06 17:37:26'),(58,130,10,'6.094.868-2','Jodie Ane','Wintheiser','900000055','7480394263',1,NULL,'2025-05-13 20:59:22','2026-01-06 17:37:26'),(59,140,10,'3.196.814-3','Doyle','Lang','900000056','7480394263',0,'En entrenamiento para Ironman en Chiloé.','2025-05-13 20:59:22','2026-01-06 17:37:26'),(60,184,10,'9.692.765-7','Drake','Vandervort','900000057','7480394263',1,NULL,'2025-05-13 20:59:22','2026-01-06 17:37:26'),(61,168,10,'6.402.583-K','Jeffrey','Von','900000058','7480394263',1,NULL,'2025-05-13 20:59:22','2026-01-06 17:37:26'),(62,152,10,'16.982.091-0','Patrick','Auer','900000059','7480394263',1,NULL,'2025-05-13 20:59:22','2026-01-06 17:37:26'),(63,130,10,'17.170.422-7','Josefa','Barton','900000060','7480394263',1,NULL,'2025-05-13 20:59:22','2026-01-06 17:37:26'),(64,188,10,'11.695.776-0','Fern','Kub','900000061','7480394263',1,NULL,'2025-05-13 20:59:22','2026-01-06 17:37:26'),(65,168,10,'17.473.146-2','Kelley','Grady','900000062','7480394263',1,NULL,'2025-05-13 20:59:22','2026-01-06 17:37:26'),(66,113,10,'19.614.741-1','Nicholas','Johnson','900000063','7480394263',1,NULL,'2025-05-13 20:59:22','2026-01-06 17:37:26'),(67,161,10,'10.745.172-2','Coleman','Miller','900000064','7480394263',1,NULL,'2025-05-13 20:59:22','2026-01-06 17:37:26'),(68,124,10,'4.323.878-7','Aisha','Schamberger','900000065','7480394263',1,NULL,'2025-05-13 20:59:22','2026-01-06 17:37:26'),(69,123,10,'13.563.062-4','Jaydon','Lebsack','900000066','7480394263',1,NULL,'2025-05-13 20:59:22','2026-01-06 17:37:26'),(70,223,10,'9.456.951-6','Aidan','Satterfield','900000067','7480394263',1,NULL,'2025-05-13 20:59:22','2026-01-06 17:37:26'),(71,200,10,'9.645.823-1','Winfield','Monahan','900000068','7480394263',1,NULL,'2025-05-13 20:59:22','2026-01-06 17:37:26'),(72,157,10,'6.901.779-7','Gregorio','Monahan','900000069','7480394263',1,NULL,'2025-05-13 20:59:22','2026-01-06 17:37:26'),(73,191,10,'17.912.398-3','Marianne','Pagac','900000070','7480394263',1,NULL,'2025-05-13 20:59:22','2026-01-06 17:37:26'),(74,142,10,'21.926.211-6','Bailey','Windler','900000071','7480394263',1,NULL,'2025-05-13 20:59:22','2026-01-06 17:37:26'),(75,122,10,'19.919.703-7','Graham','Gerhold','900000072','7480394263',0,'Está en búsqueda espiritual en el Cajón del Maipo.','2025-05-13 20:59:22','2026-01-06 17:37:26'),(76,122,10,'24.243.627-K','Nick','Predovic','900000073','7480394263',1,NULL,'2025-05-13 20:59:22','2026-01-06 17:37:26'),(77,122,10,'19.114.162-8','Maximillian','Lind','900000074','7480394263',1,NULL,'2025-05-13 20:59:22','2026-01-06 17:37:26'),(78,125,10,'9.363.597-3','Wilma','Carter','900000075','7480394263',1,NULL,'2025-05-13 20:59:22','2026-01-06 17:37:26'),(79,198,10,'5.065.592-K','Bradford','Kerluke','900000076','7480394263',1,NULL,'2025-05-13 20:59:22','2026-01-06 17:37:26'),(80,187,10,'7.990.735-9','Dusty','Senger','900000077','7480394263',1,NULL,'2025-05-13 20:59:22','2026-01-06 17:37:26'),(81,113,10,'7.538.487-4','Jennings','Weissnat','900000078','7480394263',1,NULL,'2025-05-13 20:59:22','2026-01-06 17:37:26'),(82,154,10,'4.329.253-6','Tristian','Turcotte','900000079','7480394263',1,NULL,'2025-05-13 20:59:22','2026-01-06 17:37:26'),(83,125,10,'1.014.629-1','Adella','Howe','900000080','7480394263',1,NULL,'2025-05-13 20:59:23','2026-01-06 17:37:26'),(84,121,10,'20.030.773-9','Rick','Vandervort','900000081','7480394263',1,NULL,'2025-05-13 20:59:23','2026-01-06 17:37:26'),(85,132,10,'6.690.388-5','Kian','Wolff','900000082','7480394263',1,NULL,'2025-05-13 20:59:23','2026-01-06 17:37:26'),(86,149,10,'5.349.002-6','Boris','Barrows','900000083','7480394263',1,NULL,'2025-05-13 20:59:23','2026-01-06 17:37:26'),(87,113,10,'3.793.163-2','Cordell','Crist','900000084','7480394263',1,NULL,'2025-05-13 20:59:23','2026-01-06 17:37:26'),(88,125,10,'24.657.387-5','Alia','Hilpert','900000085','7480394263',1,NULL,'2025-05-13 20:59:23','2026-01-06 17:37:26'),(89,214,10,'11.906.102-4','Dalton','Homenick','900000086','7480394263',1,NULL,'2025-05-13 20:59:23','2026-01-06 17:37:26'),(90,156,10,'24.550.469-1','Daryl','Wiegand','900000087','7480394263',1,NULL,'2025-05-13 20:59:23','2026-01-06 17:37:26'),(91,191,10,'9.988.995-0','Caleb','Strosin','900000088','7480394263',1,NULL,'2025-05-13 20:59:23','2026-01-06 17:37:26'),(92,194,10,'9.692.125-K','Preston','Baumbach','900000089','7480394263',1,NULL,'2025-05-13 20:59:23','2026-01-06 17:37:26'),(93,156,10,'11.377.592-0','Ciara','Leannon','900000090','7480394263',1,NULL,'2025-05-13 20:59:23','2026-01-06 17:37:26'),(94,219,10,'15.811.377-5','Jayce','Torphy','900000091','7480394263',0,'Dejó todo para buscar a Godzilla.','2025-05-13 20:59:23','2026-01-06 17:37:26'),(95,113,10,'19.975.242-1','Andres','Jacobs','900000092','7480394263',1,NULL,'2025-05-13 20:59:23','2026-01-06 17:37:26'),(96,187,10,'15.217.662-7','Stevie','Bednar','900000093','7480394263',1,NULL,'2025-05-13 20:59:23','2026-01-06 17:37:26'),(97,198,10,'21.938.535-8','Monserrat','Schiller','900000094','7480394263',1,NULL,'2025-05-13 20:59:23','2026-01-06 17:37:26'),(98,200,10,'4.993.284-7','Hettie','Legros','900000095','7480394263',1,NULL,'2025-05-13 20:59:23','2026-01-06 17:37:26'),(99,181,10,'12.728.057-6','Gabriel','Cormier','900000096','7480394263',1,NULL,'2025-05-13 20:59:23','2026-01-06 17:37:26'),(100,191,10,'22.657.858-7','Davin','Pfeffer','900000097','7480394263',1,NULL,'2025-05-13 20:59:23','2026-01-06 17:37:26'),(101,132,10,'12.877.411-4','Ray','Ledner','900000098','7480394263',1,NULL,'2025-05-13 20:59:23','2026-01-06 17:37:26'),(102,187,10,'2.810.556-8','Reece','Auer','900000099','7480394263',1,NULL,'2025-05-13 20:59:23','2026-01-06 17:37:26'),(103,142,10,'7.160.865-4','Freda','Schulist','900000000','7480394263',1,NULL,'2025-05-13 20:59:24','2026-01-06 17:37:26'),(104,180,10,'21.888.553-5','Alexis','Ondricka','900000001','7480394263',1,NULL,'2025-05-13 20:59:24','2026-01-06 17:37:26'),(105,198,10,'13.472.433-1','Taylor','Spinka','900000002','7480394263',1,NULL,'2025-05-13 20:59:24','2026-01-06 17:37:26'),(106,200,10,'14.601.690-1','Walton','Rosenbaum','900000003','7480394263',1,NULL,'2025-05-13 20:59:24','2026-01-06 17:37:26'),(107,156,10,'8.713.975-1','Brown','Raynor','900000004','7480394263',1,NULL,'2025-05-13 20:59:24','2026-01-06 17:37:26'),(108,194,10,'18.641.757-7','Dulce','Miller','900000005','7480394263',1,NULL,'2025-05-13 20:59:24','2026-01-06 17:37:26'),(109,198,10,'22.960.574-7','Randy','Goodwin','900000006','7480394263',1,NULL,'2025-05-13 20:59:24','2026-01-06 17:37:26'),(110,126,10,'13.889.628-5','Ernesto','Hamill','900000007','7480394263',1,NULL,'2025-05-13 20:59:24','2026-01-06 17:37:26'),(111,222,10,'11.559.609-8','Trever','Glover','900000008','7480394263',1,NULL,'2025-05-13 20:59:24','2026-01-06 17:37:26'),(112,149,10,'13.437.171-4','Eriberto','Bechtelar','900000009','7480394263',0,'Fundó su propia app de reparto de empanadas.','2025-05-13 20:59:24','2026-01-06 17:37:26'),(113,121,10,'16.873.173-6','Cali','Nolan','900000010','7480394263',1,NULL,'2025-05-13 20:59:24','2026-01-06 17:37:26'),(114,188,10,'4.614.342-6','Raven','Botsford','900000011','7480394263',1,NULL,'2025-05-13 20:59:24','2026-01-06 17:37:26'),(115,115,10,'13.911.443-4','Nolan','Bernier','900000012','7480394263',1,NULL,'2025-05-13 20:59:24','2026-01-06 17:37:26'),(116,127,10,'9.583.559-7','Saige','Ondricka','900000013','7480394263',1,NULL,'2025-05-13 20:59:24','2026-01-06 17:37:26'),(117,210,10,'7.287.605-9','Mackenzie','Kemmer','900000014','7480394263',1,NULL,'2025-05-13 20:59:24','2026-01-06 17:37:26'),(118,149,10,'14.925.339-4','Kendra','Bartoletti','900000015','7480394263',1,NULL,'2025-05-13 20:59:24','2026-01-06 17:37:26'),(119,157,10,'1.088.376-8','Jared','Kunze','900000016','7480394263',1,NULL,'2025-05-13 20:59:24','2026-01-06 17:37:26'),(120,118,10,'11.763.267-9','Rodrigo','Kreiger','900000017','7480394263',1,NULL,'2025-05-13 20:59:25','2026-01-06 17:37:26'),(121,214,10,'5.318.203-8','Cameron','Smith','900000018','7480394263',1,NULL,'2025-05-13 20:59:25','2026-01-06 17:37:26'),(122,181,10,'5.396.630-6','Robbie','Medhurst','900000019','7480394263',1,NULL,'2025-05-13 20:59:25','2026-01-06 17:37:26'),(123,125,10,'14.211.177-2','Kassandra','Koepp','900000020','7480394263',1,NULL,'2025-05-13 20:59:25','2026-01-06 17:37:26'),(124,128,10,'15.737.784-1','Emilio','Rutherford','900000021','7480394263',1,NULL,'2025-05-13 20:59:25','2026-01-06 17:37:26'),(125,144,10,'2.710.997-7','Lew','Nienow','900000022','7480394263',1,NULL,'2025-05-13 20:59:25','2026-01-06 17:37:26'),(126,212,10,'14.340.541-9','Jamir','Jenkins','900000023','7480394263',1,NULL,'2025-05-13 20:59:25','2026-01-06 17:37:26'),(127,130,10,'10.785.259-K','Carmel','Murphy','900000024','7480394263',1,NULL,'2025-05-13 20:59:25','2026-01-06 17:37:26'),(128,214,10,'10.431.357-4','Elinor','Zieme','900000025','7480394263',1,NULL,'2025-05-13 20:59:25','2026-01-06 17:37:26'),(129,191,10,'19.299.792-5','Norwood','Watsica','900000026','7480394263',1,NULL,'2025-05-13 20:59:25','2026-01-06 17:37:26'),(130,142,10,'19.156.599-1','Quentin','Douglas','900000027','7480394263',1,NULL,'2025-05-13 20:59:25','2026-01-06 17:37:26'),(131,151,10,'22.806.261-8','Irwin','Jacobs','900000028','7480394263',1,NULL,'2025-05-13 20:59:25','2026-01-06 17:37:26'),(132,200,10,'20.952.870-3','Gavin','Collier','900000029','7480394263',1,NULL,'2025-05-13 20:59:25','2026-01-06 17:37:26'),(133,214,10,'11.225.980-5','Avis','O\'Kon','900000030','7480394263',1,NULL,'2025-05-13 20:59:25','2026-01-06 17:37:26'),(134,191,10,'11.608.781-2','Taylor','Anderson','900000031','7480394263',1,NULL,'2025-05-13 20:59:25','2026-01-06 17:37:26'),(135,181,10,'16.034.637-K','Nicklaus','Fay','900000032','7480394263',1,NULL,'2025-05-13 20:59:25','2026-01-06 17:37:26'),(136,212,10,'1.275.279-2','Vladimir','Weimann','900000033','7480394263',0,'Se fue a hacer stand up a Valdivia.','2025-05-13 20:59:25','2026-01-06 17:37:26'),(137,212,10,'16.443.231-9','Godfrey','Glover','900000034','7480394263',1,NULL,'2025-05-13 20:59:25','2026-01-06 17:37:26'),(138,222,10,'2.918.701-0','Abigale','Hickle','900000035','7480394263',1,NULL,'2025-05-13 20:59:25','2026-01-06 17:37:26'),(139,123,10,'14.704.761-4','Mauricio','Wunsch','900000036','7480394263',1,NULL,'2025-05-13 20:59:25','2026-01-06 17:37:26'),(140,149,10,'18.133.192-5','Wilfred','Jakubowski','900000037','7480394263',1,NULL,'2025-05-13 20:59:25','2026-01-06 17:37:26'),(141,200,10,'1.521.343-4','Dangelo','Blanda','900000038','7480394263',1,NULL,'2025-05-13 20:59:26','2026-01-06 17:37:26'),(142,183,10,'7.393.874-0','Dino','Marvin','900000039','7480394263',1,NULL,'2025-05-13 20:59:26','2026-01-06 17:37:26'),(143,121,10,'21.906.910-3','Myrna','Turcotte','900000040','7480394263',1,NULL,'2025-05-13 20:59:26','2026-01-06 17:37:26'),(144,154,10,'16.135.562-3','Tobin','Medhurst','900000041','7480394263',1,NULL,'2025-05-13 20:59:26','2026-01-06 17:37:26'),(145,207,10,'17.459.408-2','Reinhold','Keeling','900000042','7480394263',1,NULL,'2025-05-13 20:59:26','2026-01-06 17:37:26'),(146,152,10,'9.220.888-5','Demetrio','Tipungo','900000043','7480394263',1,NULL,'2025-05-13 20:59:26','2026-01-06 17:37:26'),(147,188,10,'13.491.097-6','Wilton','Boehm','900000044','7480394263',1,NULL,'2025-05-13 20:59:26','2026-01-06 17:37:26'),(148,115,10,'5.654.658-8','Noemi','Mohr','900000045','7480394263',1,NULL,'2025-05-13 20:59:26','2026-01-06 17:37:26'),(149,184,10,'20.454.820-K','Ryan','Kemmer','900000046','7480394263',1,NULL,'2025-05-13 20:59:26','2026-01-06 17:37:26'),(150,161,10,'11.138.707-9','Greyson','Kuhn','900000047','7480394263',1,NULL,'2025-05-13 20:59:26','2026-01-06 17:37:26'),(151,113,10,'17.205.163-4','Vernon','Johns','900000048','7480394263',0,'Cambió camión por kayak.','2025-05-13 20:59:26','2026-01-06 17:37:26'),(152,191,10,'1.502.499-2','Jaylin','Wehner','900000049','7480394263',1,NULL,'2025-05-13 20:59:26','2026-01-06 17:37:26'),(153,204,10,'12.268.203-K','Lavada','McDermott','900000050','7480394263',1,NULL,'2025-05-13 20:59:26','2026-01-06 17:37:26'),(154,161,10,'24.754.466-6','Raymundo','Koch','900000051','7480394263',1,NULL,'2025-05-13 20:59:26','2026-01-06 17:37:26'),(155,170,10,'20.644.754-0','Moises','Oberbrunner','900000052','7480394263',1,NULL,'2025-05-13 20:59:26','2026-01-06 17:37:26'),(156,118,10,'3.333.750-7','Ben','Stiedemann','900000053','7480394263',1,NULL,'2025-05-13 20:59:26','2026-01-06 17:37:26'),(157,124,10,'12.597.172-5','Royal','McLaughlin','900000054','7480394263',1,NULL,'2025-05-13 20:59:26','2026-01-06 17:37:26'),(158,219,10,'17.915.564-8','Cleta','Abbott','900000055','7480394263',1,NULL,'2025-05-13 20:59:26','2026-01-06 17:37:26'),(159,187,10,'13.322.418-1','Evert','Kub','900000056','7480394263',1,NULL,'2025-05-13 20:59:26','2026-01-06 17:37:26'),(160,184,10,'12.922.200-K','Kenyon','Treutel','900000057','7480394263',1,NULL,'2025-05-13 20:59:26','2026-01-06 17:37:26'),(161,130,10,'7.706.972-0','Ewald','Powlowski','900000058','7480394263',1,NULL,'2025-05-13 20:59:26','2026-01-06 17:37:26'),(162,203,10,'22.735.579-4','Chadrick','Vandervort','900000059','7480394263',1,NULL,'2025-05-13 20:59:26','2026-01-06 17:37:26'),(163,132,10,'21.422.244-2','Leatha','Kuhic','900000060','7480394263',1,NULL,'2025-05-13 20:59:27','2026-01-06 17:37:26'),(164,150,10,'21.499.160-8','Lindsey','Wuckert','900000061','7480394263',1,NULL,'2025-05-13 20:59:27','2026-01-06 17:37:26'),(165,123,10,'19.464.411-6','Santiago','Dickens','900000062','7480394263',1,NULL,'2025-05-13 20:59:27','2026-01-06 17:37:26'),(166,125,10,'2.530.621-K','Santa','Renner','900000063','7480394263',1,NULL,'2025-05-13 20:59:27','2026-01-06 17:37:26'),(167,153,10,'17.197.309-0','Alan','Carroll','900000064','7480394263',1,NULL,'2025-05-13 20:59:27','2026-01-06 17:37:26'),(168,188,10,'12.976.362-0','Norene','Wintheiser','900000065','7480394263',1,NULL,'2025-05-13 20:59:27','2026-01-06 17:37:26'),(169,163,10,'11.631.997-7','Devan','Kihn','900000066','7480394263',1,NULL,'2025-05-13 20:59:27','2026-01-06 17:37:26'),(170,204,10,'2.145.573-3','Xzavier','Rau','900000067','7480394263',1,NULL,'2025-05-13 20:59:27','2026-01-06 17:37:26'),(171,125,10,'19.525.626-8','Jamal','Dicki','900000068','7480394263',1,NULL,'2025-05-13 20:59:27','2026-01-06 17:37:26'),(172,188,10,'19.327.950-3','Terrance','White','900000069','7480394263',1,NULL,'2025-05-13 20:59:27','2026-01-06 17:37:26'),(173,157,10,'2.758.077-7','Antoinette','Herman','900000070','7480394263',1,NULL,'2025-05-13 20:59:27','2026-01-06 17:37:26'),(174,125,10,'19.808.007-1','Nicola','Kihn','900000071','7480394263',1,NULL,'2025-05-13 20:59:27','2026-01-06 17:37:26'),(175,140,10,'13.848.479-3','Darryl','Batz','900000072','7480394263',1,NULL,'2025-05-13 20:59:27','2026-01-06 17:37:26'),(176,194,10,'11.234.172-2','Kristian','Kerluke','900000073','7480394263',1,NULL,'2025-05-13 20:59:27','2026-01-06 17:37:26'),(177,118,10,'10.187.283-1','Angelo','Durgan','900000074','7480394263',1,NULL,'2025-05-13 20:59:27','2026-01-06 17:37:26'),(178,208,10,'9.833.638-9','Savanna','Hackett','900000075','7480394263',0,'Ahora es DJ de cumbia subacuática.','2025-05-13 20:59:27','2026-01-06 17:37:26'),(179,203,10,'2.992.420-1','Orin','Mayert','900000076','7480394263',1,NULL,'2025-05-13 20:59:27','2026-01-06 17:37:26'),(180,153,10,'13.187.038-8','Humberto','Skiles','900000077','7480394263',1,NULL,'2025-05-13 20:59:27','2026-01-06 17:37:26'),(181,157,10,'16.587.335-1','Denis','Haag','900000078','7480394263',1,NULL,'2025-05-13 20:59:27','2026-01-06 17:37:26'),(182,151,10,'2.535.355-2','Don','Lang','900000079','7480394263',1,NULL,'2025-05-13 20:59:27','2026-01-06 17:37:26'),(183,165,10,'7.241.640-6','Polly','Conroy','900000080','7480394263',1,NULL,'2025-05-13 20:59:27','2026-01-06 17:37:26'),(184,161,10,'19.835.901-7','Rowland','Cremin','900000081','7480394263',1,NULL,'2025-05-13 20:59:27','2026-01-06 17:37:26'),(185,187,10,'12.643.254-2','Golden','Kovacek','900000082','7480394263',1,NULL,'2025-05-13 20:59:27','2026-01-06 17:37:26'),(186,212,10,'2.531.096-9','Abdullah','Harris','900000083','7480394263',1,NULL,'2025-05-13 20:59:27','2026-01-06 17:37:26'),(187,130,10,'6.675.045-0','Sammie','Braun','900000084','7480394263',1,NULL,'2025-05-13 20:59:28','2026-01-06 17:37:26'),(188,221,10,'1.213.366-9','Loren','Wintheiser','900000085','7480394263',1,NULL,'2025-05-13 20:59:28','2026-01-06 17:37:26'),(189,198,10,'7.492.903-6','Dedric','Reinger','900000086','7480394263',1,NULL,'2025-05-13 20:59:28','2026-01-06 17:37:26'),(190,183,10,'5.955.276-7','Howard','Hand','900000087','7480394263',1,NULL,'2025-05-13 20:59:28','2026-01-06 17:37:26'),(191,221,10,'16.509.644-4','Jovanny','Walter','900000088','7480394263',1,NULL,'2025-05-13 20:59:28','2026-01-06 17:37:26'),(192,200,10,'9.948.783-6','Julius','Predovic','900000089','7480394263',1,NULL,'2025-05-13 20:59:28','2026-01-06 17:37:26'),(193,208,10,'21.702.499-4','Norma','Barton','900000090','7480394263',1,NULL,'2025-05-13 20:59:28','2026-01-06 17:37:26'),(194,161,10,'3.186.044-K','Jettie','Olson','900000091','7480394263',1,NULL,'2025-05-13 20:59:28','2026-01-06 17:37:26'),(195,152,10,'24.903.969-1','Juwan','Considine','900000092','7480394263',1,NULL,'2025-05-13 20:59:28','2026-01-06 17:37:26'),(196,170,10,'24.858.596-K','Clinton','Orn','900000093','7480394263',1,NULL,'2025-05-13 20:59:28','2026-01-06 17:37:26'),(197,152,10,'21.094.896-1','Nash','Monahan','900000094','7480394263',1,NULL,'2025-05-13 20:59:28','2026-01-06 17:37:26'),(198,219,10,'11.200.006-2','Lyda','Johnston','900000095','7480394263',1,NULL,'2025-05-13 20:59:28','2026-01-06 17:37:26'),(199,188,10,'21.654.133-2','Johnson','Bruen','900000096','7480394263',1,NULL,'2025-05-13 20:59:28','2026-01-06 17:37:26'),(200,125,10,'6.420.714-8','Carol','Gutkowski','900000097','7480394263',1,NULL,'2025-05-13 20:59:28','2026-01-06 17:37:26'),(201,150,10,'6.789.651-3','Kenyon','Buckridge','900000098','7480394263',1,NULL,'2025-05-13 20:59:28','2026-01-06 17:37:26'),(202,187,10,'9.730.732-6','Alfonso','Larkin','900000099','7480394263',1,NULL,'2025-05-13 20:59:28','2026-01-06 17:37:26'),(203,156,10,'17.432.562-6','Meagan','Wiza','900000000','7480394263',1,NULL,'2025-05-13 20:59:28','2026-01-06 17:37:26'),(204,113,10,'8.029.142-6','Damien','Ankunding','900000001','7480394263',1,NULL,'2025-05-13 20:59:28','2026-01-06 17:37:26'),(205,188,10,'13.478.570-5','Jerel','Funk','900000002','7480394263',1,NULL,'2025-05-13 20:59:28','2026-01-06 17:37:26'),(206,142,10,'23.339.325-8','Bennett','Gutmann','900000003','7480394263',1,NULL,'2025-05-13 20:59:28','2026-01-06 17:37:26'),(207,132,10,'2.987.115-9','Cleo','O\'Hara','900000004','7480394263',0,'Renunció para estudiar canto gregoriano.','2025-05-13 20:59:28','2026-01-06 17:37:26'),(208,213,10,'20.926.813-2','Jewell','McGlynn','900000005','7480394263',1,NULL,'2025-05-13 20:59:28','2026-01-06 17:37:26'),(209,154,10,'5.345.383-K','Jaden','Kunze','900000006','7480394263',1,NULL,'2025-05-13 20:59:28','2026-01-06 17:37:26'),(210,222,10,'12.594.253-9','Waylon','Schaden','900000007','7480394263',1,NULL,'2025-05-13 20:59:29','2026-01-06 17:37:26'),(211,203,10,'2.897.800-6','Santos','Cronin','900000008','7480394263',1,NULL,'2025-05-13 20:59:29','2026-01-06 17:37:26'),(212,127,10,'21.371.608-5','Drake','Bernhard','900000009','7480394263',1,NULL,'2025-05-13 20:59:29','2026-01-06 17:37:26'),(213,221,10,'2.904.531-3','Ozella','Green','900000010','7480394263',1,NULL,'2025-05-13 20:59:29','2026-01-06 17:37:26'),(214,166,10,'23.596.689-1','Amparo','Ankunding','900000011','7480394263',1,NULL,'2025-05-13 20:59:29','2026-01-06 17:37:26'),(215,165,10,'12.318.959-0','Myrl','Frami','900000012','7480394263',1,NULL,'2025-05-13 20:59:29','2026-01-06 17:37:26'),(216,121,10,'6.716.392-3','Jaeden','Von','900000013','7480394263',1,NULL,'2025-05-13 20:59:29','2026-01-06 17:37:26'),(217,214,10,'2.454.356-0','Deontae','Mosciski','900000014','7480394263',1,NULL,'2025-05-13 20:59:29','2026-01-06 17:37:26'),(218,207,10,'16.415.582-K','Claudie','Abernathy','900000015','7480394263',1,NULL,'2025-05-13 20:59:29','2026-01-06 17:37:26'),(219,221,10,'14.771.501-3','Judd','Cremin','900000016','7480394263',1,NULL,'2025-05-13 20:59:29','2026-01-06 17:37:26'),(220,213,10,'7.252.363-6','Laverna','Lakin','900000017','7480394263',1,NULL,'2025-05-13 20:59:29','2026-01-06 17:37:26'),(221,220,10,'21.184.851-0','Jackson','Stracke','900000018','7480394263',1,NULL,'2025-05-13 20:59:29','2026-01-06 17:37:26'),(222,132,10,'17.602.332-5','Frederik','Deckow','900000019','7480394263',1,NULL,'2025-05-13 20:59:29','2026-01-06 17:37:26'),(223,214,10,'13.952.153-6','Rhea','Kerluke','900000020','7480394263',1,NULL,'2025-05-13 20:59:29','2026-01-06 17:37:26'),(224,128,10,'4.345.858-2','Zander','Johns','900000021','7480394263',0,'Se fue a criar ovejas a la Patagonia.','2025-05-13 20:59:29','2026-01-06 17:37:26'),(225,140,10,'14.732.344-1','Allen','Lemke','900000022','7480394263',1,NULL,'2025-05-13 20:59:29','2026-01-06 17:37:26'),(226,130,10,'14.994.717-5','Harrison','Goodwin','900000023','7480394263',1,NULL,'2025-05-13 20:59:29','2026-01-06 17:37:26'),(227,203,10,'8.837.415-0','Riley','Williamson','900000024','7480394263',1,NULL,'2025-05-13 20:59:29','2026-01-06 17:37:26'),(228,204,10,'19.682.393-K','Leslie','Stamm','900000025','7480394263',1,NULL,'2025-05-13 20:59:29','2026-01-06 17:37:26'),(229,210,10,'1.801.937-K','Newton','Von','900000026','7480394263',1,NULL,'2025-05-13 20:59:29','2026-01-06 17:37:26'),(230,157,10,'4.992.208-6','Gregorio','Kuhic','900000027','7480394263',1,NULL,'2025-05-13 20:59:29','2026-01-06 17:37:26'),(231,165,10,'6.851.245-K','Jaylin','Grimes','900000028','7480394263',1,NULL,'2025-05-13 20:59:29','2026-01-06 17:37:26'),(232,122,10,'15.135.479-3','Elton','Purdy','900000029','7480394263',1,NULL,'2025-05-13 20:59:30','2026-01-06 17:37:26'),(233,128,10,'17.183.660-3','Shayna','Carroll','900000030','7480394263',1,NULL,'2025-05-13 20:59:30','2026-01-06 17:37:26'),(234,220,10,'14.498.401-3','Tito','Block','900000031','7480394263',1,NULL,'2025-05-13 20:59:30','2026-01-06 17:37:26'),(235,127,10,'6.257.869-6','Deontae','Kuhic','900000032','7480394263',1,NULL,'2025-05-13 20:59:30','2026-01-06 17:37:26'),(236,165,10,'4.309.816-0','Christian','McLaughlin','900000033','7480394263',1,NULL,'2025-05-13 20:59:30','2026-01-06 17:37:26'),(237,113,10,'12.625.117-3','Rafael','Considine','900000034','7480394263',1,NULL,'2025-05-13 20:59:30','2026-01-06 17:37:26'),(238,154,10,'14.691.582-5','Rebeka','Stamm','900000035','7480394263',1,NULL,'2025-05-13 20:59:30','2026-01-06 17:37:26'),(239,187,10,'5.972.929-2','Toby','Lubowitz','900000036','7480394263',1,NULL,'2025-05-13 20:59:30','2026-01-06 17:37:26'),(240,200,10,'2.328.360-3','Alford','Bogisich','900000037','7480394263',1,NULL,'2025-05-13 20:59:30','2026-01-06 17:37:26'),(241,222,10,'10.232.439-0','Joesph','Collier','900000038','7480394263',1,NULL,'2025-05-13 20:59:30','2026-01-06 17:37:26'),(242,213,10,'6.005.636-6','Cleo','Lockman','900000039','7480394263',0,'Se hizo streamer de camiones en Twitch.','2025-05-13 20:59:30','2026-01-06 17:37:26'),(243,204,10,'4.555.313-2','Diana','Hudson','900000040','7480394263',1,NULL,'2025-05-13 20:59:30','2026-01-06 17:37:26'),(244,222,10,'18.313.954-1','Jarvis','Eichmann','900000041','7480394263',1,NULL,'2025-05-13 20:59:30','2026-01-06 17:37:26'),(245,220,10,'13.293.320-0','Moshe','Labadie','900000042','7480394263',1,NULL,'2025-05-13 20:59:30','2026-01-06 17:37:26'),(246,132,10,'6.424.121-4','Weston','Koelpin','900000043','7480394263',1,NULL,'2025-05-13 20:59:31','2026-01-06 17:37:26'),(247,157,10,'12.435.649-0','Omer','Langosh','900000044','7480394263',1,NULL,'2025-05-13 20:59:31','2026-01-06 17:37:26'),(248,166,10,'23.543.170-K','Matilda','Kunde','900000045','7480394263',1,NULL,'2025-05-13 20:59:31','2026-01-06 17:37:26'),(249,150,10,'1.973.338-6','Ayden','Bednar','900000046','7480394263',1,NULL,'2025-05-13 20:59:31','2026-01-06 17:37:26'),(250,127,10,'17.342.742-5','Frankie','Wiza','900000047','7480394263',1,NULL,'2025-05-13 20:59:31','2026-01-06 17:37:26'),(251,127,10,'9.825.289-4','Walker','Sawayn','900000048','7480394263',1,NULL,'2025-05-13 20:59:31','2026-01-06 17:37:26'),(252,132,10,'5.189.897-4','Edwin','Lakin','900000049','7480394263',1,NULL,'2025-05-13 20:59:31','2026-01-06 17:37:26'),(253,221,10,'13.093.200-2','Arlene','Ankunding','900000050','7480394263',1,NULL,'2025-05-13 20:59:31','2026-01-06 17:37:26'),(254,198,10,'12.935.269-8','Casimer','Kuvalis','900000051','7480394263',1,NULL,'2025-05-13 20:59:31','2026-01-06 17:37:26'),(255,125,10,'9.630.601-6','Shayne','Abernathy','900000052','7480394263',1,NULL,'2025-05-13 20:59:31','2026-01-06 17:37:26'),(256,204,10,'19.427.191-3','Rasheed','Medhurst','900000053','7480394263',1,NULL,'2025-05-13 20:59:31','2026-01-06 17:37:26'),(257,113,10,'23.315.908-5','Isai','Baumbach','900000054','7480394263',1,NULL,'2025-05-13 20:59:31','2026-01-06 17:37:26'),(258,214,10,'8.916.779-5','Alverta','Ortiz','900000055','7480394263',1,NULL,'2025-05-13 20:59:31','2026-01-06 17:37:26'),(259,150,10,'6.416.054-0','Manuela','Crooks','900000056','7480394263',1,NULL,'2025-05-13 20:59:31','2026-01-06 17:37:26'),(260,153,10,'7.413.938-8','Eliseo','Kautzer','900000057','7480394263',1,NULL,'2025-05-13 20:59:31','2026-01-06 17:37:26'),(261,144,10,'16.992.226-8','Dorcas','Schoen','900000058','7480394263',1,NULL,'2025-05-13 20:59:31','2026-01-06 17:37:26'),(262,180,10,'23.776.376-9','Carson','Mayer','900000059','7480394263',1,NULL,'2025-05-13 20:59:31','2026-01-06 17:37:26'),(263,121,10,'24.270.712-5','Adella','Stoltenberg','900000060','7480394263',1,NULL,'2025-05-13 20:59:31','2026-01-06 17:37:26'),(264,113,10,'18.725.559-7','Benny','Stracke','900000061','7480394263',1,NULL,'2025-05-13 20:59:31','2026-01-06 17:37:26'),(265,161,10,'19.016.536-1','Nicolas','Tromp','900000062','7480394263',1,NULL,'2025-05-13 20:59:31','2026-01-06 17:37:26'),(266,153,10,'2.035.936-6','Carmine','Altenwerth','900000063','7480394263',0,'Lo vieron por última vez vendiendo sopaipillas en la feria.','2025-05-13 20:59:31','2026-01-06 17:37:26'),(267,163,10,'13.276.292-9','Haleigh','Smith','900000064','7480394263',1,NULL,'2025-05-13 20:59:32','2026-01-06 17:37:26'),(268,194,10,'7.357.698-9','Haylie','Tremblay','900000065','7480394263',1,NULL,'2025-05-13 20:59:32','2026-01-06 17:37:26'),(269,123,10,'12.324.004-9','Candelario','Roob','900000066','7480394263',1,NULL,'2025-05-13 20:59:32','2026-01-06 17:37:26'),(270,153,10,'24.374.473-3','Trystan','Rempel','900000067','7480394263',1,NULL,'2025-05-13 20:59:32','2026-01-06 17:37:26'),(271,115,10,'6.888.101-3','Osbaldo','Graham','900000068','7480394263',1,NULL,'2025-05-13 20:59:32','2026-01-06 17:37:26'),(272,194,10,'4.176.105-9','Dusty','Morar','900000069','7480394263',1,NULL,'2025-05-13 20:59:32','2026-01-06 17:37:26'),(273,191,10,'2.618.477-0','Susanna','West','900000070','7480394263',1,NULL,'2025-05-13 20:59:32','2026-01-06 17:37:26'),(274,191,10,'17.974.183-0','Jovan','Schmidt','900000071','7480394263',1,NULL,'2025-05-13 20:59:32','2026-01-06 17:37:26'),(275,154,10,'11.471.933-1','Francis','Simonis','900000072','7480394263',1,NULL,'2025-05-13 20:59:32','2026-01-06 17:37:26'),(276,132,10,'20.352.580-K','Griffin','Hettinger','900000073','7480394263',1,NULL,'2025-05-13 20:59:32','2026-01-06 17:37:26'),(277,130,10,'21.470.740-3','Lamont','Fahey','900000074','7480394263',1,NULL,'2025-05-13 20:59:32','2026-01-06 17:37:26'),(278,123,10,'5.751.304-7','Kaitlin','Okuneva','900000075','7480394263',1,NULL,'2025-05-13 20:59:32','2026-01-06 17:37:26'),(279,157,10,'13.547.346-4','Jaylon','Farrell','900000076','7480394263',1,NULL,'2025-05-13 20:59:32','2026-01-06 17:37:26'),(280,113,10,'5.008.127-3','Izaiah','Bashirian','900000077','7480394263',1,NULL,'2025-05-13 20:59:32','2026-01-06 17:37:26'),(281,161,10,'9.911.737-0','Johan','Doyle','900000078','7480394263',1,NULL,'2025-05-13 20:59:32','2026-01-06 17:37:26'),(282,219,10,'17.704.673-6','Emery','DuBuque','900000079','7480394263',1,NULL,'2025-05-13 20:59:32','2026-01-06 17:37:26'),(283,191,10,'15.582.739-4','Lucile','Collier','900000080','7480394263',1,NULL,'2025-05-13 20:59:32','2026-01-06 17:37:26'),(284,161,10,'1.006.351-5','Denis','Heathcote','900000081','7480394263',1,NULL,'2025-05-13 20:59:32','2026-01-06 17:37:26'),(285,208,10,'4.754.263-4','Garth','Kiehn','900000082','7480394263',1,NULL,'2025-05-13 20:59:32','2026-01-06 17:37:26'),(286,122,10,'4.824.699-0','Simeon','Ullrich','900000083','7480394263',1,NULL,'2025-05-13 20:59:32','2026-01-06 17:37:26'),(287,204,10,'21.235.863-0','Ethel','Hansen','900000084','7480394263',1,NULL,'2025-05-13 20:59:32','2026-01-06 17:37:26'),(288,157,10,'4.932.479-0','Avis','Homenick','900000085','7480394263',1,NULL,'2025-05-13 20:59:32','2026-01-06 17:37:26'),(289,123,10,'16.022.052-K','Giles','Balistreri','900000086','7480394263',1,NULL,'2025-05-13 20:59:32','2026-01-06 17:37:26'),(290,140,10,'14.233.772-K','Hugh','Rath','900000087','7480394263',0,'Prefirió el mundo del circo.','2025-05-13 20:59:32','2026-01-06 17:37:26'),(291,165,10,'11.856.460-K','Arlo','Moen','900000088','7480394263',1,NULL,'2025-05-13 20:59:32','2026-01-06 17:37:26'),(292,187,10,'9.618.309-7','Stone','Brown','900000089','7480394263',1,NULL,'2025-05-13 20:59:32','2026-01-06 17:37:26'),(293,222,10,'3.313.596-3','Jazmin','Tremblay','900000090','7480394263',1,NULL,'2025-05-13 20:59:32','2026-01-06 17:37:26'),(294,191,10,'19.802.006-0','Marvin','Hackett','900000091','7480394263',1,NULL,'2025-05-13 20:59:33','2026-01-06 17:37:26'),(295,187,10,'16.721.805-9','Julian','Lehner','900000092','7480394263',1,NULL,'2025-05-13 20:59:33','2026-01-06 17:37:26'),(296,166,10,'5.407.563-4','Clark','Hettinger','900000093','7480394263',1,NULL,'2025-05-13 20:59:33','2026-01-06 17:37:26'),(297,170,10,'20.131.432-1','Jeramie','Witting','900000094','7480394263',1,NULL,'2025-05-13 20:59:33','2026-01-06 17:37:26'),(298,132,10,'8.488.604-1','Kayli','Botsford','900000095','7480394263',1,NULL,'2025-05-13 20:59:33','2026-01-06 17:37:26'),(299,153,10,'12.307.425-4','Tate','Nitzsche','900000096','7480394263',1,NULL,'2025-05-13 20:59:33','2026-01-06 17:37:26'),(300,161,10,'8.329.407-8','Johathan','Weber','900000097','7480394263',1,NULL,'2025-05-13 20:59:33','2026-01-06 17:37:26'),(301,144,10,'10.160.014-9','Xander','Turner','900000098','7480394263',1,NULL,'2025-05-13 20:59:33','2026-01-06 17:37:26'),(302,194,10,'8.545.521-4','Donato','Stanton','900000099','7480394263',1,NULL,'2025-05-13 20:59:33','2026-01-06 17:37:26'),(303,165,10,'1.281.931-5','Carolyn','Lebsack','900000000','7480394263',1,NULL,'2025-05-13 20:59:33','2026-01-06 17:37:26'),(304,191,10,'8.937.812-5','Hunter','Smitham','900000001','7480394263',1,NULL,'2025-05-13 20:59:33','2026-01-06 17:37:26'),(305,213,10,'3.914.077-2','Bartholome','Schulist','900000002','7480394263',1,NULL,'2025-05-13 20:59:33','2026-01-06 17:37:26'),(306,122,10,'23.678.246-8','Clifton','Luettgen','900000003','7480394263',0,'Lo vieron por última vez vendiendo sopaipillas en la feria.','2025-05-13 20:59:33','2026-01-06 17:37:26'),(307,188,10,'24.492.937-0','Jessy','Thompson','900000004','7480394263',1,NULL,'2025-05-13 20:59:33','2026-01-06 17:37:26'),(308,115,10,'19.334.869-6','Cordia','Pollich','900000005','7480394263',1,NULL,'2025-05-13 20:59:33','2026-01-06 17:37:26'),(309,187,10,'24.472.334-9','Kaden','Schoen','900000006','7480394263',1,NULL,'2025-05-13 20:59:33','2026-01-06 17:37:26'),(310,198,10,'16.427.359-8','Roel','Ziemann','900000007','7480394263',1,NULL,'2025-05-13 20:59:34','2026-01-06 17:37:26'),(311,210,10,'24.487.119-4','Charlie','Schaefer','900000008','7480394263',1,NULL,'2025-05-13 20:59:34','2026-01-06 17:37:26'),(312,219,10,'4.166.719-2','Thurman','Lynch','900000009','7480394263',1,NULL,'2025-05-13 20:59:34','2026-01-06 17:37:26'),(313,166,10,'16.255.415-8','Alessia','Hermiston','900000010','7480394263',1,NULL,'2025-05-13 20:59:34','2026-01-06 17:37:26'),(314,157,10,'16.104.965-4','Ronaldo','Sipes','900000011','7480394263',1,NULL,'2025-05-13 20:59:34','2026-01-06 17:37:26'),(315,194,10,'10.836.835-7','Brett','Gleason','900000012','7480394263',1,NULL,'2025-05-13 20:59:34','2026-01-06 17:37:26'),(316,191,10,'22.688.730-K','Jalen','Jacobi','900000013','7480394263',1,NULL,'2025-05-13 20:59:34','2026-01-06 17:37:26'),(317,140,10,'24.946.880-0','Kevin','Ankunding','900000014','7480394263',1,NULL,'2025-05-13 20:59:34','2026-01-06 17:37:26'),(318,157,10,'14.015.175-0','Pauline','Ondricka','900000015','7480394263',1,NULL,'2025-05-13 20:59:34','2026-01-06 17:37:26'),(319,130,10,'7.833.347-2','Dusty','Willms','900000016','7480394263',1,NULL,'2025-05-13 20:59:34','2026-01-06 17:37:26'),(320,118,10,'18.717.384-1','Okey','Langosh','900000017','7480394263',1,NULL,'2025-05-13 20:59:34','2026-01-06 17:37:26'),(321,118,10,'7.695.727-4','Isaias','Leuschke','900000018','7480394263',1,NULL,'2025-05-13 20:59:34','2026-01-06 17:37:26'),(322,122,10,'10.372.644-1','Owen','Robel','900000019','7480394263',1,NULL,'2025-05-13 20:59:34','2026-01-06 17:37:26'),(323,183,10,'9.619.767-5','Rachelle','Crooks','900000020','7480394263',1,NULL,'2025-05-13 20:59:34','2026-01-06 17:37:26'),(324,223,10,'12.401.622-3','Devonte','Legros','900000021','7480394263',1,NULL,'2025-05-13 20:59:34','2026-01-06 17:37:26'),(325,149,10,'11.078.944-0','Julien','O\'Conner','900000022','7480394263',1,NULL,'2025-05-13 20:59:35','2026-01-06 17:37:26'),(326,119,10,'24.168.715-5','Houston','Hirthe','900000023','7480394263',1,NULL,'2025-05-13 20:59:35','2026-01-06 17:37:26'),(327,183,10,'3.934.544-7','Rey','Mosciski','900000024','7480394263',1,NULL,'2025-05-13 20:59:35','2026-01-06 17:37:26'),(328,188,10,'15.228.870-0','Josianne','Borer','900000025','7480394263',1,NULL,'2025-05-13 20:59:35','2026-01-06 17:37:26'),(329,132,10,'14.500.775-5','Milan','Wuckert','900000026','7480394263',0,'Se convirtió en influencer de acuarios.','2025-05-13 20:59:35','2026-01-06 17:37:26'),(330,198,10,'22.079.922-0','Jon','Yundt','900000027','7480394263',1,NULL,'2025-05-13 20:59:35','2026-01-06 17:37:26'),(331,198,10,'14.871.392-8','Orville','Schultz','900000028','7480394263',1,NULL,'2025-05-13 20:59:35','2026-01-06 17:37:26'),(332,219,10,'22.251.613-7','Adrain','VonRueden','900000029','7480394263',1,NULL,'2025-05-13 20:59:35','2026-01-06 17:37:26'),(333,204,10,'1.328.273-0','Oma','Walsh','900000030','7480394263',1,NULL,'2025-05-13 20:59:35','2026-01-06 17:37:26'),(334,198,10,'6.401.129-4','Hollis','Wolff','900000031','7480394263',1,NULL,'2025-05-13 20:59:35','2026-01-06 17:37:26'),(335,194,10,'10.717.664-0','Kelley','Hill','900000032','7480394263',1,NULL,'2025-05-13 20:59:35','2026-01-06 17:37:26'),(336,212,10,'18.144.151-8','Eduardo','Beier','900000033','7480394263',1,NULL,'2025-05-13 20:59:35','2026-01-06 17:37:26'),(337,126,10,'6.953.981-5','Caden','Stark','900000034','7480394263',1,NULL,'2025-05-13 20:59:35','2026-01-06 17:37:26'),(338,183,10,'24.046.256-7','Haylee','Reinger','900000035','7480394263',1,NULL,'2025-05-13 20:59:35','2026-01-06 17:37:26'),(339,113,10,'5.448.878-5','Gaetano','Fritsch','900000036','7480394263',1,NULL,'2025-05-13 20:59:35','2026-01-06 17:37:26'),(340,220,10,'4.395.029-0','Tristian','Hilpert','900000037','7480394263',1,NULL,'2025-05-13 20:59:35','2026-01-06 17:37:26'),(341,203,10,'14.173.024-K','Vern','Paucek','900000038','7480394263',1,NULL,'2025-05-13 20:59:35','2026-01-06 17:37:26'),(342,165,10,'10.885.476-6','Colten','Morissette','900000039','7480394263',1,NULL,'2025-05-13 20:59:35','2026-01-06 17:37:26'),(343,140,10,'13.540.151-K','Anais','Russel','900000040','7480394263',1,NULL,'2025-05-13 20:59:35','2026-01-06 17:37:26'),(344,154,10,'13.835.349-4','Norbert','Terry','900000041','7480394263',1,NULL,'2025-05-13 20:59:35','2026-01-06 17:37:26'),(345,121,10,'24.194.113-2','Harley','Berge','900000042','7480394263',1,NULL,'2025-05-13 20:59:35','2026-01-06 17:37:26'),(346,200,10,'10.056.081-K','Melvin','Gislason','900000043','7480394263',1,NULL,'2025-05-13 20:59:35','2026-01-06 17:37:26'),(347,115,10,'22.035.363-K','Delaney','Lemke','900000044','7480394263',1,NULL,'2025-05-13 20:59:36','2026-01-06 17:37:26'),(348,203,10,'7.888.427-4','Madisyn','Schiller','900000045','7480394263',1,NULL,'2025-05-13 20:59:36','2026-01-06 17:37:26'),(349,144,10,'19.005.775-5','Harrison','Wintheiser','900000046','7480394263',1,NULL,'2025-05-13 20:59:36','2026-01-06 17:37:26'),(350,221,10,'13.860.960-K','Gardner','Sauer','900000047','7480394263',1,NULL,'2025-05-13 20:59:36','2026-01-06 17:37:26'),(351,161,10,'12.161.729-3','Johnathan','Hamill','900000048','7480394263',0,'Cambió camión por kayak.','2025-05-13 20:59:36','2026-01-06 17:37:26'),(352,153,10,'24.180.795-9','Mavis','Kulas','900000049','7480394263',1,NULL,'2025-05-13 20:59:36','2026-01-06 17:37:26'),(353,123,10,'19.444.760-4','Maegan','Rolfson','900000050','7480394263',1,NULL,'2025-05-13 20:59:36','2026-01-06 17:37:26'),(354,150,10,'4.108.594-0','Nikko','Beer','900000051','7480394263',1,NULL,'2025-05-13 20:59:36','2026-01-06 17:37:26'),(355,207,10,'5.878.557-1','Joshuah','Stracke','900000052','7480394263',1,NULL,'2025-05-13 20:59:36','2026-01-06 17:37:26'),(356,165,10,'12.504.403-4','Arnoldo','Hoppe','900000053','7480394263',1,NULL,'2025-05-13 20:59:36','2026-01-06 17:37:26'),(357,123,10,'7.322.189-7','Leonel','Fay','900000054','7480394263',1,NULL,'2025-05-13 20:59:36','2026-01-06 17:37:26'),(358,207,10,'12.930.482-0','Susanna','Walter','900000055','7480394263',1,NULL,'2025-05-13 20:59:36','2026-01-06 17:37:26'),(359,181,10,'12.346.779-5','Ron','Goldner','900000056','7480394263',1,NULL,'2025-05-13 20:59:36','2026-01-06 17:37:26'),(360,183,10,'6.091.851-1','Tommie','Balistreri','900000057','7480394263',1,NULL,'2025-05-13 20:59:37','2026-01-06 17:37:26'),(361,213,10,'18.030.120-8','Hazle','Emmerich','900000058','7480394263',1,NULL,'2025-05-13 20:59:37','2026-01-06 17:37:26'),(362,166,10,'2.126.777-5','Wilhelm','Corwin','900000059','7480394263',1,NULL,'2025-05-13 20:59:37','2026-01-06 17:37:26'),(363,221,10,'14.493.969-7','Brielle','Erdman','900000060','7480394263',1,NULL,'2025-05-13 20:59:37','2026-01-06 17:37:26'),(364,130,10,'15.379.328-K','Perry','Schaefer','900000061','7480394263',1,NULL,'2025-05-13 20:59:37','2026-01-06 17:37:26'),(365,130,10,'15.031.669-3','Merl','Mosciski','900000062','7480394263',1,NULL,'2025-05-13 20:59:37','2026-01-06 17:37:26'),(366,151,10,'22.699.542-0','Melvina','Carroll','900000063','7480394263',1,NULL,'2025-05-13 20:59:37','2026-01-06 17:37:26'),(367,214,10,'8.086.780-8','Dante','Reynolds','900000064','7480394263',1,NULL,'2025-05-13 20:59:37','2026-01-06 17:37:26'),(368,181,10,'13.912.978-4','Kasandra','Koepp','900000065','7480394263',1,NULL,'2025-05-13 20:59:37','2026-01-06 17:37:26'),(369,161,10,'19.190.535-0','Oren','Walker','900000066','7480394263',1,NULL,'2025-05-13 20:59:37','2026-01-06 17:37:26'),(370,156,10,'8.500.468-9','Augustus','Howell','900000067','7480394263',1,NULL,'2025-05-13 20:59:37','2026-01-06 17:37:26'),(371,161,10,'6.815.328-K','Toby','Klocko','900000068','7480394263',1,NULL,'2025-05-13 20:59:37','2026-01-06 17:37:26'),(372,165,10,'23.789.981-4','Isaac','Murray','900000069','7480394263',1,NULL,'2025-05-13 20:59:37','2026-01-06 17:37:26'),(373,152,10,'18.101.282-K','Lillian','Heaney','900000070','7480394263',1,NULL,'2025-05-13 20:59:37','2026-01-06 17:37:26'),(374,150,10,'10.091.079-9','Jennings','Mann','900000071','7480394263',0,'Dejó todo para buscar a Godzilla.','2025-05-13 20:59:37','2026-01-06 17:37:26'),(375,223,10,'14.303.701-0','Eladio','Mertz','900000072','7480394263',1,NULL,'2025-05-13 20:59:37','2026-01-06 17:37:26'),(376,118,10,'18.128.120-0','Mose','Douglas','900000073','7480394263',1,NULL,'2025-05-13 20:59:37','2026-01-06 17:37:26'),(377,181,10,'19.717.782-9','Diamond','Schimmel','900000074','7480394263',1,NULL,'2025-05-13 20:59:37','2026-01-06 17:37:26'),(378,221,10,'8.733.435-K','Suzanne','Homenick','900000075','7480394263',1,NULL,'2025-05-13 20:59:37','2026-01-06 17:37:26'),(379,161,10,'17.328.160-9','Camden','Wolff','900000076','7480394263',1,NULL,'2025-05-13 20:59:37','2026-01-06 17:37:26'),(380,183,10,'15.163.706-K','Fidel','Gutmann','900000077','7480394263',1,NULL,'2025-05-13 20:59:37','2026-01-06 17:37:26'),(381,181,10,'16.554.397-1','Justyn','McCullough','900000078','7480394263',1,NULL,'2025-05-13 20:59:37','2026-01-06 17:37:26'),(382,203,10,'23.758.744-8','Rashawn','O\'Kon','900000079','7480394263',1,NULL,'2025-05-13 20:59:38','2026-01-06 17:37:26'),(383,122,10,'14.197.527-7','Mittie','Toy','900000080','7480394263',1,NULL,'2025-05-13 20:59:38','2026-01-06 17:37:26'),(384,121,10,'10.673.351-1','Aidan','Dietrich','900000081','7480394263',1,NULL,'2025-05-13 20:59:38','2026-01-06 17:37:26'),(385,127,10,'16.043.967-K','Royal','Lindgren','900000082','7480394263',1,NULL,'2025-05-13 20:59:38','2026-01-06 17:37:26'),(386,222,10,'18.986.706-9','Chadd','Kreiger','900000083','7480394263',1,NULL,'2025-05-13 20:59:38','2026-01-06 17:37:26'),(387,156,10,'10.280.437-6','Destin','Bergstrom','900000084','7480394263',1,NULL,'2025-05-13 20:59:38','2026-01-06 17:37:26'),(388,188,10,'14.381.898-5','Eunice','Balistreri','900000085','7480394263',1,NULL,'2025-05-13 20:59:38','2026-01-06 17:37:26'),(389,128,10,'24.766.912-4','Laurel','Gerlach','900000086','7480394263',1,NULL,'2025-05-13 20:59:38','2026-01-06 17:37:26'),(390,128,10,'14.220.438-K','Stanton','Mann','900000087','7480394263',1,NULL,'2025-05-13 20:59:38','2026-01-06 17:37:26'),(391,203,10,'15.644.681-5','Herbert','Schowalter','900000088','7480394263',1,NULL,'2025-05-13 20:59:38','2026-01-06 17:37:26'),(392,130,10,'23.812.515-4','Cleve','Sporer','900000089','7480394263',1,NULL,'2025-05-13 20:59:38','2026-01-06 17:37:26'),(393,194,10,'7.205.724-4','Anissa','Nolan','900000090','7480394263',1,NULL,'2025-05-13 20:59:38','2026-01-06 17:37:26'),(394,149,10,'2.398.216-1','Stephen','Hessel','900000091','7480394263',1,NULL,'2025-05-13 20:59:38','2026-01-06 17:37:26'),(395,200,10,'11.815.776-1','Randy','Abbott','900000092','7480394263',1,NULL,'2025-05-13 20:59:38','2026-01-06 17:37:26'),(396,118,10,'21.175.362-5','Kayleigh','Abbott','900000093','7480394263',1,NULL,'2025-05-13 20:59:38','2026-01-06 17:37:26'),(397,181,10,'13.705.608-9','Johnpaul','Simonis','900000094','7480394263',1,NULL,'2025-05-13 20:59:38','2026-01-06 17:37:26'),(398,222,10,'4.356.210-K','Ruby','Murazik','900000095','7480394263',1,NULL,'2025-05-13 20:59:38','2026-01-06 17:37:26'),(399,207,10,'4.330.758-4','Lemuel','Berge','900000096','7480394263',1,NULL,'2025-05-13 20:59:38','2026-01-06 17:37:26'),(400,191,10,'11.204.137-0','Brandon','Witting','900000097','7480394263',0,'Partió en busca del Tutankamón chilote.','2025-05-13 20:59:39','2026-01-06 17:37:26'),(401,212,10,'20.305.136-0','Dax','Thiel','900000098','7480394263',1,NULL,'2025-05-13 20:59:39','2026-01-06 17:37:26'),(402,130,10,'6.738.484-9','Andrew','Vandervort','900000099','7480394263',1,NULL,'2025-05-13 20:59:39','2026-01-06 17:37:26'),(403,157,10,'21.468.632-5','Mariela','Brown','900000000','7480394263',1,NULL,'2025-05-13 20:59:39','2026-01-06 17:37:26'),(404,161,10,'6.232.100-8','Jillian','Turcotte','900000001','7480394263',1,NULL,'2025-05-13 20:59:39','2026-01-06 17:37:26'),(405,220,10,'19.095.976-7','Zachery','Boyer','900000002','7480394263',1,NULL,'2025-05-13 20:59:39','2026-01-06 17:37:26'),(406,207,10,'16.820.826-K','Reagan','Stamm','900000003','7480394263',1,NULL,'2025-05-13 20:59:39','2026-01-06 17:37:26'),(407,161,10,'4.086.908-5','Antwon','Donnelly','900000004','7480394263',1,NULL,'2025-05-13 20:59:39','2026-01-06 17:37:26'),(408,212,10,'5.576.509-K','Velma','Mitchell','900000005','7480394263',1,NULL,'2025-05-13 20:59:39','2026-01-06 17:37:26'),(409,119,10,'18.423.766-0','Caden','Legros','900000006','7480394263',1,NULL,'2025-05-13 20:59:39','2026-01-06 17:37:26'),(410,180,10,'16.608.331-1','Clifton','Langosh','900000007','7480394263',1,NULL,'2025-05-13 20:59:39','2026-01-06 17:37:26'),(411,170,10,'12.135.209-5','Nikolas','Heidenreich','900000008','7480394263',1,NULL,'2025-05-13 20:59:39','2026-01-06 17:37:26'),(412,221,10,'24.451.392-1','Coy','Bosco','900000009','7480394263',1,NULL,'2025-05-13 20:59:39','2026-01-06 17:37:26'),(413,221,10,'1.174.632-2','Mattie','Goldner','900000010','7480394263',1,NULL,'2025-05-13 20:59:39','2026-01-06 17:37:26'),(414,121,10,'15.526.734-8','Giovanni','Grant','900000011','7480394263',1,NULL,'2025-05-13 20:59:39','2026-01-06 17:37:26'),(415,212,10,'5.154.112-K','Lee','Weimann','900000012','7480394263',1,NULL,'2025-05-13 20:59:39','2026-01-06 17:37:26'),(416,156,10,'10.142.673-4','Otho','Goodwin','900000013','7480394263',1,NULL,'2025-05-13 20:59:39','2026-01-06 17:37:26'),(417,113,10,'3.371.998-1','Dagmar','Pagac','900000014','7480394263',1,NULL,'2025-05-13 20:59:39','2026-01-06 17:37:26'),(418,152,10,'14.526.680-7','Juanita','Friesen','900000015','7480394263',1,NULL,'2025-05-13 20:59:39','2026-01-06 17:37:26'),(419,153,10,'5.656.091-2','Donny','Dickinson','900000016','7480394263',1,NULL,'2025-05-13 20:59:39','2026-01-06 17:37:26'),(420,198,10,'20.452.557-9','Delbert','Koch','900000017','7480394263',1,NULL,'2025-05-13 20:59:39','2026-01-06 17:37:26'),(421,191,10,'22.049.383-0','Cameron','Bergnaum','900000018','7480394263',1,NULL,'2025-05-13 20:59:39','2026-01-06 17:37:26'),(422,200,10,'4.311.191-4','Julio','Brown','900000019','7480394263',1,NULL,'2025-05-13 20:59:39','2026-01-06 17:37:26'),(423,165,10,'15.302.317-4','Vivian','Medhurst','900000020','7480394263',1,NULL,'2025-05-13 20:59:39','2026-01-06 17:37:26'),(424,149,10,'2.732.630-7','Julian','Effertz','900000021','7480394263',1,NULL,'2025-05-13 20:59:40','2026-01-06 17:37:26'),(425,151,10,'2.639.344-2','Sherman','O\'Connell','900000022','7480394263',1,NULL,'2025-05-13 20:59:40','2026-01-06 17:37:26'),(426,222,10,'14.959.559-7','Marlon','Oberbrunner','900000023','7480394263',1,NULL,'2025-05-13 20:59:40','2026-01-06 17:37:26'),(427,223,10,'21.085.821-0','Louie','Parisian','900000024','7480394263',1,NULL,'2025-05-13 20:59:40','2026-01-06 17:37:26'),(428,180,10,'3.944.983-8','Teresa','Marvin','900000025','7480394263',1,NULL,'2025-05-13 20:59:40','2026-01-06 17:37:26'),(429,203,10,'22.611.783-0','Jayson','Crist','900000026','7480394263',1,NULL,'2025-05-13 20:59:40','2026-01-06 17:37:26'),(430,142,10,'10.136.575-1','Carmine','Daniel','900000027','7480394263',1,NULL,'2025-05-13 20:59:40','2026-01-06 17:37:26'),(431,165,10,'12.847.928-7','Gay','Toy','900000028','7480394263',1,NULL,'2025-05-13 20:59:40','2026-01-06 17:37:26'),(432,128,10,'15.663.058-6','Stefan','Quigley','900000029','7480394263',1,NULL,'2025-05-13 20:59:40','2026-01-06 17:37:26'),(433,123,10,'12.235.898-4','Sarina','Towne','900000030','7480394263',1,NULL,'2025-05-13 20:59:40','2026-01-06 17:37:26'),(434,188,10,'15.164.497-K','Norwood','Connelly','900000031','7480394263',1,NULL,'2025-05-13 20:59:40','2026-01-06 17:37:26'),(435,222,10,'10.358.513-9','Olaf','Mertz','900000032','7480394263',1,NULL,'2025-05-13 20:59:40','2026-01-06 17:37:26'),(436,188,10,'17.943.597-7','Casimer','Huel','900000033','7480394263',1,NULL,'2025-05-13 20:59:41','2026-01-06 17:37:26'),(437,221,10,'2.585.461-6','Caleb','Homenick','900000034','7480394263',1,NULL,'2025-05-13 20:59:41','2026-01-06 17:37:26'),(438,153,10,'14.543.926-4','Maybelle','Dickinson','900000035','7480394263',1,NULL,'2025-05-13 20:59:41','2026-01-06 17:37:26'),(439,140,10,'24.081.209-6','Jermey','Kessler','900000036','7480394263',1,NULL,'2025-05-13 20:59:41','2026-01-06 17:37:26'),(440,124,10,'22.730.764-1','Dagmar','Klein','900000037','7480394263',1,NULL,'2025-05-13 20:59:41','2026-01-06 17:37:26'),(441,154,10,'6.002.459-6','Wallace','Botsford','900000038','7480394263',1,NULL,'2025-05-13 20:59:41','2026-01-06 17:37:26'),(442,156,10,'17.433.581-8','Jamison','Schmidt','900000039','7480394263',1,NULL,'2025-05-13 20:59:41','2026-01-06 17:37:26'),(443,140,10,'9.419.423-7','Anya','Ward','900000040','7480394263',1,NULL,'2025-05-13 20:59:41','2026-01-06 17:37:26'),(444,220,10,'5.506.339-7','Markus','O\'Keefe','900000041','7480394263',1,NULL,'2025-05-13 20:59:41','2026-01-06 17:37:26'),(445,223,10,'4.779.498-6','Jamison','Cartwright','900000042','7480394263',1,NULL,'2025-05-13 20:59:41','2026-01-06 17:37:26'),(446,121,10,'3.971.391-8','Fredy','Zboncak','900000043','7480394263',1,NULL,'2025-05-13 20:59:41','2026-01-06 17:37:26'),(447,149,10,'23.399.191-0','Norval','Glover','900000044','7480394263',1,NULL,'2025-05-13 20:59:41','2026-01-06 17:37:26'),(448,156,10,'6.817.745-6','Kenyatta','Cummings','900000045','7480394263',1,NULL,'2025-05-13 20:59:41','2026-01-06 17:37:26'),(449,157,10,'7.999.645-9','Malcolm','Stark','900000046','7480394263',1,NULL,'2025-05-13 20:59:41','2026-01-06 17:37:26'),(450,222,10,'17.346.164-K','Orlo','Doyle','900000047','7480394263',1,NULL,'2025-05-13 20:59:42','2026-01-06 17:37:26'),(451,126,10,'12.926.853-0','Kolby','Kihn','900000048','7480394263',1,NULL,'2025-05-13 20:59:42','2026-01-06 17:37:26'),(452,207,10,'10.061.299-2','Rashawn','Will','900000049','7480394263',1,NULL,'2025-05-13 20:59:42','2026-01-06 17:37:26'),(453,212,10,'4.303.429-4','Pink','Kunde','900000050','7480394263',1,NULL,'2025-05-13 20:59:42','2026-01-06 17:37:26'),(454,130,10,'16.745.882-3','Angel','Breitenberg','900000051','7480394263',1,NULL,'2025-05-13 20:59:42','2026-01-06 17:37:26'),(455,165,10,'24.669.542-3','Brycen','Stiedemann','900000052','7480394263',1,NULL,'2025-05-13 20:59:42','2026-01-06 17:37:26'),(456,118,10,'16.836.665-5','Crawford','Crooks','900000053','7480394263',1,NULL,'2025-05-13 20:59:42','2026-01-06 17:37:26'),(457,168,10,'5.320.117-2','Jocelyn','Oberbrunner','900000054','7480394263',1,NULL,'2025-05-13 20:59:42','2026-01-06 17:37:26'),(458,204,10,'22.811.382-4','Virginia','Spencer','900000055','7480394263',1,NULL,'2025-05-13 20:59:42','2026-01-06 17:37:26'),(459,128,10,'3.156.634-7','Dario','Pouros','900000056','7480394263',1,NULL,'2025-05-13 20:59:42','2026-01-06 17:37:26'),(460,187,10,'10.934.156-8','Oral','Roob','900000057','7480394263',1,NULL,'2025-05-13 20:59:42','2026-01-06 17:37:26'),(461,221,10,'1.390.751-K','Ezequiel','Nader','900000058','7480394263',1,NULL,'2025-05-13 20:59:42','2026-01-06 17:37:26'),(462,152,10,'20.440.109-8','Blair','Dooley','900000059','7480394263',1,NULL,'2025-05-13 20:59:42','2026-01-06 17:37:26'),(463,144,10,'8.647.347-K','Ophelia','Weimann','900000060','7480394263',1,NULL,'2025-05-13 20:59:42','2026-01-06 17:37:26'),(464,124,10,'10.514.123-8','Dean','Brakus','900000061','7480394263',1,NULL,'2025-05-13 20:59:42','2026-01-06 17:37:26'),(465,126,10,'12.008.666-9','Humberto','Mann','900000062','7480394263',1,NULL,'2025-05-13 20:59:42','2026-01-06 17:37:26'),(466,144,10,'20.636.232-4','Wayne','Runte','900000063','7480394263',1,NULL,'2025-05-13 20:59:42','2026-01-06 17:37:26'),(467,165,10,'15.503.805-5','Toby','Hudson','900000064','7480394263',1,NULL,'2025-05-13 20:59:42','2026-01-06 17:37:26'),(468,122,10,'10.757.142-6','Rosie','Satterfield','900000065','7480394263',1,NULL,'2025-05-13 20:59:42','2026-01-06 17:37:26'),(469,184,10,'6.564.954-3','Louvenia','Fritsch','900000066','7480394263',1,NULL,'2025-05-13 20:59:42','2026-01-06 17:37:26'),(470,203,10,'6.350.113-1','Carmel','Considine','900000067','7480394263',1,NULL,'2025-05-13 20:59:42','2026-01-06 17:37:26'),(471,132,10,'22.089.434-7','Johnathon','Dach','900000068','7480394263',1,NULL,'2025-05-13 20:59:42','2026-01-06 17:37:26'),(472,144,10,'22.206.625-5','Terence','Gottlieb','900000069','7480394263',1,NULL,'2025-05-13 20:59:42','2026-01-06 17:37:26'),(473,127,10,'9.584.051-5','Nora','Mohr','900000070','7480394263',1,NULL,'2025-05-13 20:59:42','2026-01-06 17:37:26'),(474,151,10,'3.396.922-8','Darrin','Bailey','900000071','7480394263',1,NULL,'2025-05-13 20:59:42','2026-01-06 17:37:26'),(475,188,10,'15.854.119-K','Floy','Flatley','900000072','7480394263',1,NULL,'2025-05-13 20:59:43','2026-01-06 17:37:26'),(476,124,10,'3.391.725-2','Olen','Kling','900000073','7480394263',1,NULL,'2025-05-13 20:59:43','2026-01-06 17:37:26'),(477,161,10,'4.926.005-9','Rodolfo','Glover','900000074','7480394263',1,NULL,'2025-05-13 20:59:43','2026-01-06 17:37:26'),(478,142,10,'18.755.172-2','Ruth','Pacocha','900000075','7480394263',1,NULL,'2025-05-13 20:59:43','2026-01-06 17:37:26'),(479,165,10,'8.367.365-6','Jessie','Pfannerstill','900000076','7480394263',1,NULL,'2025-05-13 20:59:43','2026-01-06 17:37:26'),(480,184,10,'15.631.550-8','Nash','Oberbrunner','900000077','7480394263',1,NULL,'2025-05-13 20:59:43','2026-01-06 17:37:26'),(481,152,10,'23.637.445-9','Kyleigh','Olson','900000078','7480394263',1,NULL,'2025-05-13 20:59:43','2026-01-06 17:37:26'),(482,157,10,'3.203.963-4','Terrence','Ebert','900000079','7480394263',1,NULL,'2025-05-13 20:59:43','2026-01-06 17:37:26'),(483,207,10,'20.508.256-5','Raphaelle','Hauck','900000080','7480394263',1,NULL,'2025-05-13 20:59:43','2026-01-06 17:37:26'),(484,144,10,'10.245.456-1','Caesar','Tremblay','900000081','7480394263',1,NULL,'2025-05-13 20:59:43','2026-01-06 17:37:26'),(485,161,10,'23.130.394-4','Prince','Leuschke','900000082','7480394263',1,NULL,'2025-05-13 20:59:43','2026-01-06 17:37:26'),(486,166,10,'15.004.920-2','Mekhi','Gerlach','900000083','7480394263',1,NULL,'2025-05-13 20:59:43','2026-01-06 17:37:26'),(487,180,10,'5.045.398-7','Waylon','Kreiger','900000084','7480394263',1,NULL,'2025-05-13 20:59:44','2026-01-06 17:37:26'),(488,161,10,'9.383.073-3','Linnea','Lueilwitz','900000085','7480394263',1,NULL,'2025-05-13 20:59:44','2026-01-06 17:37:26'),(489,124,10,'14.662.358-1','Mitchell','Baumbach','900000086','7480394263',1,NULL,'2025-05-13 20:59:44','2026-01-06 17:37:26'),(490,118,10,'7.511.716-7','Jamir','Flatley','900000087','7480394263',1,NULL,'2025-05-13 20:59:44','2026-01-06 17:37:26'),(491,163,10,'23.772.179-9','Wilhelm','Buckridge','900000088','7480394263',1,NULL,'2025-05-13 20:59:44','2026-01-06 17:37:26'),(492,221,10,'8.075.901-0','Hipolito','Goodwin','900000089','7480394263',1,NULL,'2025-05-13 20:59:44','2026-01-06 17:37:26'),(493,191,10,'5.585.703-2','Sylvia','Kirlin','900000090','7480394263',1,NULL,'2025-05-13 20:59:44','2026-01-06 17:37:26'),(494,168,10,'15.436.844-2','Tremayne','Johnson','900000091','7480394263',1,NULL,'2025-05-13 20:59:44','2026-01-06 17:37:26'),(495,180,10,'18.385.156-K','Hilbert','Torphy','900000092','7480394263',1,NULL,'2025-05-13 20:59:44','2026-01-06 17:37:26'),(496,223,10,'15.873.666-7','Lazaro','Cormier','900000093','7480394263',1,NULL,'2025-05-13 20:59:44','2026-01-06 17:37:26'),(497,214,10,'3.280.480-2','Keith','Gislason','900000094','7480394263',1,NULL,'2025-05-13 20:59:44','2026-01-06 17:37:26'),(498,125,10,'2.815.415-1','Miracle','Mraz','900000095','7480394263',1,NULL,'2025-05-13 20:59:44','2026-01-06 17:37:26'),(499,165,10,'6.956.787-8','Jerod','Lockman','900000096','7480394263',1,NULL,'2025-05-13 20:59:44','2026-01-06 17:37:26'),(500,127,10,'5.266.917-0','Ole','Hayes','900000097','7480394263',1,NULL,'2025-05-13 20:59:44','2026-01-06 17:37:26'),(501,194,10,'10.026.983-K','Bobby','Ledner','900000098','7480394263',1,NULL,'2025-05-13 20:59:44','2026-01-06 17:37:26'),(502,125,10,'16.841.181-2','Forrest','Thiel','900000099','7480394263',1,NULL,'2025-05-13 20:59:44','2026-01-06 17:37:26'),(503,149,10,'4.882.521-4','Marlee','Okuneva','900000000','7480394263',1,NULL,'2025-05-13 20:59:44','2026-01-06 17:37:26'),(504,127,10,'5397621-2','Wenceslao','Martínez','987654321','7480394263',1,'Hillside.','2025-05-20 00:17:14','2026-01-06 17:37:26'),(505,119,10,'5154921-k','Juan','Perez','900000055','7480394263',1,'Nada de nada.','2025-05-20 00:43:22','2026-01-06 17:37:26'),(509,180,12,'4393304-3','Gabriel','Boric','998186588',NULL,1,NULL,'2026-01-06 20:52:52','2026-01-06 20:52:52');
/*!40000 ALTER TABLE `conductores` ENABLE KEYS */;
UNLOCK TABLES;

--
-- Table structure for table `design_parameters`
--

DROP TABLE IF EXISTS `design_parameters`;
/*!40101 SET @saved_cs_client     = @@character_set_client */;
/*!50503 SET character_set_client = utf8mb4 */;
CREATE TABLE `design_parameters` (
  `id` bigint(20) unsigned NOT NULL AUTO_INCREMENT,
  `titulo_design` varchar(255) DEFAULT NULL,
  `logo_design` varchar(255) NOT NULL,
  `emblema_design` varchar(255) NOT NULL,
  `favicon_design` varchar(255) NOT NULL,
  `fondo_pantalla_design` varchar(255) NOT NULL,
  `custom_primary` varchar(255) CHARACTER SET utf8 COLLATE utf8_unicode_ci NOT NULL,
  `custom_secondary` varchar(255) CHARACTER SET utf8 COLLATE utf8_unicode_ci NOT NULL,
  `custom_success` varchar(255) CHARACTER SET utf8 COLLATE utf8_unicode_ci NOT NULL,
  `custom_warning` varchar(255) CHARACTER SET utf8 COLLATE utf8_unicode_ci NOT NULL,
  `custom_danger` varchar(255) CHARACTER SET utf8 COLLATE utf8_unicode_ci NOT NULL,
  `custom_info` varchar(255) CHARACTER SET utf8 COLLATE utf8_unicode_ci NOT NULL,
  `created_at` timestamp NOT NULL DEFAULT current_timestamp(),
  `updated_at` timestamp NOT NULL DEFAULT current_timestamp() ON UPDATE current_timestamp(),
  PRIMARY KEY (`id`)
) ENGINE=InnoDB AUTO_INCREMENT=2 DEFAULT CHARSET=utf8mb4 COLLATE=utf8mb4_unicode_ci;
/*!40101 SET character_set_client = @saved_cs_client */;

--
-- Dumping data for table `design_parameters`
--

LOCK TABLES `design_parameters` WRITE;
/*!40000 ALTER TABLE `design_parameters` DISABLE KEYS */;
INSERT INTO `design_parameters` VALUES (1,'La Portada - Sistema de Planificación','logo_1752605637.png','emblema_1752605546.png','favicon_1745801847.png','fondo_1748549100.png','#1d428a','#407ec9','#ff8d6d','#62b5e5','#fbb78c','#c3d7ee','2025-05-12 05:38:22','2025-08-08 06:49:04');
/*!40000 ALTER TABLE `design_parameters` ENABLE KEYS */;
UNLOCK TABLES;

--
-- Table structure for table `empresas`
--

DROP TABLE IF EXISTS `empresas`;
/*!40101 SET @saved_cs_client     = @@character_set_client */;
/*!50503 SET character_set_client = utf8mb4 */;
CREATE TABLE `empresas` (
  `id` bigint(20) unsigned NOT NULL AUTO_INCREMENT,
  `tipo_empresa_id` bigint(20) unsigned NOT NULL,
  `rut_empresa` varchar(20) NOT NULL,
  `razon_social` varchar(255) NOT NULL,
  `direccion` varchar(255) NOT NULL,
  `comuna_id` bigint(20) unsigned NOT NULL,
  `telefono` varchar(255) DEFAULT NULL,
  `email_contacto` varchar(255) DEFAULT NULL,
  `telefono_contacto` varchar(255) DEFAULT NULL,
  `activo` tinyint(1) NOT NULL DEFAULT 1,
  `observacion_inactividad` text DEFAULT NULL,
  `created_at` timestamp NOT NULL DEFAULT current_timestamp(),
  `updated_at` timestamp NOT NULL DEFAULT current_timestamp() ON UPDATE current_timestamp(),
  PRIMARY KEY (`id`),
  KEY `empresas_tipo_empresa_id_foreign` (`tipo_empresa_id`),
  KEY `empresas_comuna_id_foreign` (`comuna_id`),
  CONSTRAINT `empresas_comuna_id_foreign` FOREIGN KEY (`comuna_id`) REFERENCES `comunas` (`id`) ON UPDATE CASCADE,
  CONSTRAINT `empresas_tipo_empresa_id_foreign` FOREIGN KEY (`tipo_empresa_id`) REFERENCES `catalogos` (`id`)
) ENGINE=InnoDB AUTO_INCREMENT=229 DEFAULT CHARSET=utf8mb4 COLLATE=utf8mb4_unicode_ci;
/*!40101 SET character_set_client = @saved_cs_client */;

--
-- Dumping data for table `empresas`
--

LOCK TABLES `empresas` WRITE;
/*!40000 ALTER TABLE `empresas` DISABLE KEYS */;
INSERT INTO `empresas` VALUES (0,0,'00.000.000-0','TRANSPORTISTA NO ESPECIFICADO','SIN DIRECCIÓN',0,NULL,NULL,NULL,1,NULL,'2025-06-19 22:13:36','2025-06-20 03:13:36'),(1,32,'31615662-2','Productor 1 - Creado a Mano','Las caminatas largas N° 1234',319,'987654321','contacto1@gmail.com','987654321',1,'Probando.','2025-05-13 13:50:16','2025-06-18 15:53:09'),(2,32,'31615662-2','Productor 2 - Creado a Mano','Las caminatas largas N° 1234',17,'987654321','contacto1@gmail.com','987654321',0,NULL,'2025-05-13 13:51:17','2025-05-23 15:45:15'),(113,33,'61.840.208-8','Transportes del Norte Kozey S.A.','Av. Issac Drives Nº984',263,'900000001','transportistaecoruta@gmail.com','900000092',0,NULL,'2025-05-13 20:37:55','2025-07-17 15:40:19'),(114,32,'71.730.996-0','SurAcuícola North Minerva Holding','Av. Chelsey Motorway Nº3795',247,'900000002','suracuicola_north_minerva_holding@chile.cl','900000012',0,'Se botó a quiebra.','2025-05-13 20:37:55','2025-05-23 16:18:25'),(115,33,'88.383.685-5','Camiones y Fletes Amya Ltda.','Av. Bradtke Light Nº217',200,'900000003','transportistaecoruta@gmail.com','900000034',0,'Empresa actualmente inactiva','2025-05-13 20:37:55','2025-07-17 15:40:19'),(116,32,'75.419.277-1','Andes Mar South Edwinview Holding','Av. Genesis Courts Nº5745',273,'900000004','andes_mar_south_edwinview_holding@chile.cl','900000048',1,NULL,'2025-05-13 20:37:55','2025-05-20 04:31:06'),(117,32,'71.642.269-0','Acuícola North Juanaburgh Chile','Av. Blanda Motorway Nº5597',217,'900000005','acuicola_north_juanaburgh_chile@chile.cl','900000094',1,NULL,'2025-05-13 20:37:55','2025-05-20 04:31:06'),(118,33,'78.632.933-7','Servicios de Transporte Nitzsche Hermanos Ltda.','Av. Autumn Ramp Nº9914',229,'900000006','transportistaecoruta@gmail.com','900000041',1,NULL,'2025-05-13 20:37:55','2025-07-17 15:40:19'),(119,33,'75.166.739-6','Transportes del Norte Padberg S.A.','Av. Trenton Park Nº5917',234,'900000007','transportistaecoruta@gmail.com','900000019',1,NULL,'2025-05-13 20:37:56','2025-07-17 15:40:19'),(120,32,'74.732.813-7','Puerto Azul Gerardoberg Chile','Av. Abel Stream Nº5645',219,'900000008','puerto_azul_gerardoberg_chile@chile.cl','900000037',1,NULL,'2025-05-13 20:37:56','2025-05-20 04:31:06'),(121,33,'66.324.022-6','Servicios de Transporte Huel Hermanos Ltda.','Av. Velma Ford Nº1448',258,'900000009','transportistaecoruta@gmail.com','900000092',1,NULL,'2025-05-13 20:37:56','2025-07-17 15:40:19'),(122,33,'74.135.440-3','Servicios de Transporte Ebert Hermanos Ltda.','Av. VonRueden Bridge Nº702',258,'900000010','transportistaecoruta@gmail.com','900000009',1,NULL,'2025-05-13 20:37:56','2025-07-17 15:40:19'),(123,33,'63.449.359-K','Fletes y Cargas Lessie SpA','Av. Kale River Nº2326',233,'900000011','transportistaecoruta@gmail.com','900000063',1,NULL,'2025-05-13 20:37:56','2025-07-17 15:40:19'),(124,33,'68.049.823-7','Transportes del Norte Hoppe S.A.','Av. Valentin Land Nº213',270,'900000012','transportistaecoruta@gmail.com','900000051',0,'Empresa actualmente inactiva','2025-05-13 20:37:56','2025-07-17 15:40:19'),(125,33,'89.835.642-6','Camiones y Fletes Moses Ltda.','Av. Frankie Shores Nº5315',246,'900000013','transportistaecoruta@gmail.com','900000053',1,NULL,'2025-05-13 20:37:56','2025-07-17 15:40:19'),(126,33,'61.971.311-7','Servicios de Transporte Boyer Hermanos Ltda.','Av. Towne Ridges Nº7563',198,'900000014','transportistaecoruta@gmail.com','900000072',1,NULL,'2025-05-13 20:37:56','2025-07-17 15:40:19'),(127,33,'69.746.070-5','Servicios de Transporte Gerhold Hermanos Ltda.','Av. Eleanora Fall Nº2347',215,'900000015','transportistaecoruta@gmail.com','900000048',1,NULL,'2025-05-13 20:37:56','2025-07-17 15:40:19'),(128,33,'61.744.030-K','Transportes Kohler e Hijos Ltda.','Av. Calista Corner Nº7684',277,'900000016','transportistaecoruta@gmail.com','900000028',1,NULL,'2025-05-13 20:37:56','2025-07-17 15:40:19'),(129,32,'62.233.794-0','Puerto Azul Lake Arvilla del Sur','Av. Joana Fords Nº810',260,'900000017','puerto_azul_lake_arvilla_del_sur@chile.cl','900000003',1,NULL,'2025-05-13 20:37:56','2025-05-20 04:31:06'),(130,33,'71.750.399-6','Transportes Veum e Hijos Ltda.','Av. Zemlak Corner Nº6242',333,'900000018','transportistaecoruta@gmail.com','900000084',1,NULL,'2025-05-13 20:37:56','2025-07-17 15:40:19'),(131,32,'89.074.540-7','Marítima North Ervinborough del Sur','Av. Will Row Nº4311',207,'900000019','maritima_north_ervinborough_del_sur@chile.cl','900000037',1,NULL,'2025-05-13 20:37:56','2025-05-20 04:31:06'),(132,33,'76.296.461-9','Transporte Smitham y Compañía','Av. Luettgen Mountains Nº3279',209,'900000020','transportistaecoruta@gmail.com','900000012',1,NULL,'2025-05-13 20:37:56','2025-07-17 15:40:19'),(133,32,'86.324.999-6','Piscícola New Elise del Sur','Av. Lindgren Track Nº7781',240,'900000021','piscicola_new_elise_del_sur@chile.cl','900000026',0,'Empresa actualmente inactiva','2025-05-13 20:37:56','2025-05-20 04:31:06'),(134,32,'70.858.303-0','Patagonia Blue Luettgenburgh EIRL','Av. Hailey Mission Nº5853',208,'900000022','patagonia_blue_luettgenburgh_eirl@chile.cl','900000056',1,NULL,'2025-05-13 20:37:57','2025-05-20 04:31:06'),(135,32,'84.831.418-8','Lagos Chile Haleyville Chile','Av. Dortha Motorway Nº9660',221,'900000023','lagos_chile_haleyville_chile@chile.cl','900000080',1,NULL,'2025-05-13 20:37:57','2025-05-20 04:31:06'),(136,32,'83.584.685-7','Andes Mar South Giuseppebury Holding','Av. Amari Cove Nº599',199,'900000024','andes_mar_south_giuseppebury_holding@chile.cl','900000044',1,NULL,'2025-05-13 20:37:57','2025-05-20 04:31:06'),(137,32,'85.551.051-0','Viento Austral Lake Gunnar SpA','Av. Heaney Knoll Nº1682',227,'900000025','viento_austral_lake_gunnar_spa@chile.cl','900000008',1,NULL,'2025-05-13 20:37:57','2025-05-20 04:31:06'),(138,32,'76.749.382-7','Acuícola Port Alaina Ltda.','Av. Hand Pike Nº7750',209,'900000026','acuicola_port_alaina_ltda@chile.cl','900000011',1,NULL,'2025-05-13 20:37:57','2025-05-20 04:31:06'),(139,32,'73.683.005-1','TruchaViva Lake Vivamouth EIRL','Av. Carli Common Nº2811',217,'900000027','truchaviva_lake_vivamouth_eirl@chile.cl','900000096',1,NULL,'2025-05-13 20:37:57','2025-05-20 04:31:06'),(140,33,'60.301.554-1','Camiones y Fletes Javier Ltda.','Av. Gusikowski Crossroad Nº1546',240,'900000028','transportistaecoruta@gmail.com','900000019',1,NULL,'2025-05-13 20:37:57','2025-07-17 15:40:19'),(141,32,'65.680.676-1','Marítima Colehaven EIRL','Av. Anahi Plain Nº9772',197,'900000029','maritima_colehaven_eirl@chile.cl','900000038',0,'Empresa actualmente inactiva','2025-05-13 20:37:57','2025-05-20 04:31:06'),(142,33,'60.219.884-7','Transportes Wuckert e Hijos Ltda.','Av. Keon Freeway Nº7506',217,'900000030','transportistaecoruta@gmail.com','900000007',1,NULL,'2025-05-13 20:37:57','2025-07-17 15:40:19'),(143,32,'88.773.240-K','Andes Mar East Pearl Group','Av. Tamara Squares Nº3877',214,'900000031','andes_mar_east_pearl_group@chile.cl','900000068',1,NULL,'2025-05-13 20:37:57','2025-05-20 04:31:06'),(144,33,'68.073.085-7','Transportes del Norte Price S.A.','Av. Ebert Cliffs Nº3895',237,'900000032','transportistaecoruta@gmail.com','900000025',1,NULL,'2025-05-13 20:37:57','2025-07-17 15:40:19'),(145,32,'88.191.249-K','TruchaViva Port Jaylan EIRL','Av. Lupe Point Nº7025',335,'900000033','truchaviva_port_jaylan_eirl@chile.cl','900000082',1,NULL,'2025-05-13 20:37:57','2025-05-20 04:31:06'),(146,32,'82.169.163-K','SurTech Kirlinberg Holding','Av. Smith Tunnel Nº8694',248,'900000034','surtech_kirlinberg_holding@chile.cl','900000086',1,NULL,'2025-05-13 20:37:57','2025-05-20 04:31:06'),(147,32,'76.272.311-5','Aqua Andes New Melvinville Austral','Av. Gleason Fort Nº4985',256,'900000035','aqua_andes_new_melvinville_austral@chile.cl','900000080',1,NULL,'2025-05-13 20:37:57','2025-05-20 04:31:06'),(148,32,'83.157.433-K','Andes Mar Brekkeborough S.A.','Av. Toby Causeway Nº1616',239,'900000036','andes_mar_brekkeborough_sa@chile.cl','900000017',1,NULL,'2025-05-13 20:37:57','2025-05-20 04:31:06'),(149,33,'62.972.272-6','Fletes y Cargas Brian SpA','Av. Brenden Isle Nº577',278,'900000037','transportistaecoruta@gmail.com','900000069',1,NULL,'2025-05-13 20:37:57','2025-07-17 15:40:19'),(150,33,'63.172.342-K','Transporte Zulauf y Compañía','Av. Cummerata Divide Nº1454',233,'900000038','transportistaecoruta@gmail.com','900000075',0,'Empresa actualmente inactiva','2025-05-13 20:37:57','2025-07-17 15:40:19'),(151,33,'72.882.456-5','Servicios de Transporte Wintheiser Hermanos Ltda.','Av. Hudson Trail Nº2862',211,'900000039','transportistaecoruta@gmail.com','900000094',1,NULL,'2025-05-13 20:37:57','2025-07-17 15:40:19'),(152,33,'81.211.970-2','Transportes Altenwerth e Hijos Ltda.','Av. Spencer View Nº8021',259,'900000040','transportistaecoruta@gmail.com','900000090',1,NULL,'2025-05-13 20:37:57','2025-07-17 15:40:19'),(153,33,'80.385.276-6','Transporte Abernathy y Compañía','Av. Jett Street Nº7514',212,'900000041','transportistaecoruta@gmail.com','900000052',1,NULL,'2025-05-13 20:37:57','2025-07-17 15:40:19'),(154,33,'71.994.041-2','Fletes y Cargas Christ SpA','Av. Hane Parkways Nº7873',272,'900000042','transportistaecoruta@gmail.com','900000043',1,NULL,'2025-05-13 20:37:57','2025-07-17 15:40:19'),(155,32,'67.930.702-9','BioMarina Emmetmouth Ltda.','Av. Brett Divide Nº2397',232,'900000043','biomarina_emmetmouth_ltda@chile.cl','900000075',1,NULL,'2025-05-13 20:37:57','2025-05-20 04:31:06'),(156,33,'68.011.148-0','Servicios de Transporte Dicki Hermanos Ltda.','Av. Hagenes Valley Nº8242',333,'900000044','transportistaecoruta@gmail.com','900000057',1,NULL,'2025-05-13 20:37:57','2025-07-17 15:40:19'),(157,33,'80.363.335-5','Transportes y Logística Medhurst SpA','Av. Elias Gateway Nº7802',333,'900000045','transportistaecoruta@gmail.com','900000045',1,NULL,'2025-05-13 20:37:58','2025-07-17 15:40:19'),(158,32,'65.166.414-4','Marítima North Amalia del Sur','Av. Ledner Well Nº7194',219,'900000046','maritima_north_amalia_del_sur@chile.cl','900000043',1,NULL,'2025-05-13 20:37:58','2025-05-20 04:31:06'),(159,32,'84.291.687-9','Andes Mar Port Alison EIRL','Av. Bogan Walk Nº1343',259,'900000047','andes_mar_port_alison_eirl@chile.cl','900000035',0,'Empresa actualmente inactiva','2025-05-13 20:37:58','2025-05-20 04:31:06'),(160,32,'66.192.055-6','Viento Austral Grantview Austral','Av. Price Station Nº8437',205,'900000048','viento_austral_grantview_austral@chile.cl','900000018',1,NULL,'2025-05-13 20:37:58','2025-05-20 04:31:06'),(161,33,'85.951.632-7','Transportes Gerhold e Hijos Ltda.','Av. Cole Mills Nº3291',250,'900000049','transportistaecoruta@gmail.com','900000017',1,NULL,'2025-05-13 20:37:58','2025-07-17 15:40:19'),(162,32,'80.401.185-4','Puerto Azul Schillerhaven Group','Av. Alphonso Walk Nº4767',228,'900000050','puerto_azul_schillerhaven_group@chile.cl','900000030',1,NULL,'2025-05-13 20:37:58','2025-05-20 04:31:06'),(163,33,'64.994.383-4','Fletes y Cargas Freddy SpA','Av. Dooley Groves Nº825',274,'900000051','transportistaecoruta@gmail.com','900000059',1,NULL,'2025-05-13 20:37:58','2025-07-17 15:40:19'),(164,32,'89.075.850-9','SurAcuícola South Robyn Ltda.','Av. Victor Light Nº4775',266,'900000052','suracuicola_south_robyn_ltda@chile.cl','900000089',1,NULL,'2025-05-13 20:37:58','2025-05-20 04:31:06'),(165,33,'87.765.831-7','Camiones y Fletes Rafaela Ltda.','Av. Aliya Viaduct Nº7332',274,'900000053','transportistaecoruta@gmail.com','900000070',1,NULL,'2025-05-13 20:37:58','2025-07-17 15:40:19'),(166,33,'69.504.786-K','Transportes Tromp e Hijos Ltda.','Av. Hagenes Field Nº1704',338,'900000054','transportistaecoruta@gmail.com','900000037',1,NULL,'2025-05-13 20:37:58','2025-07-17 15:40:19'),(167,32,'60.931.323-4','Agua Clara South Generalside Chile','Av. Cruz Highway Nº2791',251,'900000055','agua_clara_south_generalside_chile@chile.cl','900000014',1,NULL,'2025-05-13 20:37:58','2025-05-20 04:31:06'),(168,33,'75.350.867-8','Camiones y Fletes Dahlia Ltda.','Av. Vernie Street Nº6284',244,'900000056','transportistaecoruta@gmail.com','900000091',0,'Empresa actualmente inactiva','2025-05-13 20:37:58','2025-07-17 15:40:19'),(169,32,'77.197.642-5','Marítima Justinafort Chile','Av. Myah Lane Nº4805',242,'900000057','maritima_justinafort_chile@chile.cl','900000087',1,NULL,'2025-05-13 20:37:58','2025-05-20 04:31:06'),(170,33,'83.304.251-3','Transportes del Norte Schinner S.A.','Av. Brice Squares Nº852',339,'900000058','transportistaecoruta@gmail.com','900000064',1,NULL,'2025-05-13 20:37:58','2025-07-17 15:40:19'),(171,32,'67.134.391-3','Puerto Azul Port Birdieburgh Chile','Av. Loyce Vista Nº1829',225,'900000059','puerto_azul_port_birdieburgh_chile@chile.cl','900000087',1,NULL,'2025-05-13 20:37:58','2025-05-20 04:31:06'),(172,32,'77.727.493-7','SurAcuícola Port Bucktown Group','Av. Satterfield Ports Nº528',201,'900000060','suracuicola_port_bucktown_group@chile.cl','900000090',1,NULL,'2025-05-13 20:37:59','2025-05-20 04:31:06'),(173,32,'70.564.605-8','Fiordos Lourdesshire Chile','Av. Price Shore Nº9193',257,'900000061','fiordos_lourdesshire_chile@chile.cl','900000091',1,NULL,'2025-05-13 20:37:59','2025-05-20 04:31:06'),(174,32,'86.689.423-K','Oceanía Boehmshire Ltda.','Av. Uriel Mountains Nº5493',342,'900000062','oceania_boehmshire_ltda@chile.cl','900000073',1,NULL,'2025-05-13 20:37:59','2025-05-20 04:31:06'),(175,32,'75.948.882-2','EcoFish North Kentonshire y Cía.','Av. Brown Parkway Nº2553',209,'900000063','ecofish_north_kentonshire_y_cia@chile.cl','900000071',1,NULL,'2025-05-13 20:37:59','2025-05-20 04:31:06'),(176,32,'83.524.241-2','Agua Clara South Nelliebury Group','Av. Karolann Ports Nº6996',211,'900000064','agua_clara_south_nelliebury_group@chile.cl','900000097',1,NULL,'2025-05-13 20:37:59','2025-05-20 04:31:06'),(177,32,'75.982.548-9','SurTech South Marilou Ltda.','Av. Briana Court Nº6225',332,'900000065','surtech_south_marilou_ltda@chile.cl','900000085',1,NULL,'2025-05-13 20:37:59','2025-05-20 04:31:06'),(178,32,'69.135.014-2','Piscícola New Hanna Chile','Av. Lebsack Mission Nº5449',260,'900000066','piscicola_new_hanna_chile@chile.cl','900000074',1,NULL,'2025-05-13 20:37:59','2025-05-20 04:31:06'),(179,32,'74.296.763-8','Viento Austral Wunschville EIRL','Av. Marcos Mills Nº3025',336,'900000067','viento_austral_wunschville_eirl@chile.cl','900000015',0,'Empresa actualmente inactiva','2025-05-13 20:37:59','2025-05-20 04:31:06'),(180,33,'85.854.203-0','Camiones y Fletes Jonas Ltda.','Av. Purdy Overpass Nº6327',214,'900000068','transportistaecoruta@gmail.com','900000048',1,NULL,'2025-05-13 20:37:59','2025-07-17 15:40:19'),(181,33,'83.619.728-3','Transportes Waters e Hijos Ltda.','Av. Dean Cliffs Nº467',213,'900000069','transportistaecoruta@gmail.com','900000068',1,NULL,'2025-05-13 20:37:59','2025-07-17 15:40:19'),(182,32,'70.210.136-0','Salmonera Lake Mellie Holding','Av. Kling Crossroad Nº4119',335,'900000070','salmonera_lake_mellie_holding@chile.cl','900000080',1,NULL,'2025-05-13 20:37:59','2025-05-20 04:31:06'),(183,33,'84.876.522-8','Transportes y Logística Will SpA','Av. Magnolia Club Nº8664',248,'900000071','transportistaecoruta@gmail.com','900000040',1,NULL,'2025-05-13 20:38:00','2025-07-17 15:40:19'),(184,33,'60.287.700-0','Transportes y Logística Armstrong SpA','Av. Hackett Common Nº3752',259,'900000072','transportistaecoruta@gmail.com','900000014',1,NULL,'2025-05-13 20:38:00','2025-07-17 15:40:19'),(185,32,'67.859.585-3','Marítima Johnsonmouth SpA','Av. Stehr Village Nº2392',239,'900000073','maritima_johnsonmouth_spa@chile.cl','900000049',1,NULL,'2025-05-13 20:38:00','2025-05-20 04:31:06'),(186,32,'64.348.644-K','Cultivos Collierfurt Austral','Av. Jazmin Rapids Nº2500',334,'900000074','cultivos_collierfurt_austral@chile.cl','900000084',1,NULL,'2025-05-13 20:38:00','2025-05-20 04:31:06'),(187,33,'67.681.971-1','Transportes Lowe e Hijos Ltda.','Av. Alexa Extensions Nº3398',209,'900000075','transportistaecoruta@gmail.com','900000008',1,NULL,'2025-05-13 20:38:00','2025-07-17 15:40:19'),(188,33,'69.690.078-7','Camiones y Fletes Joaquin Ltda.','Av. Medhurst Wall Nº4085',235,'900000076','transportistaecoruta@gmail.com','900000026',1,NULL,'2025-05-13 20:38:00','2025-07-17 15:40:19'),(189,32,'70.802.151-2','BioMarina East Foster Ltda.','Av. Flavie View Nº7108',249,'900000077','biomarina_east_foster_ltda@chile.cl','900000013',1,NULL,'2025-05-13 20:38:00','2025-05-20 04:31:06'),(190,32,'85.380.548-3','Acuícola New Chanelport SpA','Av. Alden Ranch Nº6720',217,'900000078','acuicola_new_chanelport_spa@chile.cl','900000097',1,NULL,'2025-05-13 20:38:00','2025-05-20 04:31:06'),(191,33,'60.952.892-3','Transportes del Norte Shields S.A.','Av. Strosin Ports Nº3463',258,'900000079','transportistaecoruta@gmail.com','900000025',1,NULL,'2025-05-13 20:38:00','2025-07-17 15:40:19'),(192,32,'79.455.989-9','SurTech South Nedfurt y Cía.','Av. Aniyah Villages Nº4434',228,'900000080','surtech_south_nedfurt_y_cia@chile.cl','900000025',1,NULL,'2025-05-13 20:38:00','2025-05-20 04:31:06'),(193,32,'88.546.492-0','Andes Mar Theronborough SpA','Av. McGlynn Harbors Nº1756',259,'900000081','andes_mar_theronborough_spa@chile.cl','900000052',1,NULL,'2025-05-13 20:38:00','2025-05-20 04:31:06'),(194,33,'84.508.184-0','Camiones y Fletes Dwight Ltda.','Av. Keeling Hill Nº6154',331,'900000082','transportistaecoruta@gmail.com','900000092',1,NULL,'2025-05-13 20:38:00','2025-07-17 15:40:19'),(195,32,'80.653.683-0','SurAcuícola Tierrahaven S.A.','Av. Orn Locks Nº7264',217,'900000083','suracuicola_tierrahaven_sa@chile.cl','900000094',1,NULL,'2025-05-13 20:38:00','2025-05-20 04:31:06'),(196,32,'63.986.368-9','SurAcuícola Hodkiewiczstad Austral','Av. Bode Garden Nº1730',236,'900000084','suracuicola_hodkiewiczstad_austral@chile.cl','900000014',0,'Empresa actualmente inactiva','2025-05-13 20:38:00','2025-05-20 04:31:06'),(197,32,'82.492.403-1','Cultivos East Santinofort y Cía.','Av. Durgan Ramp Nº9200',239,'900000085','cultivos_east_santinofort_y_cia@chile.cl','900000026',1,NULL,'2025-05-13 20:38:00','2025-05-20 04:31:06'),(198,33,'82.641.717-K','Transportes y Logística Mraz SpA','Av. Alexie Walks Nº5825',333,'900000086','transportistaecoruta@gmail.com','900000089',1,NULL,'2025-05-13 20:38:00','2025-07-17 15:40:19'),(199,32,'63.540.754-9','Patagonia Blue Pagacberg Ltda.','Av. Rafaela Circle Nº2691',266,'900000087','patagonia_blue_pagacberg_ltda@chile.cl','900000070',1,NULL,'2025-05-13 20:38:01','2025-05-20 04:31:06'),(200,33,'78.373.853-8','Transportes y Logística Emmerich SpA','Av. Mayra Pine Nº517',261,'900000088','transportistaecoruta@gmail.com','900000041',1,NULL,'2025-05-13 20:38:01','2025-07-17 15:40:19'),(201,32,'76.793.828-4','Acuícola Doyleside SpA','Av. Barrows Spurs Nº289',268,'900000089','acuicola_doyleside_spa@chile.cl','900000011',1,NULL,'2025-05-13 20:38:01','2025-05-20 04:31:06'),(202,32,'77.779.985-1','Piscícola Port Baileychester y Cía.','Av. Sienna Pike Nº2710',336,'900000090','piscicola_port_baileychester_y_cia@chile.cl','900000093',1,NULL,'2025-05-13 20:38:01','2025-05-20 04:31:06'),(203,33,'85.450.487-8','Transporte Maggio y Compañía','Av. Belle Views Nº5655',203,'900000091','transportistaecoruta@gmail.com','900000020',1,NULL,'2025-05-13 20:38:01','2025-07-17 15:40:19'),(204,33,'64.177.848-6','Transporte Moore y Compañía','Av. Caitlyn Ranch Nº4182',201,'900000092','transportistaecoruta@gmail.com','900000020',1,NULL,'2025-05-13 20:38:01','2025-07-17 15:40:19'),(205,32,'63.669.878-4','BioMarina Jerrodchester y Cía.','Av. Violet Loaf Nº9779',340,'900000093','biomarina_jerrodchester_y_cia@chile.cl','900000047',1,NULL,'2025-05-13 20:38:01','2025-05-20 04:31:06'),(206,32,'75.678.603-2','EcoFish Port Name EIRL','Av. Kris Shoal Nº6977',338,'900000094','ecofish_port_name_eirl@chile.cl','900000027',1,NULL,'2025-05-13 20:38:01','2025-05-20 04:31:06'),(207,33,'67.858.387-1','Servicios de Transporte Hodkiewicz Hermanos Ltda.','Av. Arielle Shore Nº1708',227,'900000095','transportistaecoruta@gmail.com','900000090',1,NULL,'2025-05-13 20:38:01','2025-07-17 15:40:19'),(208,33,'70.248.705-6','Fletes y Cargas Celestino SpA','Av. Quinton Springs Nº7332',238,'900000096','transportistaecoruta@gmail.com','900000029',1,NULL,'2025-05-13 20:38:01','2025-07-17 15:40:19'),(209,32,'63.236.013-4','Oceanía Hillside S.A.','Av. Christ Alley Nº9557',260,'900000097','oceania_hillside_sa@chile.cl','900000035',1,NULL,'2025-05-13 20:38:01','2025-05-20 04:31:06'),(210,33,'82.870.295-5','Fletes y Cargas Chasity SpA','Av. Martine Estates Nº4210',223,'900000098','transportistaecoruta@gmail.com','900000013',0,'Empresa actualmente inactiva','2025-05-13 20:38:01','2025-07-17 15:40:19'),(211,32,'72.303.010-2','Lagos Chile Doyletown Chile','Av. Hauck Trail Nº1572',264,'900000099','lagos_chile_doyletown_chile@chile.cl','900000026',1,NULL,'2025-05-13 20:38:01','2025-05-20 04:31:06'),(212,33,'80.328.221-8','Transportes y Logística Kuvalis SpA','Av. Waelchi Springs Nº7836',206,'9000000100','transportistaecoruta@gmail.com','900000034',1,NULL,'2025-05-13 20:38:01','2025-07-17 15:40:19'),(213,33,'65.887.018-1','Transportes Gutmann e Hijos Ltda.','Av. Brakus Summit Nº7954',254,'9000000101','transportistaecoruta@gmail.com','900000025',1,NULL,'2025-05-13 20:38:01','2025-07-17 15:40:19'),(214,33,'89.760.128-1','Transportes del Norte Gulgowski S.A.','Av. Dahlia Shoals Nº7498',275,'9000000102','transportistaecoruta@gmail.com','900000075',1,NULL,'2025-05-13 20:38:02','2025-07-17 15:40:19'),(215,32,'85.855.523-K','Andes Mar Mosciskifurt EIRL','Av. Evie Isle Nº5778',260,'9000000103','andes_mar_mosciskifurt_eirl@chile.cl','900000002',1,NULL,'2025-05-13 20:38:02','2025-05-20 04:31:06'),(216,32,'71.696.186-9','Piscícola New Whitney Holding','Av. Hoppe Station Nº9458',261,'9000000104','piscicola_new_whitney_holding@chile.cl','900000046',1,NULL,'2025-05-13 20:38:02','2025-05-20 04:31:06'),(217,32,'81.182.359-7','SurTech Elodychester Chile','Av. Orland Port Nº404',247,'9000000105','surtech_elodychester_chile@chile.cl','900000090',1,NULL,'2025-05-13 20:38:02','2025-05-20 04:31:06'),(218,32,'87.002.176-3','Acuícola Port Alex Chile','Av. Terrill Hills Nº9010',206,'9000000106','acuicola_port_alex_chile@chile.cl','900000079',1,NULL,'2025-05-13 20:38:02','2025-05-20 04:31:06'),(219,33,'66.671.594-2','Fletes y Cargas Lillie SpA','Av. Tamara Club Nº2374',233,'9000000107','transportistaecoruta@gmail.com','900000064',1,NULL,'2025-05-13 20:38:02','2025-07-17 15:40:19'),(220,33,'66.223.824-4','Transporte Bode y Compañía','Av. O\'Kon Circle Nº1083',246,'9000000108','transportistaecoruta@gmail.com','900000038',1,NULL,'2025-05-13 20:38:02','2025-07-17 15:40:19'),(221,33,'71.357.775-8','Transporte Hickle y Compañía','Av. Kreiger Mount Nº2147',261,'9000000109','transportistaecoruta@gmail.com','900000005',1,NULL,'2025-05-13 20:38:02','2025-07-17 15:40:19'),(222,33,'63.415.395-0','Transportes y Logística McKenzie SpA','Av. Green Radial Nº2642',336,'9000000110','transportistaecoruta@gmail.com','900000032',1,NULL,'2025-05-13 20:38:02','2025-07-17 15:40:19'),(223,33,'71.730.996-0','Camiones y Fletes Alford Ltda.','Sol 12',318,'900000055','transportistaecoruta@gmail.com','900000019',1,NULL,'2025-05-19 23:41:09','2025-07-17 15:40:19');
/*!40000 ALTER TABLE `empresas` ENABLE KEYS */;
UNLOCK TABLES;

--
-- Table structure for table `failed_jobs`
--

DROP TABLE IF EXISTS `failed_jobs`;
/*!40101 SET @saved_cs_client     = @@character_set_client */;
/*!50503 SET character_set_client = utf8mb4 */;
CREATE TABLE `failed_jobs` (
  `id` bigint(20) unsigned NOT NULL AUTO_INCREMENT,
  `uuid` varchar(255) NOT NULL,
  `connection` text NOT NULL,
  `queue` text NOT NULL,
  `payload` longtext NOT NULL,
  `exception` longtext NOT NULL,
  `failed_at` timestamp NOT NULL DEFAULT current_timestamp(),
  PRIMARY KEY (`id`),
  UNIQUE KEY `failed_jobs_uuid_unique` (`uuid`)
) ENGINE=InnoDB DEFAULT CHARSET=utf8mb4 COLLATE=utf8mb4_unicode_ci;
/*!40101 SET character_set_client = @saved_cs_client */;

--
-- Dumping data for table `failed_jobs`
--

LOCK TABLES `failed_jobs` WRITE;
/*!40000 ALTER TABLE `failed_jobs` DISABLE KEYS */;
/*!40000 ALTER TABLE `failed_jobs` ENABLE KEYS */;
UNLOCK TABLES;

--
-- Table structure for table `job_batches`
--

DROP TABLE IF EXISTS `job_batches`;
/*!40101 SET @saved_cs_client     = @@character_set_client */;
/*!50503 SET character_set_client = utf8mb4 */;
CREATE TABLE `job_batches` (
  `id` varchar(255) NOT NULL,
  `name` varchar(255) NOT NULL,
  `total_jobs` int(11) NOT NULL,
  `pending_jobs` int(11) NOT NULL,
  `failed_jobs` int(11) NOT NULL,
  `failed_job_ids` longtext NOT NULL,
  `options` mediumtext DEFAULT NULL,
  `cancelled_at` int(11) DEFAULT NULL,
  `created_at` int(11) NOT NULL,
  `finished_at` int(11) DEFAULT NULL,
  PRIMARY KEY (`id`)
) ENGINE=InnoDB DEFAULT CHARSET=utf8mb4 COLLATE=utf8mb4_unicode_ci;
/*!40101 SET character_set_client = @saved_cs_client */;

--
-- Dumping data for table `job_batches`
--

LOCK TABLES `job_batches` WRITE;
/*!40000 ALTER TABLE `job_batches` DISABLE KEYS */;
/*!40000 ALTER TABLE `job_batches` ENABLE KEYS */;
UNLOCK TABLES;

--
-- Table structure for table `jobs`
--

DROP TABLE IF EXISTS `jobs`;
/*!40101 SET @saved_cs_client     = @@character_set_client */;
/*!50503 SET character_set_client = utf8mb4 */;
CREATE TABLE `jobs` (
  `id` bigint(20) unsigned NOT NULL AUTO_INCREMENT,
  `queue` varchar(255) NOT NULL,
  `payload` longtext NOT NULL,
  `attempts` tinyint(3) unsigned NOT NULL,
  `reserved_at` int(10) unsigned DEFAULT NULL,
  `available_at` int(10) unsigned NOT NULL,
  `created_at` int(10) unsigned NOT NULL,
  PRIMARY KEY (`id`),
  KEY `jobs_queue_index` (`queue`)
) ENGINE=InnoDB DEFAULT CHARSET=utf8mb4 COLLATE=utf8mb4_unicode_ci;
/*!40101 SET character_set_client = @saved_cs_client */;

--
-- Dumping data for table `jobs`
--

LOCK TABLES `jobs` WRITE;
/*!40000 ALTER TABLE `jobs` DISABLE KEYS */;
/*!40000 ALTER TABLE `jobs` ENABLE KEYS */;
UNLOCK TABLES;

--
-- Table structure for table `maquilas`
--

DROP TABLE IF EXISTS `maquilas`;
/*!40101 SET @saved_cs_client     = @@character_set_client */;
/*!50503 SET character_set_client = utf8mb4 */;
CREATE TABLE `maquilas` (
  `id` bigint(20) unsigned NOT NULL AUTO_INCREMENT,
  `empresa_id` bigint(20) unsigned NOT NULL,
  `sucursal_id` bigint(20) unsigned NOT NULL,
  `fecha_inicio` date DEFAULT NULL,
  `activo` tinyint(1) NOT NULL DEFAULT 1,
  `observaciones` text DEFAULT NULL,
  `created_at` timestamp NULL DEFAULT NULL,
  `updated_at` timestamp NULL DEFAULT NULL,
  PRIMARY KEY (`id`),
  UNIQUE KEY `maquilas_empresa_sucursal_unique` (`empresa_id`,`sucursal_id`),
  KEY `maquilas_sucursal_fk` (`sucursal_id`),
  CONSTRAINT `maquilas_empresa_fk` FOREIGN KEY (`empresa_id`) REFERENCES `empresas` (`id`) ON UPDATE CASCADE,
  CONSTRAINT `maquilas_sucursal_fk` FOREIGN KEY (`sucursal_id`) REFERENCES `sucursales` (`id`) ON UPDATE CASCADE
) ENGINE=InnoDB AUTO_INCREMENT=2225 DEFAULT CHARSET=utf8mb4 COLLATE=utf8mb4_unicode_ci;
/*!40101 SET character_set_client = @saved_cs_client */;

--
-- Dumping data for table `maquilas`
--

LOCK TABLES `maquilas` WRITE;
/*!40000 ALTER TABLE `maquilas` DISABLE KEYS */;
INSERT INTO `maquilas` VALUES (1881,147,5,'2024-09-12',1,NULL,'2025-06-08 23:33:18','2025-06-08 23:33:18'),(1882,206,5,'2024-08-09',1,NULL,'2025-06-08 23:33:18','2025-06-08 23:33:18'),(1883,217,5,'2024-08-02',1,NULL,'2025-06-08 23:33:18','2025-06-08 23:33:18'),(1884,218,5,'2024-09-24',1,NULL,'2025-06-08 23:33:18','2025-06-25 22:09:48'),(1885,196,5,'2024-09-28',1,NULL,'2025-06-08 23:33:18','2025-06-25 22:09:53'),(1886,136,10,'2024-11-18',1,NULL,'2025-06-08 23:33:18','2025-06-08 23:33:18'),(1887,160,10,'2024-08-21',1,NULL,'2025-06-08 23:33:18','2025-06-08 23:33:18'),(1888,167,10,'2024-09-16',1,NULL,'2025-06-08 23:33:18','2025-06-08 23:33:18'),(1889,176,10,'2024-06-23',1,NULL,'2025-06-08 23:33:18','2025-06-08 23:33:18'),(1890,215,10,'2024-06-23',1,NULL,'2025-06-08 23:33:18','2025-06-08 23:33:18'),(1891,155,10,'2024-06-15',1,NULL,'2025-06-08 23:33:18','2025-06-25 22:09:49'),(1892,137,10,'2025-02-26',1,NULL,'2025-06-08 23:33:18','2025-06-25 22:09:50'),(1893,202,10,'2024-10-29',1,NULL,'2025-06-08 23:33:18','2025-06-25 22:09:54'),(1894,158,10,'2025-05-03',1,NULL,'2025-06-08 23:33:18','2025-06-25 22:09:56'),(1895,171,10,'2025-03-07',1,NULL,'2025-06-08 23:33:18','2025-06-25 22:09:56'),(1896,133,15,'2025-02-27',1,NULL,'2025-06-08 23:33:18','2025-06-25 22:09:48'),(1897,174,16,'2024-07-27',1,NULL,'2025-06-08 23:33:18','2025-06-08 23:33:18'),(1898,175,16,'2024-11-16',1,NULL,'2025-06-08 23:33:18','2025-06-08 23:33:18'),(1899,186,16,'2025-06-08',1,NULL,'2025-06-08 23:33:18','2025-06-08 23:33:18'),(1900,131,16,'2025-04-04',1,NULL,'2025-06-08 23:33:18','2025-06-25 22:09:50'),(1901,116,16,'2024-10-07',1,NULL,'2025-06-08 23:33:18','2025-06-25 22:09:52'),(1902,141,16,'2025-03-29',1,NULL,'2025-06-08 23:33:18','2025-06-25 22:09:56'),(1903,164,26,'2024-10-16',1,NULL,'2025-06-08 23:33:18','2025-06-08 23:33:18'),(1904,199,26,'2025-05-06',1,NULL,'2025-06-08 23:33:18','2025-06-25 22:09:48'),(1905,206,26,'2024-08-29',1,NULL,'2025-06-08 23:33:18','2025-06-25 22:09:49'),(1906,134,36,'2024-09-15',1,NULL,'2025-06-08 23:33:18','2025-06-08 23:33:18'),(1907,135,36,'2025-03-13',1,NULL,'2025-06-08 23:33:18','2025-06-08 23:33:18'),(1908,196,36,'2024-10-29',1,NULL,'2025-06-08 23:33:18','2025-06-08 23:33:18'),(1909,174,36,'2024-06-28',1,NULL,'2025-06-08 23:33:18','2025-06-25 22:09:53'),(1910,162,36,'2024-08-18',1,NULL,'2025-06-08 23:33:18','2025-06-25 22:09:55'),(1911,160,36,'2024-07-25',1,NULL,'2025-06-08 23:33:18','2025-06-25 22:09:55'),(1912,114,37,'2025-01-24',1,NULL,'2025-06-08 23:33:18','2025-06-08 23:33:18'),(1913,120,37,'2024-08-02',1,NULL,'2025-06-08 23:33:18','2025-06-08 23:33:18'),(1914,167,37,'2025-01-13',1,NULL,'2025-06-08 23:33:18','2025-06-08 23:33:18'),(1915,172,37,'2024-07-27',1,NULL,'2025-06-08 23:33:18','2025-06-08 23:33:18'),(1916,218,37,'2025-02-14',1,NULL,'2025-06-08 23:33:18','2025-06-08 23:33:18'),(1917,159,37,'2025-02-02',1,NULL,'2025-06-08 23:33:18','2025-06-25 22:09:47'),(1918,117,37,'2025-06-09',1,NULL,'2025-06-08 23:33:18','2025-06-25 22:09:52'),(1919,145,37,'2025-01-01',1,NULL,'2025-06-08 23:33:18','2025-06-25 22:09:53'),(1920,209,37,'2024-09-12',1,NULL,'2025-06-08 23:33:18','2025-06-25 22:09:54'),(1921,2,40,'2025-01-28',1,NULL,'2025-06-08 23:33:18','2025-06-08 23:33:18'),(1922,131,40,'2024-10-30',1,NULL,'2025-06-08 23:33:18','2025-06-08 23:33:18'),(1923,148,40,'2024-12-02',1,NULL,'2025-06-08 23:33:18','2025-06-08 23:33:18'),(1924,192,40,'2024-12-07',1,NULL,'2025-06-08 23:33:18','2025-06-08 23:33:18'),(1925,195,40,'2024-08-14',1,NULL,'2025-06-08 23:33:18','2025-06-08 23:33:18'),(1926,202,40,'2024-12-26',1,NULL,'2025-06-08 23:33:18','2025-06-08 23:33:18'),(1927,216,40,'2024-12-12',1,NULL,'2025-06-08 23:33:18','2025-06-25 22:09:51'),(1928,172,40,'2025-03-08',1,NULL,'2025-06-08 23:33:18','2025-06-25 22:09:52'),(1929,171,40,'2025-05-26',1,NULL,'2025-06-08 23:33:18','2025-06-25 22:09:52'),(1930,120,40,'2025-03-18',1,NULL,'2025-06-08 23:33:18','2025-06-25 22:09:55'),(1931,138,41,'2024-10-27',1,NULL,'2025-06-08 23:33:18','2025-06-08 23:33:18'),(1932,167,41,'2024-10-31',1,NULL,'2025-06-08 23:33:18','2025-06-25 22:09:50'),(1933,186,41,'2025-01-08',1,NULL,'2025-06-08 23:33:18','2025-06-25 22:09:53'),(1934,217,41,'2024-08-25',1,NULL,'2025-06-08 23:33:18','2025-06-25 22:09:55'),(1935,190,46,'2025-01-25',1,NULL,'2025-06-08 23:33:18','2025-06-08 23:33:18'),(1936,182,50,'2024-07-29',1,NULL,'2025-06-08 23:33:18','2025-06-25 22:09:50'),(1937,129,50,'2025-02-07',1,NULL,'2025-06-08 23:33:18','2025-06-25 22:09:53'),(1938,145,1,'2024-11-22',1,NULL,'2025-06-08 23:33:18','2025-06-08 23:33:18'),(1939,148,46,'2024-06-11',1,NULL,'2025-06-08 23:33:18','2025-06-08 23:33:18'),(1940,172,1,'2024-07-03',1,NULL,'2025-06-08 23:33:18','2025-06-08 23:33:18'),(1941,175,1,'2025-05-06',1,NULL,'2025-06-08 23:33:18','2025-06-25 22:09:51'),(1942,197,1,'2024-11-16',1,NULL,'2025-06-08 23:33:18','2025-06-25 22:09:53'),(1943,201,1,'2024-09-06',1,NULL,'2025-06-08 23:33:18','2025-06-25 22:09:54'),(1944,133,6,'2024-09-13',1,NULL,'2025-06-08 23:33:18','2025-06-25 22:09:47'),(1945,173,6,'2024-07-12',1,NULL,'2025-06-08 23:33:18','2025-06-25 22:09:47'),(1946,155,6,'2024-07-04',1,NULL,'2025-06-08 23:33:18','2025-06-25 22:09:48'),(1947,141,6,'2024-09-18',1,NULL,'2025-06-08 23:33:18','2025-06-25 22:09:52'),(1948,201,6,'2024-10-04',1,NULL,'2025-06-08 23:33:18','2025-06-25 22:09:53'),(1949,120,12,'2024-10-08',1,NULL,'2025-06-08 23:33:18','2025-06-08 23:33:18'),(1950,134,12,'2024-11-09',1,NULL,'2025-06-08 23:33:18','2025-06-08 23:33:18'),(1951,171,12,'2025-01-20',1,NULL,'2025-06-08 23:33:18','2025-06-08 23:33:18'),(1952,189,12,'2024-12-10',1,NULL,'2025-06-08 23:33:18','2025-06-08 23:33:18'),(1953,192,12,'2024-11-01',1,NULL,'2025-06-08 23:33:18','2025-06-08 23:33:18'),(1954,216,12,'2025-03-16',1,NULL,'2025-06-08 23:33:18','2025-06-08 23:33:18'),(1955,167,12,'2024-11-03',1,NULL,'2025-06-08 23:33:18','2025-06-25 22:09:51'),(1956,143,12,'2025-01-22',1,NULL,'2025-06-08 23:33:18','2025-06-25 22:09:52'),(1957,131,13,'2025-05-28',1,NULL,'2025-06-08 23:33:18','2025-06-08 23:33:18'),(1958,135,13,'2025-02-11',1,NULL,'2025-06-08 23:33:18','2025-06-08 23:33:18'),(1959,167,13,'2024-09-23',1,NULL,'2025-06-08 23:33:18','2025-06-08 23:33:18'),(1960,209,13,'2025-04-20',1,NULL,'2025-06-08 23:33:18','2025-06-08 23:33:18'),(1961,215,13,'2025-01-09',1,NULL,'2025-06-08 23:33:18','2025-06-25 22:09:51'),(1962,193,13,'2025-02-06',1,NULL,'2025-06-08 23:33:18','2025-06-25 22:09:55'),(1963,120,14,'2024-12-02',1,NULL,'2025-06-08 23:33:18','2025-06-08 23:33:18'),(1964,177,14,'2025-03-13',1,NULL,'2025-06-08 23:33:18','2025-06-08 23:33:18'),(1965,138,14,'2024-08-10',1,NULL,'2025-06-08 23:33:18','2025-06-25 22:09:48'),(1966,138,20,'2025-04-20',1,NULL,'2025-06-08 23:33:18','2025-06-08 23:33:18'),(1967,196,20,'2024-10-30',1,NULL,'2025-06-08 23:33:18','2025-06-08 23:33:18'),(1968,206,20,'2024-07-14',1,NULL,'2025-06-08 23:33:18','2025-06-08 23:33:18'),(1969,185,20,'2025-03-16',1,NULL,'2025-06-08 23:33:18','2025-06-25 22:09:50'),(1970,131,22,'2024-09-20',1,NULL,'2025-06-08 23:33:18','2025-06-08 23:33:18'),(1971,192,22,'2024-11-03',1,NULL,'2025-06-08 23:33:18','2025-06-08 23:33:18'),(1972,177,30,'2024-10-05',1,NULL,'2025-06-08 23:33:18','2025-06-08 23:33:18'),(1973,178,30,'2025-02-09',1,NULL,'2025-06-08 23:33:18','2025-06-08 23:33:18'),(1974,197,30,'2024-11-17',1,NULL,'2025-06-08 23:33:18','2025-06-08 23:33:18'),(1975,218,30,'2025-01-24',1,NULL,'2025-06-08 23:33:18','2025-06-08 23:33:18'),(1976,192,30,'2024-09-18',1,NULL,'2025-06-08 23:33:18','2025-06-25 22:09:49'),(1977,186,30,'2024-06-18',1,NULL,'2025-06-08 23:33:18','2025-06-25 22:09:50'),(1978,206,30,'2024-09-15',1,NULL,'2025-06-08 23:33:18','2025-06-25 22:09:55'),(1979,190,30,'2024-10-31',1,NULL,'2025-06-08 23:33:18','2025-06-25 22:09:55'),(1980,139,30,'2024-12-20',1,NULL,'2025-06-08 23:33:18','2025-06-25 22:09:56'),(1981,139,31,'2025-01-24',1,NULL,'2025-06-08 23:33:18','2025-06-08 23:33:18'),(1982,116,38,'2024-07-04',1,NULL,'2025-06-08 23:33:18','2025-06-08 23:33:18'),(1983,174,38,'2025-03-08',1,NULL,'2025-06-08 23:33:18','2025-06-08 23:33:18'),(1984,218,46,'2025-03-05',1,NULL,'2025-06-08 23:33:18','2025-06-08 23:33:18'),(1985,114,38,'2024-10-15',1,NULL,'2025-06-08 23:33:18','2025-06-25 22:09:47'),(1986,155,38,'2024-09-17',1,NULL,'2025-06-08 23:33:18','2025-06-25 22:09:48'),(1987,195,38,'2024-08-03',1,NULL,'2025-06-08 23:33:18','2025-06-25 22:09:48'),(1988,176,38,'2025-01-20',1,NULL,'2025-06-08 23:33:18','2025-06-25 22:09:49'),(1989,146,38,'2025-04-11',1,NULL,'2025-06-08 23:33:18','2025-06-25 22:09:54'),(1990,171,38,'2024-11-22',1,NULL,'2025-06-08 23:33:18','2025-06-25 22:09:56'),(1991,2,43,'2024-09-15',1,NULL,'2025-06-08 23:33:18','2025-06-08 23:33:18'),(1992,176,43,'2024-09-14',1,NULL,'2025-06-08 23:33:18','2025-06-08 23:33:18'),(1993,211,43,'2025-04-20',1,NULL,'2025-06-08 23:33:18','2025-06-25 22:09:51'),(1994,137,43,'2025-06-05',1,NULL,'2025-06-08 23:33:18','2025-06-25 22:09:52'),(1995,169,43,'2025-04-05',1,NULL,'2025-06-08 23:33:18','2025-06-25 22:09:52'),(1996,116,43,'2024-12-15',1,NULL,'2025-06-08 23:33:18','2025-06-25 22:09:52'),(1997,177,43,'2025-02-19',1,NULL,'2025-06-08 23:33:18','2025-06-25 22:09:53'),(1998,217,44,'2024-10-24',1,NULL,'2025-06-08 23:33:18','2025-06-08 23:33:18'),(1999,215,44,'2025-02-04',1,NULL,'2025-06-08 23:33:18','2025-06-25 22:09:47'),(2000,173,44,'2025-03-07',1,NULL,'2025-06-08 23:33:18','2025-06-25 22:09:50'),(2001,117,44,'2025-05-03',1,NULL,'2025-06-08 23:33:18','2025-06-25 22:09:51'),(2002,179,44,'2024-08-21',1,NULL,'2025-06-08 23:33:18','2025-06-25 22:09:54'),(2003,2,44,'2025-03-31',1,NULL,'2025-06-08 23:33:18','2025-06-25 22:09:55'),(2004,136,46,'2024-08-26',1,NULL,'2025-06-08 23:33:18','2025-06-25 22:09:55'),(2005,2,2,'2024-09-13',1,NULL,'2025-06-08 23:33:18','2025-06-08 23:33:18'),(2006,117,2,'2024-11-23',1,NULL,'2025-06-08 23:33:18','2025-06-08 23:33:18'),(2007,135,2,'2025-03-13',1,NULL,'2025-06-08 23:33:18','2025-06-08 23:33:18'),(2008,141,2,'2024-12-26',1,NULL,'2025-06-08 23:33:18','2025-06-08 23:33:18'),(2009,159,2,'2024-07-27',1,NULL,'2025-06-08 23:33:18','2025-06-08 23:33:18'),(2010,167,2,'2024-10-17',1,NULL,'2025-06-08 23:33:18','2025-06-08 23:33:18'),(2011,185,2,'2025-04-19',1,NULL,'2025-06-08 23:33:18','2025-06-08 23:33:18'),(2012,171,2,'2024-06-16',1,NULL,'2025-06-08 23:33:18','2025-06-25 22:09:48'),(2013,131,2,'2024-07-06',1,NULL,'2025-06-08 23:33:18','2025-06-25 22:09:55'),(2014,173,7,'2024-06-10',1,NULL,'2025-06-08 23:33:18','2025-06-08 23:33:18'),(2015,176,7,'2025-01-21',1,NULL,'2025-06-08 23:33:18','2025-06-08 23:33:18'),(2016,190,7,'2024-11-19',1,NULL,'2025-06-08 23:33:18','2025-06-08 23:33:18'),(2017,205,7,'2025-06-03',1,NULL,'2025-06-08 23:33:18','2025-06-08 23:33:18'),(2018,162,7,'2025-05-04',1,NULL,'2025-06-08 23:33:18','2025-06-25 22:09:48'),(2019,116,7,'2025-04-07',1,NULL,'2025-06-08 23:33:18','2025-06-25 22:09:50'),(2020,175,7,'2024-08-06',1,NULL,'2025-06-08 23:33:18','2025-06-25 22:09:53'),(2021,201,7,'2024-12-25',1,NULL,'2025-06-08 23:33:18','2025-06-25 22:09:55'),(2022,145,21,'2024-06-14',1,NULL,'2025-06-08 23:33:18','2025-06-08 23:33:18'),(2023,135,27,'2024-10-31',1,NULL,'2025-06-08 23:33:18','2025-06-08 23:33:18'),(2024,148,39,'2025-01-30',1,NULL,'2025-06-08 23:33:18','2025-06-08 23:33:18'),(2025,159,27,'2024-10-07',1,NULL,'2025-06-08 23:33:18','2025-06-08 23:33:18'),(2026,176,27,'2024-08-05',1,NULL,'2025-06-08 23:33:18','2025-06-08 23:33:18'),(2027,177,27,'2024-10-04',1,NULL,'2025-06-08 23:33:18','2025-06-08 23:33:18'),(2028,178,27,'2024-11-04',1,NULL,'2025-06-08 23:33:18','2025-06-08 23:33:18'),(2029,190,27,'2024-08-22',1,NULL,'2025-06-08 23:33:18','2025-06-08 23:33:18'),(2030,196,27,'2024-09-15',1,NULL,'2025-06-08 23:33:18','2025-06-08 23:33:18'),(2031,199,27,'2024-08-24',1,NULL,'2025-06-08 23:33:18','2025-06-08 23:33:18'),(2032,141,27,'2025-05-10',1,NULL,'2025-06-08 23:33:18','2025-06-25 22:09:56'),(2033,137,29,'2024-09-27',1,NULL,'2025-06-08 23:33:18','2025-06-08 23:33:18'),(2034,193,29,'2025-03-08',1,NULL,'2025-06-08 23:33:18','2025-06-08 23:33:18'),(2035,217,29,'2024-09-20',1,NULL,'2025-06-08 23:33:18','2025-06-08 23:33:18'),(2036,218,29,'2025-04-01',1,NULL,'2025-06-08 23:33:18','2025-06-08 23:33:18'),(2037,116,29,'2025-04-04',1,NULL,'2025-06-08 23:33:18','2025-06-25 22:09:47'),(2038,134,29,'2024-10-25',1,NULL,'2025-06-08 23:33:18','2025-06-25 22:09:49'),(2039,136,29,'2024-12-07',1,NULL,'2025-06-08 23:33:18','2025-06-25 22:09:49'),(2040,2,3,'2025-05-31',1,NULL,'2025-06-08 23:33:18','2025-06-08 23:33:18'),(2041,114,3,'2025-04-29',1,NULL,'2025-06-08 23:33:18','2025-06-08 23:33:18'),(2042,185,3,'2024-09-26',1,NULL,'2025-06-08 23:33:18','2025-06-08 23:33:18'),(2043,206,3,'2024-12-25',1,NULL,'2025-06-08 23:33:18','2025-06-08 23:33:18'),(2044,217,3,'2025-03-29',1,NULL,'2025-06-08 23:33:18','2025-06-08 23:33:18'),(2045,193,3,'2024-11-18',1,NULL,'2025-06-08 23:33:18','2025-06-25 22:09:50'),(2046,174,3,'2025-04-13',1,NULL,'2025-06-08 23:33:18','2025-06-25 22:09:53'),(2047,160,8,'2024-07-13',1,NULL,'2025-06-08 23:33:18','2025-06-08 23:33:18'),(2048,185,8,'2024-11-17',1,NULL,'2025-06-08 23:33:18','2025-06-08 23:33:18'),(2049,202,8,'2024-08-03',1,NULL,'2025-06-08 23:33:18','2025-06-08 23:33:18'),(2050,215,8,'2024-12-11',1,NULL,'2025-06-08 23:33:18','2025-06-08 23:33:18'),(2051,148,8,'2024-12-24',1,NULL,'2025-06-08 23:33:18','2025-06-25 22:09:48'),(2052,138,8,'2024-12-24',1,NULL,'2025-06-08 23:33:18','2025-06-25 22:09:49'),(2053,196,8,'2024-11-12',1,NULL,'2025-06-08 23:33:18','2025-06-25 22:09:53'),(2054,174,8,'2025-02-27',1,NULL,'2025-06-08 23:33:18','2025-06-25 22:09:54'),(2055,133,9,'2025-05-25',1,NULL,'2025-06-08 23:33:18','2025-06-08 23:33:18'),(2056,178,9,'2025-04-28',1,NULL,'2025-06-08 23:33:18','2025-06-08 23:33:18'),(2057,185,9,'2025-01-26',1,NULL,'2025-06-08 23:33:18','2025-06-08 23:33:18'),(2058,217,9,'2025-03-02',1,NULL,'2025-06-08 23:33:18','2025-06-25 22:09:47'),(2059,182,9,'2024-06-19',1,NULL,'2025-06-08 23:33:18','2025-06-25 22:09:49'),(2060,138,9,'2024-09-12',1,NULL,'2025-06-08 23:33:18','2025-06-25 22:09:51'),(2061,137,9,'2024-06-28',1,NULL,'2025-06-08 23:33:18','2025-06-25 22:09:52'),(2062,175,9,'2024-12-04',1,NULL,'2025-06-08 23:33:18','2025-06-25 22:09:52'),(2063,215,9,'2025-01-03',1,NULL,'2025-06-08 23:33:18','2025-06-25 22:09:53'),(2064,201,9,'2025-02-26',1,NULL,'2025-06-08 23:33:18','2025-06-25 22:09:54'),(2065,177,18,'2024-08-18',1,NULL,'2025-06-08 23:33:18','2025-06-08 23:33:18'),(2066,178,18,'2024-11-06',1,NULL,'2025-06-08 23:33:18','2025-06-08 23:33:18'),(2067,190,18,'2024-10-20',1,NULL,'2025-06-08 23:33:18','2025-06-08 23:33:18'),(2068,209,18,'2025-02-23',1,NULL,'2025-06-08 23:33:18','2025-06-08 23:33:18'),(2069,141,18,'2025-02-04',1,NULL,'2025-06-08 23:33:18','2025-06-25 22:09:50'),(2070,182,18,'2024-06-15',1,NULL,'2025-06-08 23:33:18','2025-06-25 22:09:52'),(2071,205,18,'2025-04-21',1,NULL,'2025-06-08 23:33:18','2025-06-25 22:09:52'),(2072,1,34,'2024-11-02',1,NULL,'2025-06-08 23:33:18','2025-06-08 23:33:18'),(2073,135,34,'2024-07-04',1,NULL,'2025-06-08 23:33:18','2025-06-08 23:33:18'),(2074,192,34,'2024-10-20',1,NULL,'2025-06-08 23:33:18','2025-06-08 23:33:18'),(2075,218,34,'2024-10-23',1,NULL,'2025-06-08 23:33:18','2025-06-08 23:33:18'),(2076,129,34,'2024-08-20',1,NULL,'2025-06-08 23:33:18','2025-06-25 22:09:48'),(2077,167,34,'2024-10-03',1,NULL,'2025-06-08 23:33:18','2025-06-25 22:09:50'),(2078,190,34,'2024-09-28',1,NULL,'2025-06-08 23:33:18','2025-06-25 22:09:51'),(2079,155,34,'2025-02-03',1,NULL,'2025-06-08 23:33:18','2025-06-25 22:09:53'),(2080,169,34,'2024-09-05',1,NULL,'2025-06-08 23:33:18','2025-06-25 22:09:56'),(2081,134,39,'2024-06-27',1,NULL,'2025-06-08 23:33:18','2025-06-08 23:33:18'),(2082,135,39,'2024-07-23',1,NULL,'2025-06-08 23:33:18','2025-06-08 23:33:18'),(2083,175,39,'2024-07-01',1,NULL,'2025-06-08 23:33:18','2025-06-08 23:33:18'),(2084,178,39,'2025-03-11',1,NULL,'2025-06-08 23:33:18','2025-06-08 23:33:18'),(2085,201,46,'2024-12-24',1,NULL,'2025-06-08 23:33:18','2025-06-08 23:33:18'),(2086,206,39,'2025-02-19',1,NULL,'2025-06-08 23:33:18','2025-06-08 23:33:18'),(2087,189,39,'2025-03-05',1,NULL,'2025-06-08 23:33:18','2025-06-25 22:09:49'),(2088,173,39,'2024-12-03',1,NULL,'2025-06-08 23:33:18','2025-06-25 22:09:49'),(2089,155,39,'2024-12-09',1,NULL,'2025-06-08 23:33:18','2025-06-25 22:09:51'),(2090,217,39,'2025-02-19',1,NULL,'2025-06-08 23:33:18','2025-06-25 22:09:56'),(2091,185,47,'2025-01-26',1,NULL,'2025-06-08 23:33:18','2025-06-08 23:33:18'),(2092,192,47,'2025-04-25',1,NULL,'2025-06-08 23:33:18','2025-06-08 23:33:18'),(2093,197,47,'2024-07-13',1,NULL,'2025-06-08 23:33:18','2025-06-08 23:33:18'),(2094,211,47,'2025-03-04',1,NULL,'2025-06-08 23:33:18','2025-06-08 23:33:18'),(2095,160,48,'2024-10-07',1,NULL,'2025-06-08 23:33:18','2025-06-08 23:33:18'),(2096,216,48,'2024-08-08',1,NULL,'2025-06-08 23:33:18','2025-06-08 23:33:18'),(2097,117,48,'2025-03-07',1,NULL,'2025-06-08 23:33:18','2025-06-25 22:09:49'),(2098,186,48,'2024-07-26',1,NULL,'2025-06-08 23:33:18','2025-06-25 22:09:49'),(2099,146,48,'2025-04-25',1,NULL,'2025-06-08 23:33:18','2025-06-25 22:09:52'),(2100,145,48,'2025-01-04',1,NULL,'2025-06-08 23:33:18','2025-06-25 22:09:55'),(2101,139,52,'2025-02-28',1,NULL,'2025-06-08 23:33:18','2025-06-08 23:33:18'),(2102,160,52,'2025-01-17',1,NULL,'2025-06-08 23:33:18','2025-06-08 23:33:18'),(2103,173,52,'2024-11-21',1,NULL,'2025-06-08 23:33:18','2025-06-08 23:33:18'),(2104,205,52,'2025-01-11',1,NULL,'2025-06-08 23:33:18','2025-06-08 23:33:18'),(2105,137,52,'2024-06-22',1,NULL,'2025-06-08 23:33:18','2025-06-25 22:09:53'),(2106,1,4,'2024-10-30',1,NULL,'2025-06-08 23:33:18','2025-06-08 23:33:18'),(2107,117,4,'2024-10-27',1,NULL,'2025-06-08 23:33:18','2025-06-08 23:33:18'),(2108,177,4,'2025-03-29',1,NULL,'2025-06-08 23:33:18','2025-06-08 23:33:18'),(2109,192,4,'2024-11-11',1,NULL,'2025-06-08 23:33:18','2025-06-08 23:33:18'),(2110,196,4,'2024-06-11',1,NULL,'2025-06-08 23:33:18','2025-06-08 23:33:18'),(2111,202,4,'2025-05-18',1,NULL,'2025-06-08 23:33:18','2025-06-08 23:33:18'),(2112,206,4,'2025-06-07',1,NULL,'2025-06-08 23:33:18','2025-06-08 23:33:18'),(2113,167,4,'2024-11-16',1,NULL,'2025-06-08 23:33:18','2025-06-25 22:09:47'),(2114,120,4,'2025-05-01',1,NULL,'2025-06-08 23:33:18','2025-06-25 22:09:51'),(2115,182,4,'2025-01-25',1,NULL,'2025-06-08 23:33:18','2025-06-25 22:09:51'),(2116,206,11,'2024-12-11',1,NULL,'2025-06-08 23:33:18','2025-06-08 23:33:18'),(2117,197,11,'2024-12-13',1,NULL,'2025-06-08 23:33:18','2025-06-25 22:09:50'),(2118,117,19,'2024-10-07',1,NULL,'2025-06-08 23:33:18','2025-06-08 23:33:18'),(2119,192,19,'2025-04-04',1,NULL,'2025-06-08 23:33:18','2025-06-08 23:33:18'),(2120,178,19,'2025-02-27',1,NULL,'2025-06-08 23:33:18','2025-06-25 22:09:47'),(2121,164,19,'2025-02-06',1,NULL,'2025-06-08 23:33:18','2025-06-25 22:09:48'),(2122,145,19,'2025-04-15',1,NULL,'2025-06-08 23:33:18','2025-06-25 22:09:55'),(2123,134,23,'2025-05-15',1,NULL,'2025-06-08 23:33:18','2025-06-08 23:33:18'),(2124,155,23,'2024-10-23',1,NULL,'2025-06-08 23:33:18','2025-06-08 23:33:18'),(2125,209,23,'2024-09-08',1,NULL,'2025-06-08 23:33:18','2025-06-08 23:33:18'),(2126,205,23,'2025-04-10',1,NULL,'2025-06-08 23:33:18','2025-06-25 22:09:53'),(2127,179,23,'2024-10-01',1,NULL,'2025-06-08 23:33:18','2025-06-25 22:09:53'),(2128,114,25,'2024-06-20',1,NULL,'2025-06-08 23:33:18','2025-06-08 23:33:18'),(2129,155,28,'2025-05-16',1,NULL,'2025-06-08 23:33:18','2025-06-08 23:33:18'),(2130,176,28,'2024-12-30',1,NULL,'2025-06-08 23:33:18','2025-06-08 23:33:18'),(2131,189,28,'2024-11-16',1,NULL,'2025-06-08 23:33:18','2025-06-08 23:33:18'),(2132,202,28,'2025-03-09',1,NULL,'2025-06-08 23:33:18','2025-06-08 23:33:18'),(2133,218,28,'2025-06-02',1,NULL,'2025-06-08 23:33:18','2025-06-25 22:09:48'),(2134,169,28,'2025-06-07',1,NULL,'2025-06-08 23:33:18','2025-06-25 22:09:50'),(2135,141,28,'2024-11-16',1,NULL,'2025-06-08 23:33:18','2025-06-25 22:09:55'),(2136,137,28,'2025-01-25',1,NULL,'2025-06-08 23:33:18','2025-06-25 22:09:55'),(2137,162,28,'2025-04-26',1,NULL,'2025-06-08 23:33:18','2025-06-25 22:09:56'),(2138,135,32,'2025-02-22',1,NULL,'2025-06-08 23:33:18','2025-06-08 23:33:18'),(2139,215,32,'2024-12-26',1,NULL,'2025-06-08 23:33:18','2025-06-08 23:33:18'),(2140,176,32,'2025-04-23',1,NULL,'2025-06-08 23:33:18','2025-06-25 22:09:49'),(2141,164,32,'2025-03-21',1,NULL,'2025-06-08 23:33:18','2025-06-25 22:09:50'),(2142,185,32,'2024-09-24',1,NULL,'2025-06-08 23:33:18','2025-06-25 22:09:51'),(2143,129,32,'2025-04-14',1,NULL,'2025-06-08 23:33:18','2025-06-25 22:09:51'),(2144,211,32,'2024-09-23',1,NULL,'2025-06-08 23:33:18','2025-06-25 22:09:52'),(2145,195,32,'2024-11-16',1,NULL,'2025-06-08 23:33:18','2025-06-25 22:09:54'),(2146,186,32,'2025-04-19',1,NULL,'2025-06-08 23:33:18','2025-06-25 22:09:55'),(2147,193,32,'2024-07-06',1,NULL,'2025-06-08 23:33:18','2025-06-25 22:09:56'),(2148,159,42,'2024-10-01',1,NULL,'2025-06-08 23:33:18','2025-06-08 23:33:18'),(2149,164,42,'2025-03-12',1,NULL,'2025-06-08 23:33:18','2025-06-08 23:33:18'),(2150,206,42,'2024-07-27',1,NULL,'2025-06-08 23:33:18','2025-06-08 23:33:18'),(2151,135,42,'2024-09-10',1,NULL,'2025-06-08 23:33:18','2025-06-25 22:09:54'),(2152,146,45,'2024-08-29',1,NULL,'2025-06-08 23:33:18','2025-06-08 23:33:18'),(2153,175,45,'2025-03-24',1,NULL,'2025-06-08 23:33:18','2025-06-25 22:09:48'),(2154,172,45,'2025-05-28',1,NULL,'2025-06-08 23:33:18','2025-06-25 22:09:49'),(2155,192,45,'2024-11-10',1,NULL,'2025-06-08 23:33:18','2025-06-25 22:09:53'),(2156,2,45,'2024-06-12',1,NULL,'2025-06-08 23:33:18','2025-06-25 22:09:53'),(2157,129,17,'2024-06-30',1,NULL,'2025-06-08 23:33:18','2025-06-08 23:33:18'),(2158,159,17,'2024-08-28',1,NULL,'2025-06-08 23:33:18','2025-06-08 23:33:18'),(2159,173,17,'2024-08-04',1,NULL,'2025-06-08 23:33:18','2025-06-08 23:33:18'),(2160,182,17,'2024-07-29',1,NULL,'2025-06-08 23:33:18','2025-06-08 23:33:18'),(2161,146,17,'2024-10-16',1,NULL,'2025-06-08 23:33:18','2025-06-25 22:09:47'),(2162,137,17,'2025-06-08',1,NULL,'2025-06-08 23:33:18','2025-06-25 22:09:52'),(2163,167,17,'2025-03-09',1,NULL,'2025-06-08 23:33:18','2025-06-25 22:09:52'),(2164,215,17,'2025-05-14',1,NULL,'2025-06-08 23:33:18','2025-06-25 22:09:53'),(2165,178,17,'2024-06-27',1,NULL,'2025-06-08 23:33:18','2025-06-25 22:09:53'),(2166,134,24,'2025-06-03',1,NULL,'2025-06-08 23:33:18','2025-06-08 23:33:18'),(2167,143,24,'2025-04-22',1,NULL,'2025-06-08 23:33:18','2025-06-08 23:33:18'),(2168,145,24,'2025-01-06',1,NULL,'2025-06-08 23:33:18','2025-06-08 23:33:18'),(2169,174,24,'2025-02-07',1,NULL,'2025-06-08 23:33:18','2025-06-08 23:33:18'),(2170,192,24,'2024-12-02',1,NULL,'2025-06-08 23:33:18','2025-06-08 23:33:18'),(2171,217,24,'2025-01-26',1,NULL,'2025-06-08 23:33:18','2025-06-08 23:33:18'),(2172,138,24,'2025-02-24',1,NULL,'2025-06-08 23:33:18','2025-06-25 22:09:48'),(2173,148,24,'2025-03-14',1,NULL,'2025-06-08 23:33:18','2025-06-25 22:09:50'),(2174,162,24,'2025-06-09',1,NULL,'2025-06-08 23:33:18','2025-06-25 22:09:54'),(2175,209,24,'2025-05-19',1,NULL,'2025-06-08 23:33:18','2025-06-25 22:09:55'),(2176,114,33,'2024-08-26',1,NULL,'2025-06-08 23:33:18','2025-06-08 23:33:18'),(2177,138,33,'2025-03-12',1,NULL,'2025-06-08 23:33:18','2025-06-08 23:33:18'),(2178,172,33,'2025-05-21',1,NULL,'2025-06-08 23:33:18','2025-06-08 23:33:18'),(2179,173,33,'2025-04-30',1,NULL,'2025-06-08 23:33:18','2025-06-25 22:09:50'),(2180,206,33,'2025-05-17',1,NULL,'2025-06-08 23:33:18','2025-06-25 22:09:52'),(2181,1,35,'2024-11-21',1,NULL,'2025-06-08 23:33:18','2025-06-08 23:33:18'),(2182,171,35,'2024-09-02',1,NULL,'2025-06-08 23:33:18','2025-06-08 23:33:18'),(2183,186,35,'2024-10-27',1,NULL,'2025-06-08 23:33:18','2025-06-08 23:33:18'),(2184,199,35,'2024-07-27',1,NULL,'2025-06-08 23:33:18','2025-06-08 23:33:18'),(2185,197,35,'2024-10-26',1,NULL,'2025-06-08 23:33:18','2025-06-25 22:09:51'),(2186,155,35,'2024-09-01',1,NULL,'2025-06-08 23:33:18','2025-06-25 22:09:55'),(2187,129,35,'2025-05-08',1,NULL,'2025-06-08 23:33:18','2025-06-25 22:09:55'),(2188,1,49,'2024-12-21',1,NULL,'2025-06-08 23:33:18','2025-06-08 23:33:18'),(2189,136,49,'2025-01-23',1,NULL,'2025-06-08 23:33:18','2025-06-08 23:33:18'),(2190,174,49,'2025-05-08',1,NULL,'2025-06-08 23:33:18','2025-06-08 23:33:18'),(2191,192,49,'2024-07-30',1,NULL,'2025-06-08 23:33:18','2025-06-25 22:09:48'),(2192,138,49,'2025-03-05',1,NULL,'2025-06-08 23:33:18','2025-06-25 22:09:49'),(2193,129,49,'2024-06-09',1,NULL,'2025-06-08 23:33:18','2025-06-25 22:09:51'),(2194,134,49,'2024-07-30',1,NULL,'2025-06-08 23:33:18','2025-06-25 22:09:55'),(2195,114,51,'2025-03-24',1,NULL,'2025-06-08 23:33:18','2025-06-08 23:33:18'),(2196,141,51,'2024-09-23',1,NULL,'2025-06-08 23:33:18','2025-06-08 23:33:18'),(2197,145,51,'2024-08-23',1,NULL,'2025-06-08 23:33:18','2025-06-08 23:33:18'),(2198,155,51,'2024-12-26',1,NULL,'2025-06-08 23:33:18','2025-06-08 23:33:18'),(2199,167,51,'2025-06-05',1,NULL,'2025-06-08 23:33:18','2025-06-08 23:33:18'),(2200,178,51,'2025-02-19',1,NULL,'2025-06-08 23:33:18','2025-06-08 23:33:18'),(2201,216,51,'2025-01-18',1,NULL,'2025-06-08 23:33:18','2025-06-08 23:33:18'),(2202,190,51,'2024-10-08',1,NULL,'2025-06-08 23:33:18','2025-06-25 22:09:51'),(2203,136,51,'2024-07-08',1,NULL,'2025-06-08 23:33:18','2025-06-25 22:09:54'),(2204,158,34,'2024-10-25',1,NULL,'2025-06-08 23:33:18','2025-06-08 23:33:18'),(2205,162,12,'2024-11-25',1,NULL,'2025-06-08 23:33:18','2025-06-08 23:33:18'),(2206,162,8,'2025-01-01',1,NULL,'2025-06-08 23:33:18','2025-06-08 23:33:18'),(2207,162,49,'2024-08-10',1,NULL,'2025-06-08 23:33:18','2025-06-08 23:33:18'),(2208,169,44,'2025-01-18',1,NULL,'2025-06-08 23:33:18','2025-06-08 23:33:18'),(2209,169,27,'2024-06-17',1,NULL,'2025-06-08 23:33:18','2025-06-08 23:33:18'),(2210,169,9,'2025-04-03',1,NULL,'2025-06-08 23:33:18','2025-06-08 23:33:18'),(2211,179,5,'2025-04-01',1,NULL,'2025-06-08 23:33:18','2025-06-08 23:33:18'),(2212,179,37,'2024-11-19',1,NULL,'2025-06-08 23:33:18','2025-06-08 23:33:18'),(2213,179,24,'2024-08-15',1,NULL,'2025-06-08 23:33:18','2025-06-08 23:33:18'),(2214,179,33,'2024-08-31',1,NULL,'2025-06-08 23:33:18','2025-06-08 23:33:18'),(2215,155,52,'2025-01-20',1,NULL,'2025-06-08 23:33:18','2025-06-25 22:09:51'),(2216,131,33,'2024-11-09',1,NULL,'2025-06-08 23:33:18','2025-06-25 22:09:51'),(2217,146,16,'2025-03-18',1,NULL,'2025-06-08 23:33:18','2025-06-25 22:09:54'),(2218,138,30,'2025-02-25',1,NULL,'2025-06-08 23:33:18','2025-06-25 22:09:56'),(2219,148,47,'2024-10-26',1,NULL,'2025-06-08 23:33:18','2025-06-25 22:09:56'),(2220,136,45,'2024-08-06',1,NULL,'2025-06-08 23:33:18','2025-06-25 22:09:56'),(2221,201,21,NULL,1,NULL,'2026-01-08 20:17:47','2026-01-08 20:17:47'),(2222,201,8,NULL,1,NULL,'2026-01-09 05:00:56','2026-01-09 05:00:56'),(2223,189,8,NULL,1,NULL,'2026-02-12 19:28:52','2026-02-12 19:28:52'),(2224,189,27,NULL,1,NULL,'2026-02-12 19:42:03','2026-02-12 19:42:03');
/*!40000 ALTER TABLE `maquilas` ENABLE KEYS */;
UNLOCK TABLES;

--
-- Table structure for table `migrations`
--

DROP TABLE IF EXISTS `migrations`;
/*!40101 SET @saved_cs_client     = @@character_set_client */;
/*!50503 SET character_set_client = utf8mb4 */;
CREATE TABLE `migrations` (
  `id` int(10) unsigned NOT NULL AUTO_INCREMENT,
  `migration` varchar(255) NOT NULL,
  `batch` int(11) NOT NULL,
  PRIMARY KEY (`id`)
) ENGINE=InnoDB AUTO_INCREMENT=91 DEFAULT CHARSET=utf8mb4 COLLATE=utf8mb4_unicode_ci;
/*!40101 SET character_set_client = @saved_cs_client */;

--
-- Dumping data for table `migrations`
--

LOCK TABLES `migrations` WRITE;
/*!40000 ALTER TABLE `migrations` DISABLE KEYS */;
INSERT INTO `migrations` VALUES (1,'0001_01_01_000001_create_cache_table',1),(2,'0001_01_01_000002_create_jobs_table',1),(3,'2025_05_12_020010_0_create_comuna_table',1),(4,'2025_05_12_020010_1_create_region_table',1),(5,'2025_05_12_020010_2_create_design_parameters_table',1),(6,'2025_05_12_020010_3_create_operational_parameters_table',1),(7,'2025_05_12_020010_4_create_list_parameters_table',1),(8,'2025_05_12_020010_5_create_users_table',1),(9,'2025_05_12_020010_6_create_password_resets_table',1),(10,'2025_05_12_020010_7_create_sessions_table',1),(11,'2025_05_12_015117_create_sessions_table',2),(12,'2025_05_12_020010_8_create_password_resets_table',3),(13,'2025_05_12_030000_create_sucursales_table',4),(14,'2025_05_12_030001_create_empresas_table',5),(15,'2025_05_12_030002_create_conductores_table',5),(16,'2025_05_12_030003_create_camiones_table',5),(17,'2025_05_15_012800_create_catalogos_table',6),(20,'2025_05_15_193900_create_catalogo_relaciones_table',7),(21,'2025_05_19_233000_ajustes_sucursales_table',8),(22,'2025_05_20_003000_ajustes_empresas_table',9),(23,'2025_05_20_021000_ajustes_camiones_table',10),(24,'2025_05_20_132800_ajustar_region_comuna_unsigned_comuna_table',11),(25,'2025_05_20_133800_ajustar_campos_fk_unsigned_users_table',12),(26,'2025_05_20_144600_agregando_fks_comuna_users_tables',13),(27,'2025_05_20_152500_agregar_empresa_a_users_y_definir_fk',14),(28,'2025_05_20_164500_create_maquilas_table',15),(29,'2025_05_23_101400_ordenamiento_campo_empresa_en_users_table',16),(30,'2025_05_23_125700_dropcolumn_sucursal_id_en_empresas_table',17),(32,'2025_05_23_151000_ajuste_campos_users_table',18),(33,'2025_05_27_133000_normalizacion_campos_users_table',19),(34,'2025_05_27_143000_copiado_campos_users_table',20),(35,'2025_05_27_150000_clonado_campo_users_table',21),(36,'2025_05_27_223100_actualizacion_fks_users_table',22),(37,'2025_05_27_223500_dropIndex_fks_users_table',23),(38,'2025_05_27_232600_drop_oldColumns_users_table',24),(39,'2025_05_28_120000_creacion_full_laravel_regiones_y_comunas_tables',25),(40,'2025_05_28_164000_fix_foreign_keys_to_comunas_table',26),(41,'2025_05_28_165000_drop_old_region_and_comuna_tables',27),(42,'2025_05_30_214500_add_email_fields_to_operational_parameters_table',28),(43,'2025_06_05_000000_create_solicitudes_table',29),(44,'2025_06_05_000001_create_retiros_table',30),(45,'2025_06_05_000002_create_planificaciones_table',31),(46,'2025_06_06_000000_ajustando_campos_retiros_table',32),(47,'2025_06_08_000000_add_campo_activo_retiros_table',33),(48,'2025_06_08_000001_ren_user_usuario_solicitudes_table',34),(49,'2025_06_08_000002_alter_columns_solicitudes_retiros_estado_tables',35),(50,'2025_06_09_130000_cambio_estado_por_estado_id_en_retiros_table',36),(51,'2025_06_10_110000_create_retiros_historial_table',37),(52,'2025_06_11_160000_create_retiros_comentarios_table',38),(53,'2025_06_14_210000_add_notify_admins_to_operational_parameters_table',39),(54,'2025_06_19_145000_add_columns_planificaciones_table',40),(55,'2025_06_22_011500_add_motivo_modificacion_and_drop_observaciones_in_planificaciones_table',41),(56,'2025_06_24_123000_drop_transportista_tipo_camion_from_planificaciones_table',42),(57,'2025_06_24_210000_drop_cantidad_bins_reponer_from_planificaciones_table',43),(58,'2025_06_25_024000_addcolumn_ticket_cierre_to_planificaciones_table',44),(59,'2025_06_25_222000_make_motivo_modificacion_id_nullable_in_planificaciones_table',45),(61,'2025_07_06_204000_create_telegram_links_table',46),(62,'2025_07_06_205000_addColumn_telegram_chat_id_to_conductores_table',47),(63,'2025_07_07_130400_create_programas_diarios_table',48),(64,'2025_07_07_130500_create_programas_diarios_detalle_table',48),(66,'2025_07_08_175000_add_notificacion_status_to_programas_diarios_tables',49),(67,'2025_07_15_204000_update_kilogramos_estimados_column_in_retiros_table',50),(68,'2025_07_16_014000_update_kilogramos_estimados_column_in_programas_diarios_table',51),(69,'2025_07_16_033300_update_kilogramos_estimados_column_in_retiros_historial_table',52),(70,'2025_08_18_205000_add_comentario_anulacion_to_retiros_table',53),(71,'2025_08_28_005600_modify_null_usuario_id_en_programas_diarios_table',54),(72,'2025_12_15_011000_add_operational_parameters_to_table',55),(74,'2026_01_06_112200_add_region_operativa_id_to_conductores_table',56),(75,'2026_01_06_162200_add_operativa_column_to_regiones_table',57),(76,'2026_01_07_013000_add_region_operativa_id_to_camiones_table',58),(78,'2026_01_07_133000_create_ramplas_table',59),(79,'2026_01_18_204000_alter_planificaciones_para_contexto_xii',60),(80,'2026_01_19_133000_add_etas_columns_to_planificaciones_tables',61),(81,'2026_01_24_022100_add_region_operativa_column_to_planificaciones_table',62),(82,'2026_01_29_191500_add_region_operativa_to_programas_diarios_detalle',63),(83,'2026_02_11_161000_add_rol_solicitante_planta_xii_y_reordenar_roles',64),(84,'2026_02_12_130000_insert_neutral_record_to_rampla_table',65),(86,'2026_02_12_131000_convert_nullable_hora_llegada_estimada_in_planificaciones_table',66),(87,'2026_03_10_184500_add_combined_transit_duration_days_to_operational_parameters_table',67),(88,'2026_04_16_180000_del_tipo_transporte_combinado_in_catalogos_table',68),(89,'2026_04_23_120000_add_delay_arribo_eta_to_operational_parameters_table',68),(90,'2026_04_28_213000_add_tipo_operacion_to_retiros_planificaciones_tables',68);
/*!40000 ALTER TABLE `migrations` ENABLE KEYS */;
UNLOCK TABLES;

--
-- Table structure for table `operational_parameters`
--

DROP TABLE IF EXISTS `operational_parameters`;
/*!40101 SET @saved_cs_client     = @@character_set_client */;
/*!50503 SET character_set_client = utf8mb4 */;
CREATE TABLE `operational_parameters` (
  `id` bigint(20) unsigned NOT NULL AUTO_INCREMENT,
  `support_email` varchar(255) DEFAULT NULL,
  `support_telefono` varchar(255) DEFAULT NULL,
  `daily_program_execution_time` time DEFAULT NULL,
  `auto_emit_daily_program` tinyint(1) NOT NULL DEFAULT 0,
  `audit_email` varchar(255) DEFAULT NULL,
  `audit_email_enabled` tinyint(1) NOT NULL DEFAULT 0,
  `notify_admins_as_coordinators` tinyint(1) NOT NULL DEFAULT 0,
  `verification_expiration_time` int(11) DEFAULT NULL,
  `allow_profile_editing` tinyint(1) NOT NULL DEFAULT 1,
  `average_truck_speed` int(11) DEFAULT NULL,
  `maritime_transit_duration_days` int(10) unsigned NOT NULL DEFAULT 3,
  `terrestrial_transit_duration_days` int(10) unsigned NOT NULL DEFAULT 3,
  `combined_transit_duration_days` int(10) unsigned NOT NULL DEFAULT 3,
  `delay_arribo_eta_hours` int(10) unsigned NOT NULL DEFAULT 3,
  `created_at` timestamp NOT NULL DEFAULT current_timestamp(),
  `updated_at` timestamp NOT NULL DEFAULT current_timestamp() ON UPDATE current_timestamp(),
  PRIMARY KEY (`id`)
) ENGINE=InnoDB AUTO_INCREMENT=2 DEFAULT CHARSET=utf8mb4 COLLATE=utf8mb4_unicode_ci;
/*!40101 SET character_set_client = @saved_cs_client */;

--
-- Dumping data for table `operational_parameters`
--

LOCK TABLES `operational_parameters` WRITE;
/*!40000 ALTER TABLE `operational_parameters` DISABLE KEYS */;
INSERT INTO `operational_parameters` VALUES (1,'soporte-it@invermar.cl','(+56 2) 2580 5200','18:30:00',0,'invermar.itpartner.cl@gmail.com',1,0,3,0,NULL,6,9,3,3,'2025-05-12 05:38:35','2026-01-27 22:15:25');
/*!40000 ALTER TABLE `operational_parameters` ENABLE KEYS */;
UNLOCK TABLES;

--
-- Table structure for table `password_resets`
--

DROP TABLE IF EXISTS `password_resets`;
/*!40101 SET @saved_cs_client     = @@character_set_client */;
/*!50503 SET character_set_client = utf8mb4 */;
CREATE TABLE `password_resets` (
  `email` varchar(255) NOT NULL,
  `token` varchar(255) NOT NULL,
  `created_at` timestamp NOT NULL DEFAULT current_timestamp()
) ENGINE=InnoDB DEFAULT CHARSET=utf8mb4 COLLATE=utf8mb4_unicode_ci;
/*!40101 SET character_set_client = @saved_cs_client */;

--
-- Dumping data for table `password_resets`
--

LOCK TABLES `password_resets` WRITE;
/*!40000 ALTER TABLE `password_resets` DISABLE KEYS */;
INSERT INTO `password_resets` VALUES ('santillana.itpartner.cl@gmail.com','$2y$12$JqT6MFH1wbAm5xkj0Xj0R.0eZuKEpDOAdtQycpwaWIDjkLdsDxR2W','2025-08-21 04:39:19');
/*!40000 ALTER TABLE `password_resets` ENABLE KEYS */;
UNLOCK TABLES;

--
-- Table structure for table `planificaciones`
--

DROP TABLE IF EXISTS `planificaciones`;
/*!40101 SET @saved_cs_client     = @@character_set_client */;
/*!50503 SET character_set_client = utf8mb4 */;
CREATE TABLE `planificaciones` (
  `id` bigint(20) unsigned NOT NULL AUTO_INCREMENT,
  `retiro_id` bigint(20) unsigned NOT NULL,
  `region_operativa_id` bigint(20) unsigned DEFAULT NULL,
  `planificado_por_user_id` bigint(20) unsigned DEFAULT NULL,
  `fecha_hora_planificada` datetime NOT NULL,
  `fecha_embarque` datetime DEFAULT NULL,
  `fecha_arribo_puerto` datetime DEFAULT NULL,
  `fecha_rescate_puerto` datetime DEFAULT NULL,
  `duracion_viaje` varchar(5) NOT NULL,
  `duracion_estimada_dias` tinyint(3) unsigned DEFAULT NULL,
  `tipo_operacion` tinyint(3) unsigned NOT NULL DEFAULT 0 COMMENT '0=retiro, 1=reposicion',
  `hora_llegada_estimada` datetime DEFAULT NULL,
  `eta_calculada` datetime DEFAULT NULL,
  `eta_motivo_modificacion_id` bigint(20) unsigned DEFAULT NULL,
  `fecha_liberacion_recursos` datetime DEFAULT NULL,
  `especie_id` bigint(20) unsigned NOT NULL,
  `tiene_restriccion` tinyint(1) NOT NULL DEFAULT 0,
  `tipo_materia_prima_id` bigint(20) unsigned NOT NULL,
  `camion_id` bigint(20) unsigned NOT NULL,
  `camion_rescate_id` bigint(20) unsigned DEFAULT NULL,
  `conductor_rescate_id` bigint(20) unsigned DEFAULT NULL,
  `patente_rampla` varchar(20) DEFAULT NULL,
  `conductor_id` bigint(20) unsigned NOT NULL,
  `tipo_transporte_id` bigint(20) unsigned DEFAULT NULL,
  `rampla_id` bigint(20) unsigned DEFAULT NULL,
  `motivo_modificacion_id` bigint(20) unsigned DEFAULT NULL,
  `estado_id` bigint(20) unsigned NOT NULL,
  `estado_rampla_id` bigint(20) unsigned DEFAULT NULL,
  `ticket_cierre` varchar(20) DEFAULT NULL,
  `activo` tinyint(1) NOT NULL DEFAULT 1,
  `created_at` timestamp NULL DEFAULT NULL,
  `updated_at` timestamp NULL DEFAULT NULL,
  PRIMARY KEY (`id`),
  UNIQUE KEY `planificaciones_retiro_id_unique` (`retiro_id`),
  KEY `planificaciones_especie_id_foreign` (`especie_id`),
  KEY `planificaciones_tipo_materia_prima_id_foreign` (`tipo_materia_prima_id`),
  KEY `planificaciones_camion_id_foreign` (`camion_id`),
  KEY `planificaciones_conductor_id_foreign` (`conductor_id`),
  KEY `planificaciones_estado_id_foreign` (`estado_id`),
  KEY `planificaciones_motivo_modificacion_id_foreign` (`motivo_modificacion_id`),
  KEY `planificaciones_tipo_transporte_id_idx` (`tipo_transporte_id`),
  KEY `planificaciones_rampla_id_idx` (`rampla_id`),
  KEY `planificaciones_camion_rescate_id_idx` (`camion_rescate_id`),
  KEY `planificaciones_conductor_rescate_id_idx` (`conductor_rescate_id`),
  KEY `planificaciones_estado_rampla_id_idx` (`estado_rampla_id`),
  KEY `planificaciones_planificado_por_user_id_idx` (`planificado_por_user_id`),
  KEY `planificaciones_eta_motivo_modificacion_id_idx` (`eta_motivo_modificacion_id`),
  KEY `planificaciones_region_operativa_id_idx` (`region_operativa_id`),
  KEY `idx_planificaciones_tipo_operacion` (`tipo_operacion`),
  CONSTRAINT `planificaciones_camion_id_foreign` FOREIGN KEY (`camion_id`) REFERENCES `camiones` (`id`),
  CONSTRAINT `planificaciones_camion_rescate_id_fk` FOREIGN KEY (`camion_rescate_id`) REFERENCES `camiones` (`id`),
  CONSTRAINT `planificaciones_conductor_id_foreign` FOREIGN KEY (`conductor_id`) REFERENCES `conductores` (`id`),
  CONSTRAINT `planificaciones_conductor_rescate_id_fk` FOREIGN KEY (`conductor_rescate_id`) REFERENCES `conductores` (`id`),
  CONSTRAINT `planificaciones_especie_id_foreign` FOREIGN KEY (`especie_id`) REFERENCES `catalogos` (`id`),
  CONSTRAINT `planificaciones_estado_id_foreign` FOREIGN KEY (`estado_id`) REFERENCES `catalogos` (`id`),
  CONSTRAINT `planificaciones_estado_rampla_id_fk` FOREIGN KEY (`estado_rampla_id`) REFERENCES `catalogos` (`id`),
  CONSTRAINT `planificaciones_eta_motivo_modificacion_id_fk` FOREIGN KEY (`eta_motivo_modificacion_id`) REFERENCES `catalogos` (`id`),
  CONSTRAINT `planificaciones_motivo_modificacion_id_foreign` FOREIGN KEY (`motivo_modificacion_id`) REFERENCES `catalogos` (`id`),
  CONSTRAINT `planificaciones_planificado_por_user_id_fk` FOREIGN KEY (`planificado_por_user_id`) REFERENCES `users` (`id`),
  CONSTRAINT `planificaciones_rampla_id_fk` FOREIGN KEY (`rampla_id`) REFERENCES `ramplas` (`id`),
  CONSTRAINT `planificaciones_region_operativa_id_fk` FOREIGN KEY (`region_operativa_id`) REFERENCES `regiones` (`id`),
  CONSTRAINT `planificaciones_retiro_id_foreign` FOREIGN KEY (`retiro_id`) REFERENCES `retiros` (`id`) ON DELETE CASCADE ON UPDATE CASCADE,
  CONSTRAINT `planificaciones_tipo_materia_prima_id_foreign` FOREIGN KEY (`tipo_materia_prima_id`) REFERENCES `catalogos` (`id`),
  CONSTRAINT `planificaciones_tipo_transporte_id_fk` FOREIGN KEY (`tipo_transporte_id`) REFERENCES `catalogos` (`id`)
) ENGINE=InnoDB AUTO_INCREMENT=610 DEFAULT CHARSET=utf8mb4 COLLATE=utf8mb4_unicode_ci;
/*!40101 SET character_set_client = @saved_cs_client */;

--
-- Dumping data for table `planificaciones`
--

LOCK TABLES `planificaciones` WRITE;
/*!40000 ALTER TABLE `planificaciones` DISABLE KEYS */;
INSERT INTO `planificaciones` VALUES (63,33,10,NULL,'1970-01-01 00:00:00',NULL,NULL,NULL,'00:00',NULL,0,'1970-01-01 00:00:00',NULL,NULL,NULL,0,0,0,0,NULL,NULL,NULL,0,NULL,NULL,0,0,NULL,NULL,0,'2025-06-20 00:22:31','2025-07-25 02:20:10'),(64,46,10,NULL,'1970-01-01 00:00:00',NULL,NULL,NULL,'00:00',NULL,0,'1970-01-01 00:00:00',NULL,NULL,NULL,0,0,0,0,NULL,NULL,NULL,0,NULL,NULL,0,0,NULL,NULL,1,'2025-06-20 00:22:31','2025-06-25 23:25:47'),(65,63,10,NULL,'1970-01-01 00:00:00',NULL,NULL,NULL,'00:00',NULL,0,'1970-01-01 00:00:00',NULL,NULL,NULL,0,0,0,0,NULL,NULL,NULL,0,NULL,NULL,0,0,NULL,NULL,1,'2025-06-20 00:22:31','2025-06-20 00:22:31'),(66,65,10,NULL,'1970-01-01 00:00:00',NULL,NULL,NULL,'00:00',NULL,0,'1970-01-01 00:00:00',NULL,NULL,NULL,0,0,0,0,NULL,NULL,NULL,0,NULL,NULL,0,0,NULL,NULL,1,'2025-06-20 00:22:31','2025-06-20 00:22:31'),(67,78,10,NULL,'1970-01-01 00:00:00',NULL,NULL,NULL,'00:00',NULL,0,'1970-01-01 00:00:00',NULL,NULL,NULL,0,0,0,0,NULL,NULL,NULL,0,NULL,NULL,0,0,NULL,NULL,1,'2025-06-20 00:22:31','2025-06-25 23:25:47'),(68,89,10,NULL,'1970-01-01 00:00:00',NULL,NULL,NULL,'00:00',NULL,0,'1970-01-01 00:00:00',NULL,NULL,NULL,0,0,0,0,NULL,NULL,NULL,0,NULL,NULL,0,0,NULL,NULL,1,'2025-06-20 00:22:31','2025-06-20 00:22:31'),(69,91,10,NULL,'1970-01-01 00:00:00',NULL,NULL,NULL,'00:00',NULL,0,'1970-01-01 00:00:00',NULL,NULL,NULL,0,0,0,0,NULL,NULL,NULL,0,NULL,NULL,0,0,NULL,NULL,1,'2025-06-20 00:22:31','2025-06-25 23:25:47'),(70,96,10,NULL,'1970-01-01 00:00:00',NULL,NULL,NULL,'00:00',NULL,0,'1970-01-01 00:00:00',NULL,NULL,NULL,0,0,0,0,NULL,NULL,NULL,0,NULL,NULL,0,0,NULL,NULL,1,'2025-06-20 00:22:31','2025-06-25 23:25:47'),(71,104,10,NULL,'1970-01-01 00:00:00',NULL,NULL,NULL,'00:00',NULL,0,'1970-01-01 00:00:00',NULL,NULL,NULL,0,0,0,0,NULL,NULL,NULL,0,NULL,NULL,0,0,NULL,NULL,1,'2025-06-20 00:22:32','2025-06-20 00:22:32'),(72,109,10,NULL,'1970-01-01 00:00:00',NULL,NULL,NULL,'00:00',NULL,0,'1970-01-01 00:00:00',NULL,NULL,NULL,0,0,0,0,NULL,NULL,NULL,0,NULL,NULL,0,0,NULL,NULL,1,'2025-06-20 00:22:32','2025-06-25 23:25:47'),(73,111,10,NULL,'1970-01-01 00:00:00',NULL,NULL,NULL,'00:00',NULL,0,'1970-01-01 00:00:00',NULL,NULL,NULL,0,0,0,0,NULL,NULL,NULL,0,NULL,NULL,0,0,NULL,NULL,1,'2025-06-20 00:22:32','2025-06-20 00:22:32'),(74,130,10,NULL,'1970-01-01 00:00:00',NULL,NULL,NULL,'00:00',NULL,0,'1970-01-01 00:00:00',NULL,NULL,NULL,0,0,0,0,NULL,NULL,NULL,0,NULL,NULL,0,0,NULL,NULL,1,'2025-06-20 00:22:32','2025-06-25 23:25:47'),(75,131,10,NULL,'1970-01-01 00:00:00',NULL,NULL,NULL,'00:00',NULL,0,'1970-01-01 00:00:00',NULL,NULL,NULL,0,0,0,0,NULL,NULL,NULL,0,NULL,NULL,0,0,NULL,NULL,1,'2025-06-20 00:22:32','2025-06-25 23:25:47'),(76,136,10,NULL,'1970-01-01 00:00:00',NULL,NULL,NULL,'00:00',NULL,0,'1970-01-01 00:00:00',NULL,NULL,NULL,0,0,0,0,NULL,NULL,NULL,0,NULL,NULL,0,0,NULL,NULL,1,'2025-06-20 00:22:32','2025-06-20 00:22:32'),(77,148,12,NULL,'1970-01-01 00:00:00',NULL,NULL,NULL,'00:00',0,0,'1970-01-01 00:00:00','1970-01-01 00:00:00',NULL,NULL,0,0,0,0,0,0,NULL,0,0,0,0,0,0,NULL,1,'2025-06-20 00:22:32','2026-02-12 18:52:46'),(78,149,12,NULL,'1970-01-01 00:00:00',NULL,NULL,NULL,'00:00',0,0,'1970-01-01 00:00:00','1970-01-01 00:00:00',NULL,NULL,0,0,0,0,0,0,NULL,0,0,0,0,0,0,NULL,1,'2025-06-20 00:22:32','2026-02-12 18:52:46'),(79,163,10,NULL,'1970-01-01 00:00:00',NULL,NULL,NULL,'00:00',NULL,0,'1970-01-01 00:00:00',NULL,NULL,NULL,0,0,0,0,NULL,NULL,NULL,0,NULL,NULL,0,0,NULL,NULL,1,'2025-06-20 00:22:32','2025-06-20 00:22:32'),(80,205,10,NULL,'1970-01-01 00:00:00',NULL,NULL,NULL,'00:00',NULL,0,'1970-01-01 00:00:00',NULL,NULL,NULL,0,0,0,0,NULL,NULL,NULL,0,NULL,NULL,0,0,NULL,NULL,1,'2025-06-20 00:22:32','2025-06-20 00:22:32'),(81,218,10,NULL,'1970-01-01 00:00:00',NULL,NULL,NULL,'00:00',NULL,0,'1970-01-01 00:00:00',NULL,NULL,NULL,0,0,0,0,NULL,NULL,NULL,0,NULL,NULL,0,0,NULL,NULL,1,'2025-06-20 00:22:32','2025-06-25 23:25:47'),(82,230,10,NULL,'1970-01-01 00:00:00',NULL,NULL,NULL,'00:00',NULL,0,'1970-01-01 00:00:00',NULL,NULL,NULL,0,0,0,0,NULL,NULL,NULL,0,NULL,NULL,0,0,NULL,NULL,1,'2025-06-20 00:22:32','2025-06-20 00:22:32'),(83,232,10,NULL,'1970-01-01 00:00:00',NULL,NULL,NULL,'00:00',NULL,0,'1970-01-01 00:00:00',NULL,NULL,NULL,0,0,0,0,NULL,NULL,NULL,0,NULL,NULL,0,0,NULL,NULL,1,'2025-06-20 00:22:32','2025-06-20 00:22:32'),(84,235,10,NULL,'1970-01-01 00:00:00',NULL,NULL,NULL,'00:00',NULL,0,'1970-01-01 00:00:00',NULL,NULL,NULL,0,0,0,0,NULL,NULL,NULL,0,NULL,NULL,0,0,NULL,NULL,1,'2025-06-20 00:22:32','2025-06-25 23:25:47'),(85,236,10,NULL,'1970-01-01 00:00:00',NULL,NULL,NULL,'00:00',NULL,0,'1970-01-01 00:00:00',NULL,NULL,NULL,0,0,0,0,NULL,NULL,NULL,0,NULL,NULL,0,0,NULL,NULL,1,'2025-06-20 00:22:32','2025-06-20 00:22:32'),(86,258,10,NULL,'1970-01-01 00:00:00',NULL,NULL,NULL,'00:00',NULL,0,'1970-01-01 00:00:00',NULL,NULL,NULL,0,0,0,0,NULL,NULL,NULL,0,NULL,NULL,0,0,NULL,NULL,1,'2025-06-20 00:22:32','2025-06-25 23:25:48'),(87,263,10,NULL,'1970-01-01 00:00:00',NULL,NULL,NULL,'00:00',NULL,0,'1970-01-01 00:00:00',NULL,NULL,NULL,0,0,0,0,NULL,NULL,NULL,0,NULL,NULL,0,0,NULL,NULL,1,'2025-06-20 00:22:32','2025-06-20 00:22:32'),(88,265,10,NULL,'1970-01-01 00:00:00',NULL,NULL,NULL,'00:00',NULL,0,'1970-01-01 00:00:00',NULL,NULL,NULL,0,0,0,0,NULL,NULL,NULL,0,NULL,NULL,0,0,NULL,NULL,1,'2025-06-20 00:22:32','2025-06-20 00:22:32'),(89,267,10,NULL,'1970-01-01 00:00:00',NULL,NULL,NULL,'00:00',NULL,0,'1970-01-01 00:00:00',NULL,NULL,NULL,0,0,0,0,NULL,NULL,NULL,0,NULL,NULL,0,0,NULL,NULL,1,'2025-06-20 00:22:32','2025-06-20 00:22:32'),(90,272,10,NULL,'1970-01-01 00:00:00',NULL,NULL,NULL,'00:00',NULL,0,'1970-01-01 00:00:00',NULL,NULL,NULL,0,0,0,0,NULL,NULL,NULL,0,NULL,NULL,0,0,NULL,NULL,1,'2025-06-20 00:22:33','2025-06-25 23:25:48'),(91,273,10,NULL,'1970-01-01 00:00:00',NULL,NULL,NULL,'00:00',NULL,0,'1970-01-01 00:00:00',NULL,NULL,NULL,0,0,0,0,NULL,NULL,NULL,0,NULL,NULL,0,0,NULL,NULL,1,'2025-06-20 00:22:33','2025-06-20 00:22:33'),(92,274,10,NULL,'1970-01-01 00:00:00',NULL,NULL,NULL,'00:00',NULL,0,'1970-01-01 00:00:00',NULL,NULL,NULL,0,0,0,0,NULL,NULL,NULL,0,NULL,NULL,0,0,NULL,NULL,1,'2025-06-20 00:22:33','2025-06-25 23:25:48'),(93,308,10,NULL,'1970-01-01 00:00:00',NULL,NULL,NULL,'00:00',NULL,0,'1970-01-01 00:00:00',NULL,NULL,NULL,0,0,0,0,NULL,NULL,NULL,0,NULL,NULL,0,0,NULL,NULL,1,'2025-06-20 00:22:33','2025-06-20 00:22:33'),(94,322,10,NULL,'1970-01-01 00:00:00',NULL,NULL,NULL,'00:00',NULL,0,'1970-01-01 00:00:00',NULL,NULL,NULL,0,0,0,0,NULL,NULL,NULL,0,NULL,NULL,0,0,NULL,NULL,1,'2025-06-20 00:22:33','2025-06-20 00:22:33'),(95,336,10,NULL,'1970-01-01 00:00:00',NULL,NULL,NULL,'00:00',NULL,0,'1970-01-01 00:00:00',NULL,NULL,NULL,0,0,0,0,NULL,NULL,NULL,0,NULL,NULL,0,0,NULL,NULL,1,'2025-06-20 00:22:33','2025-06-20 00:22:33'),(96,342,10,NULL,'1970-01-01 00:00:00',NULL,NULL,NULL,'00:00',NULL,0,'1970-01-01 00:00:00',NULL,NULL,NULL,0,0,0,0,NULL,NULL,NULL,0,NULL,NULL,0,0,NULL,NULL,1,'2025-06-20 00:22:33','2025-06-20 00:22:33'),(97,347,10,NULL,'1970-01-01 00:00:00',NULL,NULL,NULL,'00:00',NULL,0,'1970-01-01 00:00:00',NULL,NULL,NULL,0,0,0,0,NULL,NULL,NULL,0,NULL,NULL,0,0,NULL,NULL,1,'2025-06-20 00:22:33','2025-06-20 00:22:33'),(98,352,12,NULL,'1970-01-01 00:00:00',NULL,NULL,NULL,'00:00',0,0,'1970-01-01 00:00:00','1970-01-01 00:00:00',NULL,NULL,0,0,0,0,0,0,NULL,0,0,0,0,0,0,NULL,1,'2025-06-20 00:22:33','2026-02-12 18:52:46'),(99,362,10,NULL,'1970-01-01 00:00:00',NULL,NULL,NULL,'00:00',NULL,0,'1970-01-01 00:00:00',NULL,NULL,NULL,0,0,0,0,NULL,NULL,NULL,0,NULL,NULL,0,0,NULL,NULL,1,'2025-06-20 00:22:33','2025-06-25 23:25:48'),(100,368,10,NULL,'1970-01-01 00:00:00',NULL,NULL,NULL,'00:00',NULL,0,'1970-01-01 00:00:00',NULL,NULL,NULL,0,0,0,0,NULL,NULL,NULL,0,NULL,NULL,0,0,NULL,NULL,1,'2025-06-20 00:22:33','2025-06-25 23:25:48'),(101,372,10,NULL,'1970-01-01 00:00:00',NULL,NULL,NULL,'00:00',NULL,0,'1970-01-01 00:00:00',NULL,NULL,NULL,0,0,0,0,NULL,NULL,NULL,0,NULL,NULL,0,0,NULL,NULL,1,'2025-06-20 00:22:33','2025-06-25 23:25:48'),(102,374,10,NULL,'1970-01-01 00:00:00',NULL,NULL,NULL,'00:00',NULL,0,'1970-01-01 00:00:00',NULL,NULL,NULL,0,0,0,0,NULL,NULL,NULL,0,NULL,NULL,0,0,NULL,NULL,1,'2025-06-20 00:22:33','2025-06-25 23:25:48'),(103,380,12,NULL,'1970-01-01 00:00:00',NULL,NULL,NULL,'00:00',0,0,'1970-01-01 00:00:00','1970-01-01 00:00:00',NULL,NULL,0,0,0,0,0,0,NULL,0,0,0,0,0,0,NULL,1,'2025-06-20 00:22:33','2026-02-12 18:52:46'),(104,393,10,NULL,'1970-01-01 00:00:00',NULL,NULL,NULL,'00:00',NULL,0,'1970-01-01 00:00:00',NULL,NULL,NULL,0,0,0,0,NULL,NULL,NULL,0,NULL,NULL,0,0,NULL,NULL,1,'2025-06-20 00:22:33','2025-06-25 23:25:48'),(105,399,10,NULL,'1970-01-01 00:00:00',NULL,NULL,NULL,'00:00',NULL,0,'1970-01-01 00:00:00',NULL,NULL,NULL,0,0,0,0,NULL,NULL,NULL,0,NULL,NULL,0,0,NULL,NULL,1,'2025-06-20 00:22:33','2025-06-25 23:25:48'),(106,400,10,NULL,'1970-01-01 00:00:00',NULL,NULL,NULL,'00:00',NULL,0,'1970-01-01 00:00:00',NULL,NULL,NULL,0,0,0,0,NULL,NULL,NULL,0,NULL,NULL,0,0,NULL,NULL,1,'2025-06-20 00:22:33','2025-06-20 00:22:33'),(107,407,10,NULL,'1970-01-01 00:00:00',NULL,NULL,NULL,'00:00',NULL,0,'1970-01-01 00:00:00',NULL,NULL,NULL,0,0,0,0,NULL,NULL,NULL,0,NULL,NULL,0,0,NULL,NULL,1,'2025-06-20 00:22:34','2025-06-25 23:25:48'),(108,411,12,NULL,'1970-01-01 00:00:00',NULL,NULL,NULL,'00:00',0,0,'1970-01-01 00:00:00','1970-01-01 00:00:00',NULL,NULL,0,0,0,0,0,0,NULL,0,0,0,0,0,0,NULL,1,'2025-06-20 00:22:34','2026-02-12 18:52:46'),(109,440,10,NULL,'1970-01-01 00:00:00',NULL,NULL,NULL,'00:00',NULL,0,'1970-01-01 00:00:00',NULL,NULL,NULL,0,0,0,0,NULL,NULL,NULL,0,NULL,NULL,0,0,NULL,NULL,1,'2025-06-20 00:22:34','2025-06-20 00:22:34'),(110,449,12,NULL,'1970-01-01 00:00:00',NULL,NULL,NULL,'00:00',0,0,'1970-01-01 00:00:00','1970-01-01 00:00:00',NULL,NULL,0,0,0,0,0,0,NULL,0,0,0,0,0,0,NULL,1,'2025-06-20 00:22:34','2026-02-12 18:52:46'),(111,450,12,NULL,'1970-01-01 00:00:00',NULL,NULL,NULL,'00:00',0,0,'1970-01-01 00:00:00','1970-01-01 00:00:00',NULL,NULL,0,0,0,0,0,0,NULL,0,0,0,0,0,0,NULL,1,'2025-06-20 00:22:34','2026-02-12 18:52:46'),(112,456,12,NULL,'1970-01-01 00:00:00',NULL,NULL,NULL,'00:00',0,0,'1970-01-01 00:00:00','1970-01-01 00:00:00',NULL,NULL,0,0,0,0,0,0,NULL,0,0,0,0,0,0,NULL,1,'2025-06-20 00:22:34','2026-02-12 18:52:46'),(113,460,10,NULL,'1970-01-01 00:00:00',NULL,NULL,NULL,'00:00',NULL,0,'1970-01-01 00:00:00',NULL,NULL,NULL,0,0,0,0,NULL,NULL,NULL,0,NULL,NULL,0,0,NULL,NULL,1,'2025-06-20 00:22:34','2025-06-25 23:25:48'),(114,486,10,NULL,'1970-01-01 00:00:00',NULL,NULL,NULL,'00:00',NULL,0,'1970-01-01 00:00:00',NULL,NULL,NULL,0,0,0,0,NULL,NULL,NULL,0,NULL,NULL,0,0,NULL,NULL,1,'2025-06-20 00:22:34','2025-06-20 00:22:34'),(115,496,10,NULL,'1970-01-01 00:00:00',NULL,NULL,NULL,'00:00',NULL,0,'1970-01-01 00:00:00',NULL,NULL,NULL,0,0,0,0,NULL,NULL,NULL,0,NULL,NULL,0,0,NULL,NULL,1,'2025-06-20 00:22:34','2025-06-25 23:25:48'),(116,511,12,NULL,'2025-08-03 07:06:00',NULL,NULL,NULL,'04:00',3,0,'2025-08-03 11:06:00','2025-08-06 07:06:00',NULL,NULL,39,0,42,243,NULL,NULL,NULL,347,193,1,0,95,200,NULL,1,'2025-06-20 00:22:34','2025-08-01 12:25:38'),(117,520,10,NULL,'2025-08-03 12:12:00',NULL,NULL,NULL,'03:00',NULL,0,'2025-08-03 15:12:00',NULL,NULL,NULL,38,1,42,287,NULL,NULL,NULL,133,NULL,NULL,0,97,NULL,NULL,0,'2025-06-20 00:22:34','2025-08-01 12:34:02'),(118,533,10,NULL,'2025-07-17 22:24:00',NULL,NULL,NULL,'01:00',NULL,0,'2025-07-17 23:24:00',NULL,NULL,NULL,40,0,42,197,NULL,NULL,NULL,304,NULL,NULL,0,95,NULL,NULL,1,'2025-06-20 00:22:34','2025-07-18 01:23:30'),(119,547,10,NULL,'2025-08-03 18:48:00',NULL,NULL,NULL,'04:00',NULL,0,'2025-08-03 22:48:00',NULL,NULL,NULL,40,1,42,216,NULL,NULL,NULL,476,NULL,NULL,112,95,NULL,NULL,1,'2025-06-20 00:22:34','2025-08-01 12:29:34'),(120,550,10,NULL,'2025-06-01 18:48:00',NULL,NULL,NULL,'00:00',NULL,0,'2025-06-01 18:48:00',NULL,NULL,NULL,38,0,42,302,NULL,NULL,NULL,138,NULL,NULL,0,94,NULL,NULL,1,'2025-06-20 00:22:34','2025-07-17 16:00:03'),(121,568,10,NULL,'2025-08-27 12:00:00',NULL,NULL,NULL,'01:00',NULL,0,'2025-08-27 13:00:00',NULL,NULL,NULL,40,0,42,197,NULL,NULL,NULL,304,NULL,NULL,115,95,NULL,NULL,1,'2025-06-20 00:22:34','2025-08-28 01:17:13'),(122,570,10,NULL,'2025-08-27 01:00:00',NULL,NULL,NULL,'02:00',NULL,0,'2025-08-27 03:00:00',NULL,NULL,NULL,40,1,42,197,NULL,NULL,NULL,304,NULL,NULL,115,95,NULL,NULL,1,'2025-06-20 00:22:34','2025-08-28 01:16:48'),(123,573,10,NULL,'2025-07-17 13:00:00',NULL,NULL,NULL,'03:00',NULL,0,'2025-07-17 16:00:00',NULL,NULL,NULL,40,1,42,197,NULL,NULL,NULL,100,NULL,NULL,111,97,NULL,NULL,0,'2025-06-20 00:22:34','2025-07-17 17:04:14'),(124,575,10,NULL,'2025-07-01 01:00:00',NULL,NULL,NULL,'20:21',NULL,0,'2025-07-01 21:21:00',NULL,NULL,NULL,39,1,42,197,NULL,NULL,'ZF-3087',316,NULL,NULL,120,95,NULL,'ticket1234',1,'2025-06-20 00:22:34','2025-06-25 23:25:48'),(265,13,12,NULL,'2025-04-22 21:06:00',NULL,NULL,NULL,'05:56',3,0,'2025-04-23 03:02:15','2025-04-25 21:06:00',NULL,NULL,39,0,42,287,NULL,NULL,'T2DA-54',258,193,1,116,94,200,'TKT-V0VNEA',1,'2025-02-01 01:39:00','2025-06-25 23:25:48'),(266,16,12,NULL,'2025-04-20 15:42:00',NULL,NULL,NULL,'02:41',3,0,'2025-04-20 18:23:52','2025-04-23 15:42:00',NULL,NULL,39,0,42,246,NULL,NULL,NULL,217,193,2,0,94,200,'TKT-K1IIF4',1,'2025-02-01 01:17:00','2025-04-18 14:42:52'),(267,17,10,NULL,'2025-04-12 11:10:00',NULL,NULL,NULL,'06:14',NULL,0,'2025-04-12 17:24:53',NULL,NULL,NULL,38,1,42,209,NULL,NULL,'N2-7322',428,NULL,NULL,0,94,NULL,'TKT-BPIQCA',1,'2025-02-02 05:45:00','2025-06-25 23:25:48'),(268,19,10,NULL,'2025-02-08 05:06:00',NULL,NULL,NULL,'02:36',NULL,0,'2025-02-08 07:42:00',NULL,NULL,NULL,38,0,42,186,NULL,NULL,NULL,458,NULL,NULL,0,94,NULL,'TKT-U9LDIV',1,'2025-02-02 05:41:00','2025-02-05 05:06:00'),(269,20,10,NULL,'2025-04-20 14:14:00',NULL,NULL,NULL,'06:01',NULL,0,'2025-04-20 20:15:37',NULL,NULL,NULL,39,0,42,226,NULL,NULL,'V4-6256',401,NULL,NULL,0,94,NULL,'TKT-OZOJUL',1,'2025-02-02 05:46:00','2025-06-25 23:25:49'),(270,23,10,NULL,'2025-05-13 18:31:00',NULL,NULL,NULL,'05:44',NULL,0,'2025-05-14 00:15:33',NULL,NULL,NULL,39,1,42,259,NULL,NULL,'B1-7757',376,NULL,NULL,0,94,NULL,'TKT-HEBHBT',1,'2025-02-02 07:05:00','2025-06-25 23:25:49'),(271,32,10,NULL,'2025-04-24 07:35:00',NULL,NULL,NULL,'06:19',NULL,0,'2025-04-24 13:54:25',NULL,NULL,NULL,40,0,42,242,NULL,NULL,NULL,171,NULL,NULL,119,94,NULL,'TKT-NDQMMN',1,'2025-02-03 11:00:00','2025-04-22 06:35:25'),(272,45,10,NULL,'2025-05-12 02:17:00',NULL,NULL,NULL,'02:18',NULL,0,'2025-05-12 04:35:59',NULL,NULL,NULL,39,0,42,293,NULL,NULL,'0T-3921',458,NULL,NULL,0,94,NULL,'TKT-QRXCID',1,'2025-02-07 02:19:00','2025-06-25 23:25:49'),(273,53,10,NULL,'2025-05-30 11:00:00',NULL,NULL,NULL,'02:20',NULL,0,'2025-05-30 13:20:26',NULL,NULL,NULL,40,0,42,186,NULL,NULL,'NTGH-44',45,NULL,NULL,120,94,NULL,'TKT-ZG9P6S',1,'2025-02-08 07:41:00','2025-06-25 23:25:49'),(274,56,10,NULL,'2025-06-24 05:25:00',NULL,NULL,NULL,'02:30',NULL,0,'2025-06-24 07:55:54',NULL,NULL,NULL,38,1,42,235,NULL,NULL,'VLDO-62',123,NULL,NULL,0,94,NULL,'TKT-UA21DV',1,'2025-02-08 08:06:00','2025-06-25 23:25:49'),(275,57,10,NULL,'2025-06-26 07:10:00',NULL,NULL,NULL,'03:59',NULL,0,'2025-06-26 11:09:58',NULL,NULL,NULL,38,1,42,257,NULL,NULL,'IC-1762',503,NULL,NULL,0,94,NULL,'TKT-O18SB8',1,'2025-02-08 07:15:00','2025-06-25 23:25:49'),(276,58,10,NULL,'2025-05-30 15:49:00',NULL,NULL,NULL,'06:11',NULL,0,'2025-05-30 22:00:06',NULL,NULL,NULL,39,1,42,256,NULL,NULL,'3EBU-28',368,NULL,NULL,112,94,NULL,'TKT-9K8LO4',1,'2025-02-08 07:24:00','2025-06-25 23:25:49'),(277,59,10,NULL,'2025-06-01 06:59:00',NULL,NULL,NULL,'02:00',NULL,0,'2025-06-01 08:59:06',NULL,NULL,NULL,38,0,42,269,NULL,NULL,'PJ-5924',311,NULL,NULL,0,94,NULL,'TKT-HKDI0M',1,'2025-02-09 13:17:00','2025-06-25 23:25:49'),(278,64,10,NULL,'2025-05-09 03:56:00',NULL,NULL,NULL,'02:48',NULL,0,'2025-05-09 06:44:01',NULL,NULL,NULL,38,0,42,240,NULL,NULL,'WDQY-04',202,NULL,NULL,0,94,NULL,'TKT-8QUJSO',1,'2025-02-11 22:31:00','2025-06-25 23:25:49'),(279,69,10,NULL,'2025-02-19 03:00:00',NULL,NULL,NULL,'02:04',NULL,0,'2025-02-19 05:04:00',NULL,NULL,NULL,39,1,42,267,NULL,NULL,'QPSE-78',315,NULL,NULL,0,94,NULL,'TKT-ER4HXS',1,'2025-02-13 03:00:00','2025-06-25 23:25:49'),(280,70,10,NULL,'2025-06-26 02:51:00',NULL,NULL,NULL,'05:23',NULL,0,'2025-06-26 08:14:56',NULL,NULL,NULL,38,1,42,212,NULL,NULL,'UU3U-44',263,NULL,NULL,113,94,NULL,'TKT-HFWKCU',1,'2025-02-14 09:39:00','2025-06-25 23:25:49'),(281,71,10,NULL,'2025-03-03 16:42:00',NULL,NULL,NULL,'04:24',NULL,0,'2025-03-03 21:06:24',NULL,NULL,NULL,39,1,42,161,NULL,NULL,'D4-0920',76,NULL,NULL,0,94,NULL,'TKT-VA8RHA',1,'2025-02-14 09:28:00','2025-06-25 23:25:49'),(282,74,10,NULL,'2025-05-07 14:06:00',NULL,NULL,NULL,'03:43',NULL,0,'2025-05-07 17:49:04',NULL,NULL,NULL,39,0,42,152,NULL,NULL,'IR-9445',353,NULL,NULL,0,94,NULL,'TKT-8IAFER',1,'2025-02-15 14:58:00','2025-06-25 23:25:49'),(283,75,10,NULL,'2025-04-08 08:28:00',NULL,NULL,NULL,'06:25',NULL,0,'2025-04-08 14:53:47',NULL,NULL,NULL,40,1,42,167,NULL,NULL,'8O-0245',203,NULL,NULL,0,94,NULL,'TKT-ALMOCP',1,'2025-02-15 14:27:00','2025-06-25 23:25:49'),(284,77,10,NULL,'2025-02-21 13:12:00',NULL,NULL,NULL,'03:55',NULL,0,'2025-02-21 17:07:00',NULL,NULL,NULL,40,1,42,184,NULL,NULL,'7Y-4578',3,NULL,NULL,120,94,NULL,'TKT-XPULEA',1,'2025-02-15 14:00:00','2025-06-25 23:25:49'),(285,86,10,NULL,'2025-06-16 08:17:00',NULL,NULL,NULL,'04:16',NULL,0,'2025-06-16 12:33:25',NULL,NULL,NULL,39,1,42,285,NULL,NULL,NULL,273,NULL,NULL,0,94,NULL,'TKT-OLQVKY',1,'2025-02-16 19:22:00','2025-06-25 23:25:49'),(286,88,10,NULL,'2025-03-23 12:43:00',NULL,NULL,NULL,'05:48',NULL,0,'2025-03-23 18:31:53',NULL,NULL,NULL,38,0,42,270,NULL,NULL,'DL-6495',52,NULL,NULL,0,94,NULL,'TKT-IBXOYS',1,'2025-02-16 20:02:00','2025-06-25 23:25:49'),(287,90,10,NULL,'2025-03-08 22:14:00',NULL,NULL,NULL,'03:26',NULL,0,'2025-03-09 01:40:46',NULL,NULL,NULL,38,1,42,169,NULL,NULL,NULL,336,NULL,NULL,0,94,NULL,'TKT-VAI7IE',1,'2025-02-16 19:29:00','2025-06-25 23:25:49'),(288,92,10,NULL,'2025-05-21 16:08:00',NULL,NULL,NULL,'03:10',NULL,0,'2025-05-21 19:18:22',NULL,NULL,NULL,40,1,42,268,NULL,NULL,'A7-0637',396,NULL,NULL,0,94,NULL,'TKT-YSCDYE',1,'2025-02-18 01:06:00','2025-06-25 23:25:49'),(289,94,10,NULL,'2025-04-11 06:39:00',NULL,NULL,NULL,'01:43',NULL,0,'2025-04-11 08:22:26',NULL,NULL,NULL,39,0,42,200,NULL,NULL,'S5-9146',461,NULL,NULL,0,94,NULL,'TKT-QGKKBZ',1,'2025-02-18 01:03:00','2025-06-25 23:25:49'),(290,97,10,NULL,'2025-04-16 19:20:00',NULL,NULL,NULL,'01:32',NULL,0,'2025-04-16 20:52:53',NULL,NULL,NULL,38,0,42,220,NULL,NULL,'CS-8921',459,NULL,NULL,111,94,NULL,'TKT-ZYKMI0',1,'2025-02-18 01:13:00','2025-06-25 23:25:49'),(291,98,10,NULL,'2025-06-10 10:12:00',NULL,NULL,NULL,'04:57',NULL,0,'2025-06-10 15:09:48',NULL,NULL,NULL,40,0,42,260,NULL,NULL,'M6BT-35',111,NULL,NULL,0,94,NULL,'TKT-25MUUQ',1,'2025-02-18 01:05:00','2025-06-25 23:25:49'),(292,116,10,NULL,'2025-06-13 23:42:00',NULL,NULL,NULL,'05:23',NULL,0,'2025-06-14 05:05:36',NULL,NULL,NULL,38,0,42,171,NULL,NULL,'94-6084',79,NULL,NULL,0,94,NULL,'TKT-F7DICT',1,'2025-02-25 07:30:00','2025-06-25 23:25:49'),(293,117,10,NULL,'2025-05-13 21:18:00',NULL,NULL,NULL,'04:11',NULL,0,'2025-05-14 01:29:04',NULL,NULL,NULL,38,0,42,176,NULL,NULL,'8WHP-63',341,NULL,NULL,0,94,NULL,'TKT-NBDEWJ',1,'2025-02-25 06:45:00','2025-06-25 23:25:49'),(294,118,10,NULL,'2025-03-03 06:00:00',NULL,NULL,NULL,'02:40',NULL,0,'2025-03-03 08:40:00',NULL,NULL,NULL,39,1,42,260,NULL,NULL,'MSST-40',450,NULL,NULL,112,94,NULL,'TKT-9AAEDY',1,'2025-02-25 07:30:00','2025-06-25 23:25:49'),(295,123,10,NULL,'2025-03-30 00:56:00',NULL,NULL,NULL,'05:17',NULL,0,'2025-03-30 06:13:10',NULL,NULL,NULL,40,0,42,235,NULL,NULL,'FZ-0776',171,NULL,NULL,0,94,NULL,'TKT-WIWVXY',1,'2025-02-26 12:41:00','2025-06-25 23:25:50'),(296,128,10,NULL,'2025-05-14 01:58:00',NULL,NULL,NULL,'04:55',NULL,0,'2025-05-14 06:53:31',NULL,NULL,NULL,40,0,42,275,NULL,NULL,'BEKO-55',228,NULL,NULL,111,94,NULL,'TKT-LYZYT9',1,'2025-02-26 12:33:00','2025-06-25 23:25:50'),(297,147,12,NULL,'2025-03-07 02:24:00',NULL,NULL,NULL,'01:51',3,0,'2025-03-07 04:15:00','2025-03-10 02:24:00',NULL,NULL,39,0,42,262,NULL,NULL,'O6SF-00',499,193,2,0,94,200,'TKT-1TO3XE',1,'2025-03-02 04:05:00','2025-06-25 23:25:50'),(298,159,10,NULL,'2025-04-20 21:42:00',NULL,NULL,NULL,'04:08',NULL,0,'2025-04-21 01:50:57',NULL,NULL,NULL,39,0,42,192,NULL,NULL,NULL,413,NULL,NULL,117,94,NULL,'TKT-NFYE2L',1,'2025-03-03 09:21:00','2025-04-15 20:42:57'),(299,160,10,NULL,'2025-06-17 02:26:00',NULL,NULL,NULL,'05:49',NULL,0,'2025-06-17 08:15:25',NULL,NULL,NULL,38,1,42,284,NULL,NULL,'ID29-56',22,NULL,NULL,0,94,NULL,'TKT-UCQV7F',1,'2025-03-04 13:48:00','2025-06-25 23:25:50'),(300,166,10,NULL,'2025-06-12 14:06:00',NULL,NULL,NULL,'05:17',NULL,0,'2025-06-12 19:23:10',NULL,NULL,NULL,39,1,42,294,NULL,NULL,'YZ-1861',226,NULL,NULL,113,94,NULL,'TKT-UQZEML',1,'2025-03-04 12:36:00','2025-06-25 23:25:50'),(301,167,10,NULL,'2025-06-06 23:46:00',NULL,NULL,NULL,'02:15',NULL,0,'2025-06-07 02:01:24',NULL,NULL,NULL,39,0,42,206,NULL,NULL,'76MH-26',175,NULL,NULL,0,94,NULL,'TKT-WZATKG',1,'2025-03-05 18:30:00','2025-06-25 23:25:50'),(302,170,10,NULL,'2025-05-25 10:26:00',NULL,NULL,NULL,'02:09',NULL,0,'2025-05-25 12:35:21',NULL,NULL,NULL,39,0,42,175,NULL,NULL,'DF-7606',314,NULL,NULL,0,94,NULL,'TKT-TEQGQO',1,'2025-03-05 19:25:00','2025-06-25 23:25:50'),(303,171,10,NULL,'2025-05-12 00:45:00',NULL,NULL,NULL,'03:24',NULL,0,'2025-05-12 04:09:10',NULL,NULL,NULL,39,0,42,273,NULL,NULL,'U3-8444',17,NULL,NULL,117,94,NULL,'TKT-VKAPIL',1,'2025-03-05 17:42:00','2025-06-25 23:25:50'),(304,190,10,NULL,'2025-06-03 07:51:00',NULL,NULL,NULL,'02:28',NULL,0,'2025-06-03 10:19:10',NULL,NULL,NULL,38,1,42,159,NULL,NULL,'E7UC-31',85,NULL,NULL,0,94,NULL,'TKT-I46NET',1,'2025-03-09 09:15:00','2025-06-25 23:25:50'),(305,192,10,NULL,'2025-05-14 11:39:00',NULL,NULL,NULL,'04:48',NULL,0,'2025-05-14 16:27:25',NULL,NULL,NULL,39,0,42,281,NULL,NULL,'F9-1781',462,NULL,NULL,0,94,NULL,'TKT-5ZFLEB',1,'2025-03-10 14:42:00','2025-06-25 23:25:50'),(306,193,10,NULL,'2025-05-20 00:57:00',NULL,NULL,NULL,'04:59',NULL,0,'2025-05-20 05:56:53',NULL,NULL,NULL,39,1,42,167,NULL,NULL,'MY1J-76',203,NULL,NULL,0,94,NULL,'TKT-RO3OCJ',1,'2025-03-10 14:13:00','2025-06-25 23:25:50'),(307,197,10,NULL,'2025-06-05 00:26:00',NULL,NULL,NULL,'05:32',NULL,0,'2025-06-05 05:58:48',NULL,NULL,NULL,40,1,42,165,NULL,NULL,'NEH6-40',143,NULL,NULL,112,95,NULL,'TKT-XLUAXI',1,'2025-03-11 19:39:00','2025-07-10 10:05:38'),(308,208,10,NULL,'2025-03-24 05:24:00',NULL,NULL,NULL,'04:13',NULL,0,'2025-03-24 09:37:00',NULL,NULL,NULL,40,0,42,203,NULL,NULL,'Y0-7511',326,NULL,NULL,115,94,NULL,'TKT-VBFFLJ',1,'2025-03-14 05:13:00','2025-06-25 23:25:50'),(309,214,10,NULL,'2025-06-09 21:42:00',NULL,NULL,NULL,'02:38',NULL,0,'2025-06-10 00:20:46',NULL,NULL,NULL,38,0,42,174,NULL,NULL,NULL,25,NULL,NULL,0,94,NULL,'TKT-LXKCHX',1,'2025-03-14 05:34:00','2025-06-05 20:42:46'),(310,221,10,NULL,'2025-04-06 03:18:00',NULL,NULL,NULL,'01:56',NULL,0,'2025-04-06 05:14:34',NULL,NULL,NULL,39,1,42,259,NULL,NULL,NULL,320,NULL,NULL,117,94,NULL,'TKT-UWLWEG',1,'2025-03-15 10:10:00','2025-06-25 23:25:50'),(311,223,10,NULL,'2025-04-15 00:58:00',NULL,NULL,NULL,'06:18',NULL,0,'2025-04-15 07:16:59',NULL,NULL,NULL,40,1,42,269,NULL,NULL,'CM-1306',117,NULL,NULL,0,94,NULL,'TKT-7X8NGK',1,'2025-03-16 16:29:00','2025-06-25 23:25:50'),(312,227,12,NULL,'2025-04-05 14:22:00',NULL,NULL,NULL,'06:22',3,0,'2025-04-05 20:44:07','2025-04-08 14:22:00',NULL,NULL,40,0,42,225,NULL,NULL,'5JFL-94',483,193,2,120,94,200,'TKT-EMVPOF',1,'2025-03-19 02:47:00','2025-06-25 23:25:50'),(313,237,10,NULL,'2025-05-04 04:44:00',NULL,NULL,NULL,'05:51',NULL,0,'2025-05-04 10:35:50',NULL,NULL,NULL,38,0,42,301,NULL,NULL,'KLDD-20',47,NULL,NULL,115,94,NULL,'TKT-WYUW8D',1,'2025-03-21 11:00:00','2025-06-25 23:25:50'),(314,250,12,NULL,'2025-04-27 10:24:00',NULL,NULL,NULL,'02:09',3,0,'2025-04-27 12:33:14','2025-04-30 10:24:00',NULL,NULL,38,1,42,236,NULL,NULL,'PA-3987',221,193,1,0,94,200,'TKT-T1D937',1,'2025-03-25 02:18:00','2025-06-25 23:25:50'),(315,251,10,NULL,'2025-05-27 16:18:00',NULL,NULL,NULL,'01:57',NULL,0,'2025-05-27 18:15:30',NULL,NULL,NULL,39,1,42,271,NULL,NULL,'QICP-74',41,NULL,NULL,114,94,NULL,'TKT-CZDDAS',1,'2025-03-26 07:24:00','2025-06-25 23:25:50'),(316,252,10,NULL,'2025-06-15 23:52:00',NULL,NULL,NULL,'06:08',NULL,0,'2025-06-16 06:00:16',NULL,NULL,NULL,40,1,42,245,NULL,NULL,'UN-1949',144,NULL,NULL,118,94,NULL,'TKT-ZWEBIN',1,'2025-03-26 09:15:00','2025-06-25 23:25:50'),(317,262,10,NULL,'2025-03-29 13:30:00',NULL,NULL,NULL,'03:26',NULL,0,'2025-03-29 16:56:00',NULL,NULL,NULL,38,1,42,174,NULL,NULL,NULL,25,NULL,NULL,111,94,NULL,'TKT-KLPWAY',1,'2025-03-27 13:35:00','2025-06-25 23:25:50'),(318,284,10,NULL,'2025-04-24 16:02:00',NULL,NULL,NULL,'05:31',NULL,0,'2025-04-24 21:33:36',NULL,NULL,NULL,39,0,42,293,NULL,NULL,NULL,287,NULL,NULL,0,94,NULL,'TKT-VPLK2Z',1,'2025-03-31 03:48:00','2025-04-20 15:02:36'),(319,285,10,NULL,'2025-04-18 17:54:00',NULL,NULL,NULL,'02:57',NULL,0,'2025-04-18 20:51:58',NULL,NULL,NULL,39,0,42,158,NULL,NULL,'DI-5053',107,NULL,NULL,0,94,NULL,'TKT-OH9GCA',1,'2025-03-31 05:20:00','2025-06-25 23:25:50'),(320,297,10,NULL,'2025-05-09 00:13:00',NULL,NULL,NULL,'06:15',NULL,0,'2025-05-09 06:28:27',NULL,NULL,NULL,39,1,42,285,NULL,NULL,'5CNY-38',493,NULL,NULL,111,94,NULL,'TKT-636IEY',1,'2025-04-03 19:06:00','2025-06-25 23:25:50'),(321,300,10,NULL,'2025-05-26 22:24:00',NULL,NULL,NULL,'03:28',NULL,0,'2025-05-27 01:52:22',NULL,NULL,NULL,40,1,42,260,NULL,NULL,'YSXB-12',2,NULL,NULL,111,94,NULL,'TKT-SDTUOA',1,'2025-04-03 20:32:00','2025-06-25 23:25:50'),(322,311,10,NULL,'2025-04-12 05:18:00',NULL,NULL,NULL,'06:05',NULL,0,'2025-04-12 11:23:00',NULL,NULL,NULL,40,0,42,221,NULL,NULL,'MW9B-62',478,NULL,NULL,0,94,NULL,'TKT-3FEVZR',1,'2025-04-06 05:13:00','2025-06-25 23:25:50'),(323,326,10,NULL,'2025-04-14 20:36:00',NULL,NULL,NULL,'01:40',NULL,0,'2025-04-14 22:16:00',NULL,NULL,NULL,38,0,42,170,NULL,NULL,'LDZW-23',25,NULL,NULL,113,94,NULL,'TKT-MFACUL',1,'2025-04-09 19:36:00','2025-06-25 23:25:51'),(324,333,10,NULL,'2025-04-19 11:54:00',NULL,NULL,NULL,'06:28',NULL,0,'2025-04-19 18:22:00',NULL,NULL,NULL,38,1,42,229,NULL,NULL,'MQ-4602',336,NULL,NULL,0,94,NULL,'TKT-5NDQQS',1,'2025-04-13 11:42:00','2025-06-25 23:25:51'),(325,334,10,NULL,'2025-04-22 11:54:00',NULL,NULL,NULL,'04:36',NULL,0,'2025-04-22 16:30:00',NULL,NULL,NULL,39,1,42,202,NULL,NULL,'WDZA-02',4,NULL,NULL,0,94,NULL,'TKT-QNPPGH',1,'2025-04-13 12:25:00','2025-06-25 23:25:51'),(326,335,10,NULL,'2025-05-11 21:00:00',NULL,NULL,NULL,'03:57',NULL,0,'2025-05-12 00:57:28',NULL,NULL,NULL,40,1,42,268,NULL,NULL,NULL,177,NULL,NULL,116,94,NULL,'TKT-A5AZAP',1,'2025-04-13 12:54:00','2025-06-25 23:25:51'),(327,337,10,NULL,'2025-05-23 08:39:00',NULL,NULL,NULL,'06:20',NULL,0,'2025-05-23 14:59:01',NULL,NULL,NULL,38,1,42,288,NULL,NULL,'HT-6055',167,NULL,NULL,117,94,NULL,'TKT-DTMEKV',1,'2025-04-13 12:33:00','2025-06-25 23:25:51'),(328,340,10,NULL,'2025-06-12 16:37:00',NULL,NULL,NULL,'01:48',NULL,0,'2025-06-12 18:25:58',NULL,NULL,NULL,40,1,42,237,NULL,NULL,'HH-4257',155,NULL,NULL,0,94,NULL,'TKT-CWCVS0',1,'2025-04-13 11:32:00','2025-06-25 23:25:51'),(329,354,12,NULL,'2025-06-08 16:59:00',NULL,NULL,NULL,'03:32',3,0,'2025-06-08 20:31:11','2025-06-11 16:59:00',NULL,NULL,39,1,42,269,NULL,NULL,'YCAL-07',311,193,2,112,94,200,'TKT-CBCAXI',1,'2025-04-15 23:06:00','2025-06-25 23:25:51'),(330,358,10,NULL,'2025-05-25 19:14:00',NULL,NULL,NULL,'01:31',NULL,0,'2025-05-25 20:45:51',NULL,NULL,NULL,39,1,42,220,NULL,NULL,NULL,459,NULL,NULL,0,94,NULL,'TKT-8ZPINK',1,'2025-04-17 03:48:00','2025-06-25 23:25:51'),(331,363,10,NULL,'2025-04-20 08:18:00',NULL,NULL,NULL,'04:57',NULL,0,'2025-04-20 13:15:00',NULL,NULL,NULL,40,1,42,184,NULL,NULL,'PHDB-54',428,NULL,NULL,0,94,NULL,'TKT-E0XNZ0',1,'2025-04-18 09:10:00','2025-06-25 23:25:51'),(332,364,10,NULL,'2025-05-17 01:32:00',NULL,NULL,NULL,'05:09',NULL,0,'2025-05-17 06:41:21',NULL,NULL,NULL,40,1,42,189,NULL,NULL,'N1-9248',119,NULL,NULL,0,94,NULL,'TKT-NGFE1O',1,'2025-04-18 08:31:00','2025-06-25 23:25:51'),(333,366,10,NULL,'2025-04-26 08:18:00',NULL,NULL,NULL,'06:27',NULL,0,'2025-04-26 14:45:00',NULL,NULL,NULL,38,1,42,287,NULL,NULL,'3UYL-94',128,NULL,NULL,115,94,NULL,'TKT-NMUVUL',1,'2025-04-18 07:55:00','2025-06-25 23:25:51'),(334,370,10,NULL,'2025-06-13 14:38:00',NULL,NULL,NULL,'02:50',NULL,0,'2025-06-13 17:28:17',NULL,NULL,NULL,40,0,42,293,NULL,NULL,NULL,287,NULL,NULL,113,94,NULL,'TKT-BF4CNH',1,'2025-04-18 08:25:00','2025-06-11 13:38:17'),(335,375,10,NULL,'2025-05-23 19:50:00',NULL,NULL,NULL,'05:43',NULL,0,'2025-05-24 01:33:22',NULL,NULL,NULL,39,1,42,206,NULL,NULL,NULL,443,NULL,NULL,111,94,NULL,'TKT-OO3NMO',1,'2025-04-20 19:25:00','2025-06-25 23:25:51'),(336,386,10,NULL,'2025-06-03 14:33:00',NULL,NULL,NULL,'05:20',NULL,0,'2025-06-03 19:53:00',NULL,NULL,NULL,38,1,42,300,NULL,NULL,'JC-2618',474,NULL,NULL,0,94,NULL,'TKT-ID8CPB',1,'2025-04-23 04:21:00','2025-06-25 23:25:52'),(337,387,10,NULL,'2025-06-20 19:04:00',NULL,NULL,NULL,'05:56',NULL,0,'2025-06-21 01:00:15',NULL,NULL,NULL,40,1,42,153,NULL,NULL,'KPQR-20',169,NULL,NULL,119,94,NULL,'TKT-TE3HZ9',1,'2025-04-24 09:51:00','2025-06-25 23:25:52'),(338,408,10,NULL,'2025-06-08 11:03:00',NULL,NULL,NULL,'03:35',NULL,0,'2025-06-08 14:38:46',NULL,NULL,NULL,39,0,42,232,NULL,NULL,'O1-4569',415,NULL,NULL,115,94,NULL,'TKT-5QALUB',1,'2025-04-26 20:15:00','2025-06-25 23:25:52'),(339,412,12,NULL,'2025-05-31 15:07:00',NULL,NULL,NULL,'02:47',3,0,'2025-05-31 17:54:10','2025-06-03 15:07:00',NULL,NULL,40,0,42,173,NULL,NULL,NULL,442,193,1,114,94,200,'TKT-CXTJ80',1,'2025-04-28 01:02:00','2025-05-26 14:07:10'),(340,416,12,NULL,'2025-06-15 15:20:00',NULL,NULL,NULL,'06:14',3,0,'2025-06-15 21:34:20','2025-06-18 15:20:00',NULL,NULL,39,1,42,179,NULL,NULL,NULL,196,193,2,117,94,200,'TKT-TU05GC',1,'2025-04-28 01:21:00','2025-06-25 23:25:52'),(341,423,10,NULL,'2025-05-26 19:54:00',NULL,NULL,NULL,'03:02',NULL,0,'2025-05-26 22:56:39',NULL,NULL,NULL,39,0,42,265,NULL,NULL,'PV-8030',358,NULL,NULL,0,94,NULL,'TKT-5UP7YH',1,'2025-05-01 16:46:00','2025-06-25 23:25:52'),(342,424,10,NULL,'2025-05-29 11:41:00',NULL,NULL,NULL,'02:16',NULL,0,'2025-05-29 13:57:03',NULL,NULL,NULL,40,0,42,185,NULL,NULL,NULL,104,NULL,NULL,0,94,NULL,'TKT-SBPUEK',1,'2025-05-01 16:07:00','2025-05-26 10:41:03'),(343,431,10,NULL,'2025-05-11 21:30:00',NULL,NULL,NULL,'05:26',NULL,0,'2025-05-12 02:56:00',NULL,NULL,NULL,40,0,42,266,NULL,NULL,NULL,466,NULL,NULL,0,94,NULL,'TKT-YVNTKM',1,'2025-05-02 21:08:00','2025-05-09 20:30:00'),(344,435,10,NULL,'2025-05-13 18:05:00',NULL,NULL,NULL,'01:35',NULL,0,'2025-05-13 19:40:57',NULL,NULL,NULL,40,1,42,211,NULL,NULL,NULL,86,NULL,NULL,0,94,NULL,'TKT-AQHT0Y',1,'2025-05-02 21:23:00','2025-06-25 23:25:52'),(345,442,10,NULL,'2025-05-29 17:23:00',NULL,NULL,NULL,'01:45',NULL,0,'2025-05-29 19:08:35',NULL,NULL,NULL,38,0,42,174,NULL,NULL,'9J-5445',199,NULL,NULL,115,94,NULL,'TKT-Z73DOF',1,'2025-05-04 02:35:00','2025-06-25 23:25:52'),(346,445,10,NULL,'2025-06-15 22:10:00',NULL,NULL,NULL,'05:39',NULL,0,'2025-06-16 03:49:39',NULL,NULL,NULL,39,1,42,279,NULL,NULL,'FJPE-49',382,NULL,NULL,0,94,NULL,'TKT-YUMHKV',1,'2025-05-05 07:51:00','2025-06-25 23:25:52'),(347,448,12,NULL,'2025-06-03 10:59:00',NULL,NULL,NULL,'06:09',3,0,'2025-06-03 17:08:09','2025-06-06 10:59:00',NULL,NULL,40,1,42,157,NULL,NULL,'5D-7699',88,193,1,115,94,200,'TKT-HLPXJQ',1,'2025-05-07 17:41:00','2025-06-25 23:25:52'),(348,457,12,NULL,'2025-06-05 03:36:00',NULL,NULL,NULL,'02:27',3,0,'2025-06-05 06:03:01','2025-06-08 03:36:00',NULL,NULL,38,0,42,188,NULL,NULL,'U8-7599',470,193,2,0,95,200,'TKT-53KED8',1,'2025-05-10 04:49:00','2025-07-10 10:05:38'),(349,466,10,NULL,'2025-06-23 18:40:00',NULL,NULL,NULL,'02:55',NULL,0,'2025-06-23 21:35:52',NULL,NULL,NULL,38,0,42,283,NULL,NULL,NULL,91,NULL,NULL,0,94,NULL,'TKT-TFV9GR',1,'2025-05-13 18:24:00','2025-06-19 17:40:52'),(350,469,10,NULL,'2025-06-14 12:01:00',NULL,NULL,NULL,'05:03',NULL,0,'2025-06-14 17:04:11',NULL,NULL,NULL,39,1,42,239,NULL,NULL,'ZG-9370',17,NULL,NULL,117,94,NULL,'TKT-Q2WK1X',1,'2025-05-15 01:27:00','2025-06-25 23:25:52'),(351,475,10,NULL,'2025-06-10 03:30:00',NULL,NULL,NULL,'05:31',NULL,0,'2025-06-10 09:01:44',NULL,NULL,NULL,38,1,42,171,NULL,NULL,'LUB4-30',44,NULL,NULL,0,94,NULL,'TKT-TDNX0W',1,'2025-05-16 05:28:00','2025-06-25 23:25:52'),(352,493,10,NULL,'2025-06-11 13:56:00',NULL,NULL,NULL,'06:15',NULL,0,'2025-06-11 20:11:09',NULL,NULL,NULL,40,0,42,284,NULL,NULL,'K9HK-39',409,NULL,NULL,112,94,NULL,'TKT-4AL8LM',1,'2025-05-19 19:54:00','2025-06-25 23:25:52'),(353,506,10,NULL,'2025-06-13 07:20:00',NULL,NULL,NULL,'03:47',NULL,0,'2025-06-13 11:07:38',NULL,NULL,NULL,39,1,42,261,NULL,NULL,'IYC3-45',151,NULL,NULL,115,94,NULL,'TKT-KP1MCL',1,'2025-05-21 01:32:00','2025-06-25 23:25:52'),(354,514,12,NULL,'2025-05-26 07:06:00',NULL,NULL,NULL,'04:19',3,0,'2025-05-26 11:25:00','2025-05-29 07:06:00',NULL,NULL,40,1,42,175,NULL,NULL,NULL,48,193,2,120,94,200,'TKT-RIHG6R',1,'2025-05-22 06:06:00','2025-06-25 23:25:52'),(355,517,12,NULL,'2025-06-14 06:48:00',NULL,NULL,NULL,'03:03',3,0,'2025-06-14 09:51:33','2025-06-17 06:48:00',NULL,NULL,40,1,42,161,NULL,NULL,'UR-2369',322,193,2,0,94,200,'TKT-MNLZ3P',1,'2025-05-22 07:44:00','2025-06-25 23:25:52'),(356,518,10,NULL,'2025-05-25 12:12:00',NULL,NULL,NULL,'05:35',NULL,0,'2025-05-25 17:47:00',NULL,NULL,NULL,38,1,42,280,NULL,NULL,'AB-1914',483,NULL,NULL,0,94,NULL,'TKT-2W2VVN',1,'2025-05-23 11:12:00','2025-06-25 23:25:52'),(357,526,10,NULL,'2025-06-09 06:01:00',NULL,NULL,NULL,'01:46',NULL,0,'2025-06-09 07:47:03',NULL,NULL,NULL,39,1,42,233,NULL,NULL,'U83Z-36',262,NULL,NULL,0,94,NULL,'TKT-TZONP7',1,'2025-05-23 11:12:00','2025-06-25 23:25:52'),(358,527,10,NULL,'2025-06-07 03:43:00',NULL,NULL,NULL,'01:44',NULL,0,'2025-06-07 05:27:45',NULL,NULL,NULL,39,0,42,253,NULL,NULL,'3WC4-57',440,NULL,NULL,0,94,NULL,'TKT-NWKWOB',1,'2025-05-23 11:12:00','2025-06-25 23:25:52'),(359,529,10,NULL,'2025-06-21 23:50:00',NULL,NULL,NULL,'01:51',NULL,0,'2025-06-22 01:41:55',NULL,NULL,NULL,40,0,42,294,NULL,NULL,'HP0N-33',319,NULL,NULL,117,94,NULL,'TKT-LAVBRV',1,'2025-05-25 22:43:00','2025-06-25 23:25:52'),(360,537,10,NULL,'2025-06-22 07:17:00',NULL,NULL,NULL,'04:15',NULL,0,'2025-06-22 11:32:49',NULL,NULL,NULL,38,1,42,281,NULL,NULL,'FD-1247',462,NULL,NULL,0,94,NULL,'TKT-FIPV6P',1,'2025-05-28 07:36:00','2025-06-25 23:25:53'),(361,540,12,NULL,'2025-06-20 00:19:00',NULL,NULL,NULL,'06:14',3,0,'2025-06-20 06:33:00','2025-06-23 00:19:00',NULL,NULL,40,0,42,255,NULL,NULL,'JN-8037',33,193,1,120,94,200,'TKT-AZ91M4',1,'2025-05-29 13:55:00','2025-06-25 23:25:53'),(362,544,12,NULL,'2025-06-22 21:22:00',NULL,NULL,NULL,'02:43',3,0,'2025-06-23 00:05:22','2025-06-25 21:22:00',NULL,NULL,38,0,42,192,NULL,NULL,'VGMV-19',412,193,1,0,94,200,'TKT-8SPEME',1,'2025-05-29 14:08:00','2025-06-25 23:25:53'),(363,548,10,NULL,'2025-06-13 07:36:00',NULL,NULL,NULL,'02:45',NULL,0,'2025-06-13 10:21:53',NULL,NULL,NULL,39,1,42,177,NULL,NULL,'YH6A-87',374,NULL,NULL,0,94,NULL,'TKT-QSX5CX',1,'2025-05-30 19:48:00','2025-06-25 23:25:53'),(364,549,10,NULL,'2025-06-24 13:54:00',NULL,NULL,NULL,'01:59',NULL,0,'2025-06-24 15:53:31',NULL,NULL,NULL,39,1,42,233,NULL,NULL,'L8QC-42',3,NULL,NULL,113,94,NULL,'TKT-HESKHA',1,'2025-05-30 17:48:00','2025-06-25 23:25:53'),(365,9,12,NULL,'2025-04-25 15:00:00',NULL,NULL,NULL,'02:30',3,0,'2025-04-25 17:30:00','2025-04-28 15:00:00',NULL,NULL,39,0,42,231,NULL,NULL,'5WZ8-88',315,193,1,112,95,200,'TKT-MMVJOT',1,'2025-02-01 01:02:00','2025-08-15 05:33:51'),(366,42,10,NULL,'2025-06-08 14:36:00',NULL,NULL,NULL,'06:13',NULL,0,'2025-06-08 20:49:17',NULL,NULL,NULL,38,0,42,261,NULL,NULL,'3B-5741',81,NULL,NULL,0,95,NULL,'TKT-7JSSHF',1,'2025-02-05 21:05:00','2025-06-25 23:25:53'),(367,47,10,NULL,'2025-04-03 21:37:00',NULL,NULL,NULL,'06:05',NULL,0,'2025-04-04 03:42:21',NULL,NULL,NULL,38,1,42,228,NULL,NULL,NULL,8,NULL,NULL,0,95,NULL,'TKT-ECIEYJ',1,'2025-02-07 02:33:00','2025-06-25 23:25:53'),(368,48,10,NULL,'2025-05-22 02:10:00',NULL,NULL,NULL,'01:57',NULL,0,'2025-05-22 04:07:34',NULL,NULL,NULL,38,0,42,187,NULL,NULL,'BU-6781',310,NULL,NULL,116,95,NULL,'TKT-Q48MBG',1,'2025-02-07 03:02:00','2025-06-25 23:25:53'),(369,55,10,NULL,'2025-02-09 06:36:00',NULL,NULL,NULL,'01:56',NULL,0,'2025-02-09 08:32:00',NULL,NULL,NULL,40,0,42,253,NULL,NULL,'ZPCQ-69',440,NULL,NULL,112,95,NULL,'TKT-B8ZNCB',1,'2025-02-08 07:25:00','2025-06-25 23:25:53'),(370,62,10,NULL,'2025-02-19 11:42:00',NULL,NULL,NULL,'02:55',NULL,0,'2025-02-19 14:37:00',NULL,NULL,NULL,40,0,42,200,NULL,NULL,NULL,191,NULL,NULL,111,95,NULL,'TKT-IPQF7Y',1,'2025-02-09 13:28:00','2025-02-16 11:42:00'),(371,73,10,NULL,'2025-04-12 06:33:00',NULL,NULL,NULL,'05:05',NULL,0,'2025-04-12 11:38:39',NULL,NULL,NULL,38,1,42,211,NULL,NULL,NULL,140,NULL,NULL,120,95,NULL,'TKT-RHM0MJ',1,'2025-02-14 08:47:00','2025-06-25 23:25:53'),(372,76,10,NULL,'2025-04-17 15:15:00',NULL,NULL,NULL,'04:36',NULL,0,'2025-04-17 19:51:14',NULL,NULL,NULL,40,0,42,261,NULL,NULL,'VY-1189',95,NULL,NULL,0,95,NULL,'TKT-YDBMY9',1,'2025-02-15 13:56:00','2025-06-25 23:25:53'),(373,93,10,NULL,'2025-05-16 13:32:00',NULL,NULL,NULL,'04:58',NULL,0,'2025-05-16 18:30:56',NULL,NULL,NULL,40,0,42,240,NULL,NULL,'QJKF-71',80,NULL,NULL,0,95,NULL,'TKT-UWYLLL',1,'2025-02-18 01:19:00','2025-06-25 23:25:53'),(374,99,10,NULL,'2025-05-18 00:57:00',NULL,NULL,NULL,'02:19',NULL,0,'2025-05-18 03:16:33',NULL,NULL,NULL,40,1,42,302,NULL,NULL,'HNIV-80',138,NULL,NULL,119,95,NULL,'TKT-H2PLY1',1,'2025-02-19 05:31:00','2025-06-25 23:25:53'),(375,101,10,NULL,'2025-06-03 00:42:00',NULL,NULL,NULL,'03:24',NULL,0,'2025-06-03 04:06:24',NULL,NULL,NULL,40,0,42,154,NULL,NULL,'IUXT-05',280,NULL,NULL,120,95,NULL,'TKT-SDVRHU',1,'2025-02-19 05:31:00','2025-06-25 23:25:53'),(376,110,10,NULL,'2025-04-24 08:55:00',NULL,NULL,NULL,'05:18',NULL,0,'2025-04-24 14:13:23',NULL,NULL,NULL,38,0,42,274,NULL,NULL,NULL,143,NULL,NULL,114,95,NULL,'TKT-MNB5JF',1,'2025-02-20 11:22:00','2025-04-20 07:55:23'),(377,120,10,NULL,'2025-03-07 06:00:00',NULL,NULL,NULL,'02:58',NULL,0,'2025-03-07 08:58:00',NULL,NULL,NULL,39,1,42,283,NULL,NULL,NULL,400,NULL,NULL,0,95,NULL,'TKT-UL1YQZ',1,'2025-02-25 07:11:00','2025-06-25 23:25:53'),(378,125,10,NULL,'2025-06-17 06:17:00',NULL,NULL,NULL,'04:45',NULL,0,'2025-06-17 11:02:34',NULL,NULL,NULL,38,0,42,201,NULL,NULL,'9J14-59',363,NULL,NULL,0,95,NULL,'TKT-YBJ2CH',1,'2025-02-26 12:28:00','2025-06-25 23:25:54'),(379,126,10,NULL,'2025-02-27 11:06:00',NULL,NULL,NULL,'03:29',NULL,0,'2025-02-27 14:35:00',NULL,NULL,NULL,39,1,42,293,NULL,NULL,'CZ-9480',170,NULL,NULL,118,95,NULL,'TKT-YURXVC',1,'2025-02-26 12:22:00','2025-06-25 23:25:54'),(380,133,10,NULL,'2025-02-28 16:12:00',NULL,NULL,NULL,'03:34',NULL,0,'2025-02-28 19:46:00',NULL,NULL,NULL,40,0,42,216,NULL,NULL,'YK-5671',440,NULL,NULL,117,95,NULL,'TKT-CS37FU',1,'2025-02-27 18:12:00','2025-06-25 23:25:54'),(381,135,10,NULL,'2025-05-11 13:29:00',NULL,NULL,NULL,'04:49',NULL,0,'2025-05-11 18:18:07',NULL,NULL,NULL,38,0,42,294,NULL,NULL,'ZLKP-16',402,NULL,NULL,114,95,NULL,'TKT-A1RHCR',1,'2025-02-27 17:46:00','2025-06-25 23:25:54'),(382,138,10,NULL,'2025-05-25 21:19:00',NULL,NULL,NULL,'02:15',NULL,0,'2025-05-25 23:34:57',NULL,NULL,NULL,39,1,42,271,NULL,NULL,NULL,41,NULL,NULL,117,95,NULL,'TKT-7ROXFP',1,'2025-02-28 23:11:00','2025-06-25 23:25:54'),(383,140,10,NULL,'2025-04-17 23:28:00',NULL,NULL,NULL,'06:04',NULL,0,'2025-04-18 05:32:57',NULL,NULL,NULL,38,1,42,183,NULL,NULL,NULL,234,NULL,NULL,0,95,NULL,'TKT-5OC4A5',1,'2025-02-28 23:18:00','2025-06-25 23:25:54'),(384,143,10,NULL,'2025-05-27 05:53:00',NULL,NULL,NULL,'06:10',NULL,0,'2025-05-27 12:03:16',NULL,NULL,NULL,38,0,42,175,NULL,NULL,'G6CZ-32',119,NULL,NULL,113,95,NULL,'TKT-ZZVTZI',1,'2025-02-28 22:54:00','2025-06-25 23:25:54'),(385,151,10,NULL,'2025-05-15 22:44:00',NULL,NULL,NULL,'04:29',NULL,0,'2025-05-16 03:13:27',NULL,NULL,NULL,38,1,42,205,NULL,NULL,'I8C1-73',150,NULL,NULL,0,95,NULL,'TKT-H2IFKS',1,'2025-03-03 08:49:00','2025-06-25 23:25:54'),(386,154,10,NULL,'2025-06-02 16:04:00',NULL,NULL,NULL,'01:57',NULL,0,'2025-06-02 18:01:53',NULL,NULL,NULL,39,1,42,295,NULL,NULL,'3W-7657',199,NULL,NULL,0,95,NULL,'TKT-APUWWN',1,'2025-03-03 08:00:00','2025-06-25 23:25:54'),(387,161,10,NULL,'2025-05-14 05:50:00',NULL,NULL,NULL,'03:49',NULL,0,'2025-05-14 09:39:07',NULL,NULL,NULL,40,1,42,239,NULL,NULL,'FH-0435',111,NULL,NULL,115,95,NULL,'TKT-BQUSZX',1,'2025-03-04 12:36:00','2025-06-25 23:25:54'),(388,162,10,NULL,'2025-04-15 07:22:00',NULL,NULL,NULL,'02:43',NULL,0,'2025-04-15 10:05:03',NULL,NULL,NULL,40,0,42,188,NULL,NULL,'AHE4-66',211,NULL,NULL,111,95,NULL,'TKT-YB0WOR',1,'2025-03-04 12:36:00','2025-06-25 23:25:54'),(389,164,10,NULL,'2025-06-23 15:27:00',NULL,NULL,NULL,'02:23',NULL,0,'2025-06-23 17:50:22',NULL,NULL,NULL,40,1,42,175,NULL,NULL,'QPLR-15',119,NULL,NULL,0,95,NULL,'TKT-HMWUAK',1,'2025-03-04 13:17:00','2025-06-25 23:25:54'),(390,187,10,NULL,'2025-06-16 15:46:00',NULL,NULL,NULL,'04:01',NULL,0,'2025-06-16 19:47:01',NULL,NULL,NULL,40,0,42,223,NULL,NULL,NULL,287,NULL,NULL,113,95,NULL,'TKT-GYZIZH',1,'2025-03-09 08:00:00','2025-06-11 14:46:01'),(391,195,10,NULL,'2025-03-13 19:12:00',NULL,NULL,NULL,'01:57',NULL,0,'2025-03-13 21:09:00',NULL,NULL,NULL,39,0,42,238,NULL,NULL,'KD-2820',465,NULL,NULL,116,95,NULL,'TKT-1SAEDS',1,'2025-03-11 19:41:00','2025-06-25 23:25:54'),(392,199,10,NULL,'2025-06-07 02:55:00',NULL,NULL,NULL,'01:35',NULL,0,'2025-06-07 04:30:05',NULL,NULL,NULL,38,1,42,201,NULL,NULL,'FJZL-75',413,NULL,NULL,114,95,NULL,'TKT-F7QJIV',1,'2025-03-13 00:46:00','2025-06-25 23:25:54'),(393,201,10,NULL,'2025-04-09 01:04:00',NULL,NULL,NULL,'03:22',NULL,0,'2025-04-09 04:26:54',NULL,NULL,NULL,39,0,42,0,NULL,NULL,'4G-6374',0,NULL,NULL,0,95,NULL,'TKT-A7W8SD',1,'2025-03-12 23:18:00','2025-06-25 23:25:54'),(394,215,10,NULL,'2025-05-13 07:42:00',NULL,NULL,NULL,'01:46',NULL,0,'2025-05-13 09:28:15',NULL,NULL,NULL,39,1,42,230,NULL,NULL,'34-5470',430,NULL,NULL,111,95,NULL,'TKT-CKLMW0',1,'2025-03-14 05:07:00','2025-06-25 23:25:54'),(395,228,10,NULL,'2025-06-20 16:57:00',NULL,NULL,NULL,'06:23',NULL,0,'2025-06-20 23:20:05',NULL,NULL,NULL,40,1,42,156,NULL,NULL,'NW-8949',356,NULL,NULL,0,95,NULL,'TKT-190NEH',1,'2025-03-20 06:48:00','2025-06-25 23:25:54'),(396,229,10,NULL,'2025-05-11 14:20:00',NULL,NULL,NULL,'03:42',NULL,0,'2025-05-11 18:02:28',NULL,NULL,NULL,40,1,42,273,NULL,NULL,'IRCF-17',210,NULL,NULL,0,95,NULL,'TKT-IQVILK',1,'2025-03-20 06:24:00','2025-06-25 23:25:54'),(397,240,10,NULL,'2025-05-26 11:42:00',NULL,NULL,NULL,'02:39',NULL,0,'2025-05-26 14:21:15',NULL,NULL,NULL,39,0,42,257,NULL,NULL,'KMOJ-17',86,NULL,NULL,0,95,NULL,'TKT-OPMQCR',1,'2025-03-22 16:59:00','2025-06-25 23:25:54'),(398,243,10,NULL,'2025-03-31 23:05:00',NULL,NULL,NULL,'05:16',NULL,0,'2025-04-01 04:21:40',NULL,NULL,NULL,40,0,42,285,NULL,NULL,NULL,129,NULL,NULL,0,95,NULL,'TKT-QDOVUD',1,'2025-03-22 16:06:00','2025-03-28 22:05:40'),(399,247,10,NULL,'2025-04-18 19:48:00',NULL,NULL,NULL,'04:32',NULL,0,'2025-04-19 00:20:49',NULL,NULL,NULL,39,0,42,246,NULL,NULL,'GG-3964',128,NULL,NULL,0,95,NULL,'TKT-CYK5IV',1,'2025-03-23 22:47:00','2025-06-25 23:25:54'),(400,253,10,NULL,'2025-03-30 08:24:00',NULL,NULL,NULL,'05:16',NULL,0,'2025-03-30 13:40:00',NULL,NULL,NULL,39,1,42,213,NULL,NULL,'GD-1948',64,NULL,NULL,111,95,NULL,'TKT-USPLMC',1,'2025-03-26 08:27:00','2025-06-25 23:25:54'),(401,264,10,NULL,'2025-04-12 22:01:00',NULL,NULL,NULL,'03:14',NULL,0,'2025-04-13 01:15:28',NULL,NULL,NULL,39,1,42,285,NULL,NULL,'RA-8368',493,NULL,NULL,0,95,NULL,'TKT-8FFM6W',1,'2025-03-27 13:04:00','2025-06-25 23:25:55'),(402,279,10,NULL,'2025-06-14 05:22:00',NULL,NULL,NULL,'03:00',NULL,0,'2025-06-14 08:22:16',NULL,NULL,NULL,39,1,42,183,NULL,NULL,'IU-2256',444,NULL,NULL,0,95,NULL,'TKT-CSS4VX',1,'2025-03-31 03:48:00','2025-06-25 23:25:55'),(403,282,10,NULL,'2025-06-12 07:46:00',NULL,NULL,NULL,'03:46',NULL,0,'2025-06-12 11:32:34',NULL,NULL,NULL,38,1,42,276,NULL,NULL,NULL,200,NULL,NULL,0,95,NULL,'TKT-RQTEWL',1,'2025-03-31 04:30:00','2025-06-25 23:25:55'),(404,291,10,NULL,'2025-06-02 01:23:00',NULL,NULL,NULL,'02:01',NULL,0,'2025-06-02 03:24:10',NULL,NULL,NULL,39,0,42,279,NULL,NULL,'NUMP-61',382,NULL,NULL,0,95,NULL,'TKT-C6RPC1',1,'2025-04-01 10:29:00','2025-06-25 23:25:55'),(405,294,10,NULL,'2025-04-24 20:52:00',NULL,NULL,NULL,'05:18',NULL,0,'2025-04-25 02:10:18',NULL,NULL,NULL,38,0,42,205,NULL,NULL,'D0-6606',300,NULL,NULL,119,95,NULL,'TKT-KUQ1XQ',1,'2025-04-01 10:50:00','2025-06-25 23:25:55'),(406,301,10,NULL,'2025-05-24 21:15:00',NULL,NULL,NULL,'02:49',NULL,0,'2025-05-25 00:04:06',NULL,NULL,NULL,39,1,42,283,NULL,NULL,'KB-2159',400,NULL,NULL,0,95,NULL,'TKT-VSJUCX',1,'2025-04-03 20:26:00','2025-06-25 23:25:55'),(407,303,10,NULL,'2025-05-23 04:04:00',NULL,NULL,NULL,'06:07',NULL,0,'2025-05-23 10:11:19',NULL,NULL,NULL,40,1,42,177,NULL,NULL,'NLC6-54',354,NULL,NULL,116,95,NULL,'TKT-JCLO2W',1,'2025-04-03 20:27:00','2025-06-25 23:25:55'),(408,304,10,NULL,'2025-05-08 15:30:00',NULL,NULL,NULL,'03:31',NULL,0,'2025-05-08 19:01:11',NULL,NULL,NULL,39,1,42,299,NULL,NULL,NULL,104,NULL,NULL,119,95,NULL,'TKT-OLNEYM',1,'2025-04-05 02:00:00','2025-06-25 23:25:55'),(409,305,10,NULL,'2025-04-10 01:12:00',NULL,NULL,NULL,'03:22',NULL,0,'2025-04-10 04:34:00',NULL,NULL,NULL,40,1,42,299,NULL,NULL,'MHL9-74',428,NULL,NULL,118,95,NULL,'TKT-BBCBO5',1,'2025-04-05 00:12:00','2025-06-25 23:25:55'),(410,309,10,NULL,'2025-06-18 09:33:00',NULL,NULL,NULL,'03:31',NULL,0,'2025-06-18 13:04:05',NULL,NULL,NULL,40,0,42,181,NULL,NULL,NULL,262,NULL,NULL,115,95,NULL,'TKT-GC0YBM',1,'2025-04-06 04:56:00','2025-06-15 08:33:05'),(411,310,10,NULL,'2025-05-03 14:30:00',NULL,NULL,NULL,'04:51',NULL,0,'2025-05-03 19:21:56',NULL,NULL,NULL,40,0,42,245,NULL,NULL,'SW-9805',144,NULL,NULL,118,95,NULL,'TKT-PNKWFC',1,'2025-04-06 05:51:00','2025-06-25 23:25:55'),(412,321,10,NULL,'2025-06-11 06:07:00',NULL,NULL,NULL,'04:39',NULL,0,'2025-06-11 10:46:37',NULL,NULL,NULL,38,1,42,285,NULL,NULL,NULL,493,NULL,NULL,114,95,NULL,'TKT-FZLB1K',1,'2025-04-08 15:02:00','2025-06-25 23:25:55'),(413,338,10,NULL,'2025-05-02 14:42:00',NULL,NULL,NULL,'02:19',NULL,0,'2025-05-02 17:01:22',NULL,NULL,NULL,39,1,42,223,NULL,NULL,'PB0Q-92',19,NULL,NULL,118,95,NULL,'TKT-ROOK4N',1,'2025-04-13 11:36:00','2025-06-25 23:25:55'),(414,345,10,NULL,'2025-04-19 17:00:00',NULL,NULL,NULL,'05:52',NULL,0,'2025-04-19 22:52:00',NULL,NULL,NULL,38,0,42,188,NULL,NULL,'OG-7092',47,NULL,NULL,112,95,NULL,'TKT-BTHRLD',1,'2025-04-14 16:41:00','2025-06-25 23:25:55'),(415,349,10,NULL,'2025-05-17 16:03:00',NULL,NULL,NULL,'06:06',NULL,0,'2025-05-17 22:09:54',NULL,NULL,NULL,38,0,42,262,NULL,NULL,'IPTT-54',18,NULL,NULL,0,95,NULL,'TKT-PTO0VZ',1,'2025-04-14 17:42:00','2025-06-25 23:25:55'),(416,350,12,NULL,'2025-05-14 03:26:00',NULL,NULL,NULL,'03:47',3,0,'2025-05-14 07:13:13','2025-05-17 03:26:00',NULL,NULL,40,1,42,282,NULL,NULL,'JDLD-33',156,193,1,113,95,200,'TKT-FMFLY6',1,'2025-04-15 23:04:00','2025-06-25 23:25:55'),(417,371,10,NULL,'2025-05-12 21:12:00',NULL,NULL,NULL,'04:07',NULL,0,'2025-05-13 01:19:15',NULL,NULL,NULL,38,1,42,264,NULL,NULL,'KAL5-72',479,NULL,NULL,114,95,NULL,'TKT-XFLM2K',1,'2025-04-19 13:41:00','2025-06-25 23:25:55'),(418,376,12,NULL,'2025-05-30 14:21:00',NULL,NULL,NULL,'01:42',3,0,'2025-05-30 16:03:50','2025-06-02 14:21:00',NULL,NULL,38,1,42,179,NULL,NULL,NULL,196,193,1,117,95,200,'TKT-TZEC8N',1,'2025-04-21 23:44:00','2025-06-25 23:25:55'),(419,382,12,NULL,'2025-04-29 23:36:00',NULL,NULL,NULL,'05:38',3,0,'2025-04-30 05:14:00','2025-05-02 23:36:00',NULL,NULL,40,0,42,240,NULL,NULL,'37-7245',309,193,1,114,95,200,'TKT-44O8FG',1,'2025-04-21 23:11:00','2025-06-25 23:25:55'),(420,385,10,NULL,'2025-05-16 23:01:00',NULL,NULL,NULL,'05:55',NULL,0,'2025-05-17 04:56:24',NULL,NULL,NULL,39,1,42,161,NULL,NULL,'FJ-7598',76,NULL,NULL,114,95,NULL,'TKT-9R9D7C',1,'2025-04-23 04:48:00','2025-06-25 23:25:55'),(421,394,10,NULL,'2025-05-13 08:28:00',NULL,NULL,NULL,'04:29',NULL,0,'2025-05-13 12:57:58',NULL,NULL,NULL,39,0,42,243,NULL,NULL,'2D8E-36',347,NULL,NULL,120,95,NULL,'TKT-U5NRYL',1,'2025-04-25 15:36:00','2025-06-25 23:25:55'),(422,402,10,NULL,'2025-06-01 13:35:00',NULL,NULL,NULL,'05:34',NULL,0,'2025-06-01 19:09:40',NULL,NULL,NULL,40,0,42,241,NULL,NULL,'YZ4P-26',135,NULL,NULL,114,95,NULL,'TKT-BHDWPN',1,'2025-04-26 20:24:00','2025-06-25 23:25:55'),(423,410,12,NULL,'2025-05-20 07:43:00',NULL,NULL,NULL,'03:56',3,0,'2025-05-20 11:39:41','2025-05-23 07:43:00',NULL,NULL,38,1,42,270,NULL,NULL,'QK7F-95',52,193,1,120,95,200,'TKT-8R8ESA',1,'2025-04-28 00:39:00','2025-06-25 23:25:55'),(424,417,12,NULL,'2025-06-14 12:14:00',NULL,NULL,NULL,'03:57',3,0,'2025-06-14 16:11:47','2025-06-17 12:14:00',NULL,NULL,38,1,42,205,NULL,NULL,'LWNR-01',485,193,2,118,95,200,'TKT-VPT17H',1,'2025-04-28 00:42:00','2025-06-25 23:25:55'),(425,418,12,NULL,'2025-05-07 01:06:00',NULL,NULL,NULL,'04:55',3,0,'2025-05-07 06:01:00','2025-05-10 01:06:00',NULL,NULL,40,1,42,273,NULL,NULL,'J3-8807',17,193,2,0,95,200,'TKT-A1WNVF',1,'2025-04-28 00:06:00','2025-06-25 23:25:55'),(426,421,10,NULL,'2025-06-13 18:38:00',NULL,NULL,NULL,'02:28',NULL,0,'2025-06-13 21:06:07',NULL,NULL,NULL,39,0,42,173,NULL,NULL,'RPL3-56',442,NULL,NULL,116,95,NULL,'TKT-3S3HQ3',1,'2025-04-30 10:18:00','2025-06-25 23:25:55'),(427,426,10,NULL,'2025-05-07 16:24:00',NULL,NULL,NULL,'03:29',NULL,0,'2025-05-07 19:53:00',NULL,NULL,NULL,38,1,42,156,NULL,NULL,'OS-2239',215,NULL,NULL,0,95,NULL,'TKT-WU70PH',1,'2025-05-01 15:24:00','2025-06-25 23:25:55'),(428,427,10,NULL,'2025-06-05 10:27:00',NULL,NULL,NULL,'03:12',NULL,0,'2025-06-05 13:39:31',NULL,NULL,NULL,40,0,42,286,NULL,NULL,'RS-9094',344,NULL,NULL,113,95,NULL,'TKT-9OJHBA',1,'2025-05-01 17:24:00','2025-06-25 23:25:56'),(429,430,10,NULL,'2025-05-29 00:42:00',NULL,NULL,NULL,'06:19',NULL,0,'2025-05-29 07:01:16',NULL,NULL,NULL,39,0,42,161,NULL,NULL,'RM2U-64',77,NULL,NULL,118,95,NULL,'TKT-SWNHR6',1,'2025-05-02 21:49:00','2025-06-25 23:25:56'),(430,436,10,NULL,'2025-05-13 18:24:00',NULL,NULL,NULL,'03:13',NULL,0,'2025-05-13 21:37:11',NULL,NULL,NULL,39,0,42,211,NULL,NULL,'EC-5605',112,NULL,NULL,0,95,NULL,'TKT-TZPQIN',1,'2025-05-02 22:21:00','2025-06-25 23:25:56'),(431,438,10,NULL,'2025-05-25 21:00:00',NULL,NULL,NULL,'03:19',NULL,0,'2025-05-26 00:19:50',NULL,NULL,NULL,39,1,42,260,NULL,NULL,'RNCK-55',293,NULL,NULL,119,95,NULL,'TKT-WYQPTX',1,'2025-05-04 02:12:00','2025-06-25 23:25:56'),(432,439,10,NULL,'2025-06-13 02:54:00',NULL,NULL,NULL,'02:45',NULL,0,'2025-06-13 05:39:13',NULL,NULL,NULL,40,0,42,166,NULL,NULL,'N7-2354',333,NULL,NULL,119,95,NULL,'TKT-QREVS8',1,'2025-05-04 03:04:00','2025-06-25 23:25:56'),(433,451,12,NULL,'2025-06-06 18:38:00',NULL,NULL,NULL,'01:59',3,0,'2025-06-06 20:37:23','2025-06-09 18:38:00',NULL,NULL,38,0,42,287,NULL,NULL,'TN-8210',133,193,2,112,95,200,'TKT-PQEPT0',1,'2025-05-07 18:21:00','2025-06-25 23:25:56'),(434,459,12,NULL,'2025-05-30 16:50:00',NULL,NULL,NULL,'05:18',3,0,'2025-05-30 22:08:44','2025-06-02 16:50:00',NULL,NULL,38,0,42,168,NULL,NULL,'AERJ-43',127,193,1,0,95,200,'TKT-VX9TSG',1,'2025-05-10 05:06:00','2025-06-25 23:25:56'),(435,462,10,NULL,'2025-06-19 15:44:00',NULL,NULL,NULL,'02:26',NULL,0,'2025-06-19 18:10:51',NULL,NULL,NULL,39,0,42,201,NULL,NULL,NULL,350,NULL,NULL,0,95,NULL,'TKT-GBYE5T',1,'2025-05-12 15:12:00','2025-06-16 14:44:51'),(436,464,10,NULL,'2025-05-19 14:18:00',NULL,NULL,NULL,'03:34',NULL,0,'2025-05-19 17:52:00',NULL,NULL,NULL,38,0,42,211,NULL,NULL,NULL,394,NULL,NULL,115,95,NULL,'TKT-V40PFN',1,'2025-05-12 13:18:00','2025-05-17 13:18:00'),(437,468,10,NULL,'2025-06-21 17:38:00',NULL,NULL,NULL,'01:48',NULL,0,'2025-06-21 19:26:42',NULL,NULL,NULL,38,1,42,211,NULL,NULL,'NL-4314',503,NULL,NULL,113,95,NULL,'TKT-SQFOTI',1,'2025-05-15 01:22:00','2025-06-25 23:25:56'),(438,472,10,NULL,'2025-05-25 00:30:00',NULL,NULL,NULL,'04:04',NULL,0,'2025-05-25 04:34:00',NULL,NULL,NULL,40,0,42,190,NULL,NULL,'TH-4337',276,NULL,NULL,111,95,NULL,'TKT-PTLLAK',1,'2025-05-15 01:03:00','2025-06-25 23:25:56'),(439,477,10,NULL,'2025-06-15 23:38:00',NULL,NULL,NULL,'06:17',NULL,0,'2025-06-16 05:55:27',NULL,NULL,NULL,40,1,42,289,NULL,NULL,NULL,207,NULL,NULL,0,95,NULL,'TKT-L9ZGED',1,'2025-05-16 05:56:00','2025-06-25 23:25:56'),(440,480,10,NULL,'2025-05-18 10:42:00',NULL,NULL,NULL,'04:52',NULL,0,'2025-05-18 15:34:00',NULL,NULL,NULL,39,0,42,203,NULL,NULL,'P0-3341',326,NULL,NULL,111,95,NULL,'TKT-NXBWX3',1,'2025-05-17 09:42:00','2025-06-25 23:25:56'),(441,488,10,NULL,'2025-06-23 21:08:00',NULL,NULL,NULL,'03:07',NULL,0,'2025-06-24 00:15:55',NULL,NULL,NULL,39,0,42,220,NULL,NULL,'VU-3097',459,NULL,NULL,112,95,NULL,'TKT-Y3JYRV',1,'2025-05-18 15:57:00','2025-06-25 23:25:56'),(442,495,10,NULL,'2025-06-21 15:27:00',NULL,NULL,NULL,'01:49',NULL,0,'2025-06-21 17:16:20',NULL,NULL,NULL,40,1,42,267,NULL,NULL,'KAGE-33',393,NULL,NULL,0,95,NULL,'TKT-YHS4YN',1,'2025-05-19 20:33:00','2025-06-25 23:25:56'),(443,531,10,NULL,'2025-06-16 08:10:00',NULL,NULL,NULL,'03:17',NULL,0,'2025-06-16 11:27:36',NULL,NULL,NULL,40,1,42,287,NULL,NULL,NULL,133,NULL,NULL,115,95,NULL,'TKT-MAMHPI',1,'2025-05-25 23:23:00','2025-06-25 23:25:56'),(444,552,10,NULL,'2025-06-23 12:04:00',NULL,NULL,NULL,'06:24',NULL,0,'2025-06-23 18:28:03',NULL,NULL,NULL,39,0,42,188,NULL,NULL,'ER-8878',382,NULL,NULL,0,95,NULL,'TKT-LLNTI3',1,'2025-05-31 23:25:00','2025-06-25 23:25:56'),(445,21,10,NULL,'2025-03-07 11:21:00',NULL,NULL,NULL,'02:47',NULL,0,'2025-03-07 14:08:59',NULL,NULL,NULL,39,1,42,263,NULL,NULL,'F8DY-20',84,NULL,NULL,0,96,NULL,'TKT-S80NWT',1,'2025-02-02 06:49:00','2025-06-25 23:25:56'),(446,60,10,NULL,'2025-05-27 16:29:00',NULL,NULL,NULL,'04:58',NULL,0,'2025-05-27 21:27:17',NULL,NULL,NULL,38,0,42,203,NULL,NULL,'1BQO-17',326,NULL,NULL,0,96,NULL,'TKT-GGNLFS',1,'2025-02-09 13:07:00','2025-06-25 23:25:56'),(447,168,10,NULL,'2025-06-05 19:33:00',NULL,NULL,NULL,'03:23',NULL,0,'2025-06-05 22:56:43',NULL,NULL,NULL,40,1,42,231,NULL,NULL,'WI-0107',501,NULL,NULL,0,96,NULL,'TKT-KM12NB',1,'2025-03-05 19:09:00','2025-06-25 23:25:56'),(448,213,10,NULL,'2025-05-31 02:45:00',NULL,NULL,NULL,'05:52',NULL,0,'2025-05-31 08:37:20',NULL,NULL,NULL,40,0,42,198,NULL,NULL,NULL,234,NULL,NULL,0,96,NULL,'TKT-HZWALS',1,'2025-03-14 06:23:00','2025-05-29 01:45:20'),(449,254,10,NULL,'2025-04-12 01:56:00',NULL,NULL,NULL,'02:11',NULL,0,'2025-04-12 04:07:30',NULL,NULL,NULL,38,0,42,206,NULL,NULL,NULL,443,NULL,NULL,115,96,NULL,'TKT-RN21GJ',1,'2025-03-26 08:31:00','2025-04-09 00:56:30'),(450,269,10,NULL,'2025-04-02 18:36:00',NULL,NULL,NULL,'02:27',NULL,0,'2025-04-02 21:03:00',NULL,NULL,NULL,38,0,42,290,NULL,NULL,NULL,429,NULL,NULL,0,96,NULL,'TKT-FWWSVK',1,'2025-03-28 18:36:00','2025-03-30 17:36:00'),(451,307,10,NULL,'2025-06-04 17:50:00',NULL,NULL,NULL,'03:11',NULL,0,'2025-06-04 21:01:15',NULL,NULL,NULL,38,0,42,300,NULL,NULL,'XS-9657',425,NULL,NULL,0,96,NULL,'TKT-B6P4AS',1,'2025-04-05 01:22:00','2025-06-25 23:25:57'),(452,332,10,NULL,'2025-06-03 03:52:00',NULL,NULL,NULL,'01:44',NULL,0,'2025-06-03 05:36:08',NULL,NULL,NULL,40,0,42,222,NULL,NULL,'EDTT-84',322,NULL,NULL,120,96,NULL,'TKT-CU9LTE',1,'2025-04-12 07:15:00','2025-06-25 23:25:57'),(453,344,10,NULL,'2025-05-15 16:27:00',NULL,NULL,NULL,'01:42',NULL,0,'2025-05-15 18:09:12',NULL,NULL,NULL,38,1,42,222,NULL,NULL,'TYMI-14',306,NULL,NULL,0,96,NULL,'TKT-AMFRFM',1,'2025-04-14 16:00:00','2025-06-25 23:25:57'),(454,346,10,NULL,'2025-04-19 17:00:00',NULL,NULL,NULL,'05:34',NULL,0,'2025-04-19 22:34:00',NULL,NULL,NULL,39,1,42,288,NULL,NULL,'ZUBY-28',167,NULL,NULL,0,96,NULL,'TKT-BBW8YJ',1,'2025-04-14 16:00:00','2025-06-25 23:25:57'),(455,367,10,NULL,'2025-05-07 19:44:00',NULL,NULL,NULL,'03:09',NULL,0,'2025-05-07 22:53:46',NULL,NULL,NULL,40,1,42,189,NULL,NULL,'F2-0661',449,NULL,NULL,0,96,NULL,'TKT-JEE81Y',1,'2025-04-18 08:28:00','2025-06-25 23:25:57'),(456,390,10,NULL,'2025-06-14 14:03:00',NULL,NULL,NULL,'05:48',NULL,0,'2025-06-14 19:51:45',NULL,NULL,NULL,40,1,42,270,NULL,NULL,'W8TQ-41',56,NULL,NULL,0,96,NULL,'TKT-OLJ1U9',1,'2025-04-24 09:47:00','2025-06-25 23:25:57'),(457,403,10,NULL,'2025-05-31 20:20:00',NULL,NULL,NULL,'05:53',NULL,0,'2025-06-01 02:13:58',NULL,NULL,NULL,40,0,42,177,NULL,NULL,'N20L-18',354,NULL,NULL,0,96,NULL,'TKT-WRVJFQ',1,'2025-04-26 20:52:00','2025-06-25 23:25:57'),(458,406,10,NULL,'2025-04-28 20:00:00',NULL,NULL,NULL,'05:20',NULL,0,'2025-04-29 01:20:00',NULL,NULL,NULL,38,0,42,186,NULL,NULL,'D9-7153',45,NULL,NULL,0,96,NULL,'TKT-T623TB',1,'2025-04-26 20:07:00','2025-06-25 23:25:57'),(459,446,10,NULL,'2025-05-23 14:09:00',NULL,NULL,NULL,'02:37',NULL,0,'2025-05-23 16:46:59',NULL,NULL,NULL,40,1,42,276,NULL,NULL,'F9-9995',200,NULL,NULL,118,96,NULL,'TKT-5BUMWP',1,'2025-05-05 08:29:00','2025-06-25 23:25:57'),(460,455,12,NULL,'2025-06-22 13:14:00',NULL,NULL,NULL,'04:58',3,0,'2025-06-22 18:12:42','2025-06-25 13:14:00',NULL,NULL,38,0,42,155,NULL,NULL,'NYXX-35',287,193,1,0,96,200,'TKT-GDTKH0',1,'2025-05-10 04:23:00','2025-06-25 23:25:57'),(461,463,10,NULL,'2025-06-12 06:32:00',NULL,NULL,NULL,'02:42',NULL,0,'2025-06-12 09:14:56',NULL,NULL,NULL,38,0,42,229,NULL,NULL,'AK7D-59',336,NULL,NULL,114,96,NULL,'TKT-LFZZUF',1,'2025-05-12 13:18:00','2025-06-25 23:25:57'),(462,476,10,NULL,'2025-06-10 23:36:00',NULL,NULL,NULL,'01:59',NULL,0,'2025-06-11 01:35:17',NULL,NULL,NULL,39,0,42,249,NULL,NULL,'VV-3577',56,NULL,NULL,0,96,NULL,'TKT-NSC2YO',1,'2025-05-16 05:17:00','2025-06-25 23:25:57'),(463,478,10,NULL,'2025-06-25 22:23:00',NULL,NULL,NULL,'01:45',NULL,0,'2025-06-26 00:08:32',NULL,NULL,NULL,38,0,42,245,NULL,NULL,'OL-4793',344,NULL,NULL,120,96,NULL,'TKT-QM6Z6R',1,'2025-05-17 10:40:00','2025-06-25 23:25:57'),(464,479,10,NULL,'2025-06-11 03:38:00',NULL,NULL,NULL,'05:55',NULL,0,'2025-06-11 09:33:37',NULL,NULL,NULL,38,0,42,207,NULL,NULL,'SOZ0-40',243,NULL,NULL,0,96,NULL,'TKT-MLMF1H',1,'2025-05-17 10:20:00','2025-06-25 23:25:57'),(465,481,10,NULL,'2025-06-06 01:22:00',NULL,NULL,NULL,'06:18',NULL,0,'2025-06-06 07:40:32',NULL,NULL,NULL,39,0,42,173,NULL,NULL,'00YY-08',442,NULL,NULL,112,96,NULL,'TKT-6S3PAT',1,'2025-05-17 11:20:00','2025-06-25 23:25:57'),(466,501,10,NULL,'2025-05-29 08:11:00',NULL,NULL,NULL,'05:29',NULL,0,'2025-05-29 13:40:54',NULL,NULL,NULL,39,1,42,270,NULL,NULL,'6JO7-55',491,NULL,NULL,0,96,NULL,'TKT-KZQEUX',1,'2025-05-19 20:56:00','2025-06-25 23:25:57'),(467,523,10,NULL,'2025-06-23 08:27:00',NULL,NULL,NULL,'03:34',NULL,0,'2025-06-23 12:01:18',NULL,NULL,NULL,38,1,42,298,NULL,NULL,'FP-1905',390,NULL,NULL,0,96,NULL,'TKT-RNTSUK',1,'2025-05-23 13:02:00','2025-06-25 23:25:57'),(468,546,10,NULL,'2025-06-05 18:48:00',NULL,NULL,NULL,'03:19',NULL,0,'2025-06-05 22:07:00',NULL,NULL,NULL,39,0,42,236,NULL,NULL,'LCOC-52',234,NULL,NULL,0,96,NULL,'TKT-YN8FJZ',1,'2025-05-30 18:58:00','2025-06-25 23:25:57'),(469,611,10,NULL,'2025-07-08 14:49:00',NULL,NULL,NULL,'05:41',NULL,0,'2025-07-08 20:30:35',NULL,NULL,NULL,40,0,42,220,NULL,NULL,'ZAWY-84',459,NULL,NULL,120,97,NULL,'TKT-N2HW2V',0,'2025-06-18 10:36:57','2025-06-26 00:09:44'),(474,616,10,NULL,'2025-07-12 01:00:00',NULL,NULL,NULL,'01:00',NULL,0,'2025-07-12 02:00:00',NULL,NULL,NULL,38,0,42,197,NULL,NULL,'AB-1234',304,NULL,NULL,0,94,NULL,NULL,1,'2025-06-27 23:45:39','2025-06-27 23:45:39'),(475,617,10,NULL,'2025-08-30 10:00:00',NULL,NULL,NULL,'02:00',NULL,0,'2025-08-30 12:00:00',NULL,NULL,NULL,40,0,42,197,NULL,NULL,NULL,304,NULL,NULL,111,95,NULL,NULL,1,'2025-06-27 23:49:20','2025-08-29 05:30:12'),(476,618,10,NULL,'2025-07-01 01:00:00',NULL,NULL,NULL,'02:00',NULL,0,'2025-07-01 03:00:00',NULL,NULL,NULL,38,0,42,197,NULL,NULL,NULL,304,NULL,NULL,0,94,NULL,NULL,1,'2025-06-28 00:15:57','2025-06-28 00:15:57'),(477,619,10,NULL,'2025-10-04 12:00:00',NULL,NULL,NULL,'03:30',NULL,0,'2025-10-04 15:30:00',NULL,NULL,NULL,40,1,42,197,NULL,NULL,NULL,304,NULL,NULL,116,94,NULL,NULL,1,'2025-06-28 00:45:22','2025-06-28 00:46:25'),(478,620,10,NULL,'2025-08-27 12:00:00',NULL,NULL,NULL,'02:00',NULL,0,'2025-08-27 14:00:00',NULL,NULL,NULL,39,1,42,197,NULL,NULL,NULL,304,NULL,NULL,111,95,NULL,NULL,1,'2025-06-28 00:48:01','2025-08-28 01:30:15'),(479,621,10,NULL,'2026-02-18 12:00:00',NULL,NULL,NULL,'03:00',NULL,0,'2026-02-18 15:00:00',NULL,NULL,NULL,38,0,42,197,NULL,NULL,NULL,304,NULL,NULL,0,94,NULL,NULL,1,'2025-06-28 00:48:01','2025-06-28 00:48:01'),(480,622,12,NULL,'2025-07-12 12:00:00',NULL,NULL,NULL,'01:00',3,0,'2025-07-12 13:00:00','2025-07-15 12:00:00',NULL,NULL,38,1,42,197,NULL,NULL,NULL,304,193,2,0,94,200,NULL,1,'2025-06-28 00:50:13','2025-06-28 00:50:13'),(481,623,12,NULL,'2025-07-12 18:00:00',NULL,NULL,NULL,'01:00',3,0,'2025-07-12 19:00:00','2025-07-15 18:00:00',NULL,NULL,40,0,42,246,NULL,NULL,NULL,217,193,1,0,94,200,NULL,1,'2025-06-28 00:50:13','2025-06-28 00:50:13'),(482,624,10,NULL,'2025-07-12 10:00:00',NULL,NULL,NULL,'01:00',NULL,0,'2025-07-12 11:00:00',NULL,NULL,NULL,40,1,42,197,NULL,NULL,NULL,304,NULL,NULL,0,94,NULL,NULL,1,'2025-06-28 01:07:21','2025-06-28 01:07:21'),(483,625,10,NULL,'2025-07-12 11:00:00',NULL,NULL,NULL,'02:00',NULL,0,'2025-07-12 13:00:00',NULL,NULL,NULL,39,0,42,302,NULL,NULL,NULL,138,NULL,NULL,0,94,NULL,NULL,1,'2025-06-28 01:07:21','2025-06-28 01:07:21'),(484,626,10,NULL,'2025-07-12 12:00:00',NULL,NULL,NULL,'01:00',NULL,0,'2025-07-12 13:00:00',NULL,NULL,NULL,38,1,42,197,NULL,NULL,NULL,304,NULL,NULL,0,94,NULL,NULL,1,'2025-06-28 01:23:17','2025-06-28 01:23:17'),(485,627,10,NULL,'2025-07-12 13:00:00',NULL,NULL,NULL,'03:00',NULL,0,'2025-07-12 16:00:00',NULL,NULL,NULL,38,0,42,197,NULL,NULL,NULL,304,NULL,NULL,0,94,NULL,NULL,1,'2025-06-28 01:23:17','2025-06-28 01:23:17'),(486,628,10,NULL,'2025-07-12 12:00:00',NULL,NULL,NULL,'01:00',NULL,0,'2025-07-12 13:00:00',NULL,NULL,NULL,40,1,42,197,NULL,NULL,NULL,304,NULL,NULL,0,94,NULL,NULL,1,'2025-06-28 01:28:27','2025-06-28 01:28:27'),(487,629,10,NULL,'2025-07-12 16:00:00',NULL,NULL,NULL,'03:00',NULL,0,'2025-07-12 19:00:00',NULL,NULL,NULL,38,0,42,197,NULL,NULL,NULL,304,NULL,NULL,0,94,NULL,NULL,1,'2025-06-28 01:28:27','2025-06-28 01:28:27'),(488,630,10,NULL,'2025-07-12 12:00:00',NULL,NULL,NULL,'01:00',NULL,0,'2025-07-12 13:00:00',NULL,NULL,NULL,40,1,42,197,NULL,NULL,NULL,304,NULL,NULL,0,94,NULL,NULL,1,'2025-06-28 01:40:13','2025-06-28 01:40:13'),(489,631,10,NULL,'2025-07-12 20:00:00',NULL,NULL,NULL,'02:00',NULL,0,'2025-07-12 22:00:00',NULL,NULL,NULL,40,1,42,197,NULL,NULL,NULL,304,NULL,NULL,0,94,NULL,NULL,1,'2025-06-28 01:40:13','2025-06-28 01:40:13'),(490,632,10,NULL,'2025-07-12 12:00:00',NULL,NULL,NULL,'01:00',NULL,0,'2025-07-12 13:00:00',NULL,NULL,NULL,38,1,42,197,NULL,NULL,NULL,304,NULL,NULL,0,94,NULL,NULL,1,'2025-06-28 01:51:21','2025-06-28 01:51:21'),(491,633,10,NULL,'2025-07-12 02:00:00',NULL,NULL,NULL,'01:00',NULL,0,'2025-07-12 03:00:00',NULL,NULL,NULL,38,1,42,197,NULL,NULL,NULL,304,NULL,NULL,111,94,NULL,NULL,1,'2025-06-28 01:51:21','2025-07-17 16:34:32'),(492,658,10,NULL,'2025-08-27 22:00:00',NULL,NULL,NULL,'05:00',NULL,0,'2025-08-28 03:00:00',NULL,NULL,NULL,39,0,42,197,NULL,NULL,NULL,304,NULL,NULL,115,95,NULL,NULL,1,'2025-07-02 18:54:58','2025-08-28 01:09:30'),(493,659,10,NULL,'2025-08-01 12:00:00',NULL,NULL,NULL,'03:00',NULL,0,'2025-08-01 15:00:00',NULL,NULL,NULL,38,1,42,197,NULL,NULL,NULL,304,NULL,NULL,112,97,NULL,NULL,0,'2025-07-03 02:23:32','2025-08-01 11:55:17'),(494,660,10,NULL,'2025-08-02 11:00:00',NULL,NULL,NULL,'00:00',NULL,0,'2025-08-02 11:00:00',NULL,NULL,NULL,40,0,42,197,NULL,NULL,NULL,91,NULL,NULL,112,96,NULL,'23456',1,'2025-07-03 02:23:32','2025-07-15 20:28:09'),(495,567,10,NULL,'2025-07-09 18:00:00',NULL,NULL,NULL,'01:00',NULL,0,'2025-07-09 19:00:00',NULL,NULL,NULL,40,1,42,197,NULL,NULL,NULL,304,NULL,NULL,113,95,NULL,NULL,1,'2025-07-03 21:08:56','2025-07-09 22:30:15'),(496,667,10,NULL,'2025-07-15 12:00:00',NULL,NULL,NULL,'08:00',NULL,0,'2025-07-15 20:00:00',NULL,NULL,NULL,38,0,42,159,NULL,NULL,NULL,85,NULL,NULL,117,96,NULL,'Ticket de Cierre : 1',1,'2025-07-15 19:59:42','2025-07-16 21:52:08'),(497,666,10,NULL,'2025-07-15 08:00:00',NULL,NULL,NULL,'04:00',NULL,0,'2025-07-15 12:00:00',NULL,NULL,NULL,39,1,42,207,NULL,NULL,NULL,243,NULL,NULL,111,95,NULL,NULL,1,'2025-07-15 20:09:37','2025-07-15 20:25:49'),(498,668,10,NULL,'2025-07-15 18:00:00',NULL,NULL,NULL,'02:00',NULL,0,'2025-07-15 20:00:00',NULL,NULL,NULL,40,0,42,177,NULL,NULL,NULL,354,NULL,NULL,0,96,NULL,'123456',1,'2025-07-15 20:33:07','2025-07-17 16:01:12'),(499,669,10,NULL,'2025-07-17 14:00:00',NULL,NULL,NULL,'03:00',NULL,0,'2025-07-17 17:00:00',NULL,NULL,NULL,39,0,42,302,NULL,NULL,NULL,138,NULL,NULL,0,95,NULL,NULL,1,'2025-07-17 17:02:40','2025-07-18 00:59:07'),(500,671,10,NULL,'2025-07-18 08:00:00',NULL,NULL,NULL,'01:00',NULL,0,'2025-07-18 09:00:00',NULL,NULL,NULL,38,1,42,302,NULL,NULL,NULL,138,NULL,NULL,0,96,NULL,'111111',1,'2025-07-18 14:12:41','2025-07-18 14:21:38'),(501,670,10,NULL,'2025-07-18 07:30:00',NULL,NULL,NULL,'02:00',NULL,0,'2025-07-18 09:30:00',NULL,NULL,NULL,38,0,42,174,NULL,NULL,NULL,64,NULL,NULL,0,96,NULL,'222222',1,'2025-07-18 14:12:57','2025-07-18 14:21:48'),(502,672,10,NULL,'2025-07-19 10:00:00',NULL,NULL,NULL,'04:00',NULL,0,'2025-07-19 14:00:00',NULL,NULL,NULL,39,0,42,246,NULL,NULL,'JV5378',367,NULL,NULL,0,95,NULL,NULL,1,'2025-07-18 16:07:28','2025-07-18 16:20:00'),(503,673,10,NULL,'2025-07-19 08:30:00',NULL,NULL,NULL,'05:00',NULL,0,'2025-07-19 13:30:00',NULL,NULL,NULL,38,1,42,198,NULL,NULL,'JV5378',444,NULL,NULL,0,97,NULL,NULL,0,'2025-07-18 16:07:39','2025-07-18 16:37:26'),(504,674,10,NULL,'2025-07-19 10:00:00',NULL,NULL,NULL,'05:00',NULL,0,'2025-07-19 15:00:00',NULL,NULL,NULL,38,1,42,302,NULL,NULL,'JV5379',111,NULL,NULL,0,95,NULL,NULL,1,'2025-07-18 16:24:36','2025-07-18 16:26:10'),(505,675,10,NULL,'2025-07-18 16:00:00',NULL,NULL,NULL,'02:00',NULL,0,'2025-07-18 18:00:00',NULL,NULL,NULL,38,0,42,302,NULL,NULL,'JV5380',2,NULL,NULL,0,96,NULL,'56786',1,'2025-07-18 16:30:14','2025-07-18 16:41:32'),(506,677,10,NULL,'2025-07-23 09:00:00',NULL,NULL,NULL,'01:00',NULL,0,'2025-07-23 10:00:00',NULL,NULL,NULL,40,0,42,176,NULL,NULL,NULL,341,NULL,NULL,0,95,NULL,NULL,1,'2025-07-22 18:46:15','2025-07-23 14:28:32'),(507,678,10,NULL,'2025-07-23 09:00:00',NULL,NULL,NULL,'07:00',NULL,0,'2025-07-23 16:00:00',NULL,NULL,NULL,39,0,42,174,NULL,NULL,NULL,25,NULL,NULL,111,95,NULL,NULL,1,'2025-07-22 18:46:41','2025-07-23 14:28:32'),(508,679,10,NULL,'2025-07-23 11:02:00',NULL,NULL,NULL,'05:00',NULL,0,'2025-07-23 16:02:00',NULL,NULL,NULL,40,0,42,157,NULL,NULL,NULL,83,NULL,NULL,0,95,NULL,NULL,1,'2025-07-22 18:48:34','2025-07-23 14:28:32'),(509,685,10,NULL,'2025-07-23 14:47:00',NULL,NULL,NULL,'02:00',NULL,0,'2025-07-23 16:47:00',NULL,NULL,NULL,39,0,42,210,NULL,NULL,NULL,74,NULL,NULL,0,95,NULL,NULL,1,'2025-07-22 18:50:07','2025-07-23 14:28:32'),(510,684,10,NULL,'2025-07-23 14:47:00',NULL,NULL,NULL,'01:00',NULL,0,'2025-07-23 15:47:00',NULL,NULL,NULL,40,0,42,302,NULL,NULL,NULL,138,NULL,NULL,0,95,NULL,NULL,1,'2025-07-22 18:50:15','2025-07-23 14:28:32'),(511,683,12,NULL,'2025-07-23 14:41:00',NULL,NULL,NULL,'03:02',3,0,'2025-07-23 17:43:00','2025-07-26 14:41:00',NULL,NULL,39,1,42,210,NULL,NULL,NULL,74,193,2,0,95,200,NULL,1,'2025-07-22 18:50:29','2025-07-23 14:28:32'),(512,682,12,NULL,'2025-07-23 14:40:00',NULL,NULL,NULL,'04:00',3,0,'2025-07-23 18:40:00','2025-07-26 14:40:00',NULL,NULL,38,0,42,210,NULL,NULL,NULL,74,193,1,0,95,200,NULL,1,'2025-07-22 18:50:39','2025-07-23 14:28:32'),(513,681,10,NULL,'2025-07-23 14:38:00',NULL,NULL,NULL,'01:30',NULL,0,'2025-07-23 16:08:00',NULL,NULL,NULL,38,1,42,166,NULL,NULL,'BCzz11',333,NULL,NULL,0,95,NULL,NULL,1,'2025-07-22 18:50:53','2025-07-23 14:28:32'),(514,680,10,NULL,'2025-07-23 11:02:00',NULL,NULL,NULL,'03:00',NULL,0,'2025-07-23 14:02:00',NULL,NULL,NULL,38,0,42,167,NULL,NULL,NULL,203,NULL,NULL,0,95,NULL,NULL,1,'2025-07-22 18:51:02','2025-07-23 14:28:32'),(515,686,12,NULL,'2025-07-23 14:51:00',NULL,NULL,NULL,'02:00',3,0,'2025-07-23 16:51:00','2025-07-26 14:51:00',NULL,NULL,38,1,42,159,NULL,NULL,NULL,85,193,2,0,95,200,NULL,1,'2025-07-22 18:52:16','2025-07-23 14:28:32'),(516,688,12,NULL,'2025-08-03 16:52:00',NULL,NULL,NULL,'01:00',3,0,'2025-08-03 17:52:00','2025-08-06 16:52:00',NULL,NULL,39,0,42,210,NULL,NULL,NULL,74,193,2,0,95,200,NULL,1,'2025-07-25 02:29:56','2025-08-01 12:19:59'),(517,693,10,NULL,'2025-08-27 19:00:00',NULL,NULL,NULL,'01:00',NULL,0,'2025-08-27 20:00:00',NULL,NULL,NULL,38,0,42,197,NULL,NULL,NULL,304,NULL,NULL,115,95,NULL,NULL,1,'2025-07-25 03:38:53','2025-08-28 01:09:13'),(518,694,10,NULL,'2025-08-27 17:00:00',NULL,NULL,NULL,'01:00',NULL,0,'2025-08-27 18:00:00',NULL,NULL,NULL,39,0,42,197,NULL,NULL,NULL,304,NULL,NULL,115,95,NULL,NULL,1,'2025-07-25 03:40:41','2025-08-28 01:08:56'),(519,695,10,NULL,'2025-08-27 11:00:00',NULL,NULL,NULL,'01:00',NULL,0,'2025-08-27 12:00:00',NULL,NULL,NULL,38,0,42,176,NULL,NULL,NULL,341,NULL,NULL,115,95,NULL,NULL,1,'2025-07-25 03:42:58','2025-08-28 01:08:33'),(520,697,10,NULL,'2025-08-27 10:00:00',NULL,NULL,NULL,'02:00',NULL,0,'2025-08-27 12:00:00',NULL,NULL,NULL,40,0,42,159,NULL,NULL,NULL,85,NULL,NULL,115,95,NULL,NULL,1,'2025-07-25 03:45:17','2025-08-28 01:08:16'),(521,701,10,NULL,'2025-08-01 13:00:00',NULL,NULL,NULL,'01:00',NULL,0,'2025-08-01 14:00:00',NULL,NULL,NULL,40,0,42,210,NULL,NULL,'BCzz11',74,NULL,NULL,115,95,NULL,NULL,1,'2025-08-01 11:35:21','2025-09-09 05:36:29'),(522,700,10,NULL,'2025-08-01 12:00:00',NULL,NULL,NULL,'02:00',NULL,0,'2025-08-01 14:00:00',NULL,NULL,NULL,39,0,42,197,NULL,NULL,NULL,304,NULL,NULL,0,95,NULL,NULL,1,'2025-08-01 11:35:37','2025-08-01 11:39:45'),(523,699,10,NULL,'2025-08-01 11:00:00',NULL,NULL,NULL,'03:00',NULL,0,'2025-08-01 14:00:00',NULL,NULL,NULL,40,1,42,298,NULL,NULL,NULL,432,NULL,NULL,0,95,NULL,NULL,1,'2025-08-01 11:35:45','2025-08-01 11:39:45'),(524,702,12,NULL,'2025-08-01 13:00:00',NULL,NULL,NULL,'04:00',3,0,'2025-08-01 17:00:00','2025-08-04 13:00:00',NULL,NULL,38,0,42,251,NULL,NULL,NULL,503,193,1,118,95,206,NULL,1,'2025-08-01 11:47:27','2026-01-27 01:01:29'),(525,698,10,NULL,'1970-01-01 00:00:00',NULL,NULL,NULL,'00:00',NULL,0,'1970-01-01 00:00:00',NULL,NULL,NULL,0,0,0,0,NULL,NULL,NULL,0,NULL,NULL,0,0,NULL,NULL,1,'2025-08-01 12:52:58','2025-08-01 12:52:58'),(526,703,10,NULL,'2025-10-20 12:00:00',NULL,NULL,NULL,'00:00',NULL,0,'2025-10-20 12:00:00',NULL,NULL,NULL,40,0,42,176,NULL,NULL,NULL,341,NULL,NULL,0,94,NULL,NULL,1,'2025-08-17 21:59:54','2025-08-17 21:59:54'),(527,704,10,NULL,'2025-11-20 12:00:00',NULL,NULL,NULL,'00:00',NULL,0,'2025-11-20 12:00:00',NULL,NULL,NULL,39,0,42,197,NULL,NULL,NULL,304,NULL,NULL,0,94,NULL,NULL,1,'2025-08-17 22:03:24','2025-08-17 22:03:24'),(528,705,10,NULL,'2025-09-20 12:00:00',NULL,NULL,NULL,'00:00',NULL,0,'2025-09-20 12:00:00',NULL,NULL,NULL,40,0,42,197,NULL,NULL,NULL,304,NULL,NULL,0,97,NULL,NULL,0,'2025-08-17 22:03:24','2025-08-17 22:13:00'),(529,706,10,NULL,'2025-10-18 12:00:00',NULL,NULL,NULL,'00:00',NULL,0,'2025-10-18 12:00:00',NULL,NULL,NULL,38,0,42,197,NULL,NULL,NULL,304,NULL,NULL,0,94,NULL,NULL,1,'2025-08-17 22:12:27','2025-08-17 22:12:27'),(530,707,10,NULL,'2025-11-18 12:00:00',NULL,NULL,NULL,'00:00',NULL,0,'2025-11-18 12:00:00',NULL,NULL,NULL,40,0,42,197,NULL,NULL,NULL,304,NULL,NULL,0,94,NULL,NULL,1,'2025-08-17 22:12:27','2025-08-17 22:12:27'),(531,713,12,NULL,'2026-01-12 12:00:00',NULL,NULL,NULL,'12:00',3,0,'2026-01-13 00:00:00','2026-01-15 12:00:00',NULL,NULL,179,0,42,176,NULL,NULL,NULL,341,193,2,0,94,200,NULL,1,'2026-01-11 15:57:26','2026-01-11 15:57:26'),(532,715,10,NULL,'2026-01-12 14:00:00',NULL,NULL,NULL,'10:00',NULL,0,'2026-01-13 00:00:00',NULL,NULL,NULL,38,0,42,176,NULL,NULL,NULL,341,NULL,NULL,0,94,NULL,NULL,1,'2026-01-11 16:14:27','2026-01-11 16:14:27'),(533,717,10,NULL,'2026-01-12 16:00:00',NULL,NULL,NULL,'01:00',NULL,0,'2026-01-12 17:00:00',NULL,NULL,NULL,39,0,42,159,NULL,NULL,NULL,85,NULL,NULL,0,94,NULL,NULL,1,'2026-01-11 16:18:31','2026-01-11 16:18:31'),(534,720,10,NULL,'2026-01-26 19:00:00',NULL,NULL,NULL,'01:00',NULL,0,'2026-01-26 20:00:00',NULL,NULL,NULL,40,1,42,302,NULL,NULL,NULL,138,NULL,NULL,111,94,NULL,NULL,1,'2026-01-11 16:25:39','2026-01-27 00:14:24'),(535,721,12,NULL,'2026-01-12 20:00:00',NULL,NULL,NULL,'01:00',3,0,'2026-01-12 21:00:00','2026-01-15 20:00:00',NULL,NULL,38,0,42,210,NULL,NULL,NULL,74,193,1,0,94,200,NULL,1,'2026-01-11 16:26:16','2026-01-11 16:26:16'),(536,746,12,NULL,'1970-01-01 00:00:00',NULL,NULL,NULL,'00:00',0,0,'1970-01-01 00:00:00','1970-01-01 00:00:00',NULL,NULL,0,0,0,0,0,0,NULL,0,0,0,0,0,0,NULL,1,'2026-01-17 15:54:10','2026-02-12 18:52:46'),(537,770,10,NULL,'2026-02-20 09:00:00',NULL,NULL,NULL,'10:00',NULL,0,'2026-02-20 19:00:00',NULL,NULL,NULL,39,0,42,246,NULL,NULL,NULL,217,NULL,NULL,0,95,NULL,NULL,1,'2026-01-18 01:51:34','2026-02-13 21:02:25'),(538,771,10,NULL,'2026-01-20 10:00:00',NULL,NULL,NULL,'10:00',NULL,0,'2026-01-20 20:00:00',NULL,NULL,NULL,40,0,178,302,NULL,NULL,NULL,138,NULL,NULL,0,94,NULL,NULL,1,'2026-01-18 01:51:34','2026-01-18 01:51:34'),(539,772,12,NULL,'2026-01-19 10:00:00',NULL,NULL,NULL,'06:00',3,0,'2026-01-19 16:00:00','2026-01-22 10:00:00',NULL,NULL,38,0,42,246,NULL,NULL,NULL,217,193,2,0,94,200,NULL,1,'2026-01-18 18:51:57','2026-01-18 18:51:57'),(540,773,12,NULL,'2026-01-19 11:00:00',NULL,NULL,NULL,'03:00',3,0,'2026-01-19 14:00:00','2026-01-22 11:00:00',NULL,NULL,40,1,42,176,NULL,NULL,NULL,341,193,1,0,94,200,NULL,1,'2026-01-18 18:51:57','2026-01-18 18:51:57'),(541,780,12,NULL,'2026-02-01 12:00:00',NULL,NULL,NULL,'',3,0,'0000-00-00 00:00:00','2026-02-04 12:00:00',NULL,NULL,38,0,42,152,NULL,NULL,NULL,69,193,2,0,94,200,NULL,1,'2026-01-23 16:56:00','2026-01-23 16:56:00'),(542,781,10,NULL,'2026-02-01 12:00:00',NULL,NULL,NULL,'03:00',NULL,0,'2026-02-01 15:00:00',NULL,NULL,NULL,38,1,42,246,NULL,NULL,NULL,89,NULL,NULL,115,94,NULL,NULL,1,'2026-01-23 21:06:35','2026-01-29 16:43:49'),(543,782,12,NULL,'2026-02-01 12:00:00',NULL,NULL,NULL,'',3,0,'0000-00-00 00:00:00','2026-02-04 12:00:00',NULL,NULL,38,0,42,152,NULL,NULL,NULL,69,193,1,0,94,200,NULL,1,'2026-01-24 01:24:09','2026-01-24 01:24:09'),(544,783,12,NULL,'2026-02-01 12:00:00','2026-02-10 12:00:00','2026-02-15 12:00:00',NULL,'',6,0,'0000-00-00 00:00:00','2026-02-04 12:00:00',NULL,NULL,38,0,42,152,NULL,NULL,NULL,69,194,1,220,94,200,NULL,1,'2026-01-24 01:37:20','2026-01-29 19:40:30'),(545,785,12,NULL,'2026-02-01 12:00:00',NULL,NULL,NULL,'',3,0,'0000-00-00 00:00:00','2026-02-04 12:00:00',NULL,NULL,38,0,42,152,NULL,NULL,NULL,69,193,2,0,93,200,NULL,1,'2026-01-24 02:19:19','2026-01-27 00:57:56'),(546,786,12,NULL,'2026-02-01 10:00:00',NULL,NULL,NULL,'',3,0,'0000-00-00 00:00:00','2026-02-04 10:00:00',NULL,NULL,38,0,42,152,NULL,NULL,NULL,69,193,2,0,93,200,NULL,1,'2026-01-24 06:26:20','2026-01-27 00:57:41'),(562,787,12,NULL,'2026-02-01 12:00:00','2026-02-05 12:00:00','2026-02-08 12:00:00','2026-02-03 12:00:00','',6,0,'0000-00-00 00:00:00','2026-02-07 12:00:00',NULL,NULL,39,1,42,152,302,138,NULL,69,194,2,211,94,202,NULL,1,'2026-01-25 16:48:39','2026-01-29 19:39:16'),(563,789,10,NULL,'2026-02-10 13:00:00',NULL,NULL,NULL,'03:00',NULL,0,'2026-02-10 16:00:00',NULL,NULL,NULL,39,1,42,246,NULL,NULL,NULL,217,NULL,NULL,0,95,NULL,NULL,1,'2026-01-29 20:52:00','2026-01-30 04:38:51'),(564,791,12,NULL,'2026-02-01 13:00:00',NULL,NULL,NULL,'',9,0,'0000-00-00 00:00:00','2026-02-10 13:00:00',NULL,NULL,39,1,42,152,NULL,NULL,NULL,69,193,2,209,95,203,NULL,1,'2026-01-29 21:24:52','2026-01-30 04:38:51'),(565,831,10,NULL,'2026-02-20 01:00:00',NULL,NULL,NULL,'03:00',NULL,0,'2026-02-20 04:00:00',NULL,NULL,NULL,39,1,42,176,NULL,NULL,NULL,341,NULL,NULL,0,95,NULL,NULL,1,'2026-02-03 15:48:36','2026-02-13 21:02:25'),(566,832,10,NULL,'2026-02-20 02:00:00',NULL,NULL,NULL,'03:00',NULL,0,'2026-02-20 05:00:00',NULL,NULL,NULL,40,0,178,246,NULL,NULL,NULL,217,NULL,NULL,0,95,NULL,NULL,1,'2026-02-03 15:49:24','2026-02-13 21:02:25'),(567,833,12,NULL,'2026-02-21 01:00:00',NULL,NULL,NULL,'',9,0,'0000-00-00 00:00:00','2026-02-24 01:00:00',NULL,NULL,38,0,42,152,NULL,NULL,NULL,69,193,1,0,94,200,NULL,1,'2026-02-03 15:50:18','2026-02-03 15:50:18'),(568,834,12,NULL,'2026-02-21 03:00:00','2026-02-22 12:00:00','2026-02-25 12:00:00',NULL,'',6,0,'0000-00-00 00:00:00','2026-02-24 03:00:00',NULL,NULL,38,1,178,152,NULL,NULL,NULL,69,194,2,0,94,201,NULL,1,'2026-02-03 15:53:29','2026-02-03 15:53:29'),(569,835,12,NULL,'2026-02-21 04:00:00','2026-02-25 10:00:00','2026-02-28 12:00:00','2026-03-05 11:00:00','',6,0,'0000-00-00 00:00:00','2026-03-03 04:00:00',NULL,NULL,179,1,42,152,159,85,NULL,69,194,2,0,94,201,NULL,1,'2026-02-03 15:56:40','2026-02-03 15:56:40'),(570,836,10,NULL,'2026-02-10 12:00:00',NULL,NULL,NULL,'03:00',NULL,0,'2026-02-10 15:00:00',NULL,NULL,NULL,39,1,178,210,NULL,NULL,NULL,74,NULL,NULL,0,95,NULL,NULL,1,'2026-02-03 16:12:10','2026-02-04 16:32:28'),(571,837,10,NULL,'2026-02-11 10:00:00',NULL,NULL,NULL,'05:00',NULL,0,'2026-02-11 15:00:00',NULL,NULL,NULL,39,0,178,246,NULL,NULL,NULL,217,NULL,NULL,0,94,NULL,NULL,1,'2026-02-03 16:12:10','2026-02-03 16:12:10'),(572,838,10,NULL,'2026-02-11 12:00:00',NULL,NULL,NULL,'10:00',NULL,0,'2026-02-11 22:00:00',NULL,NULL,NULL,38,1,42,210,NULL,NULL,NULL,74,NULL,NULL,0,94,NULL,NULL,1,'2026-02-03 16:12:10','2026-02-03 16:12:10'),(573,839,10,NULL,'2026-02-15 12:00:00',NULL,NULL,NULL,'03:00',NULL,0,'2026-02-15 15:00:00',NULL,NULL,NULL,179,0,178,176,NULL,NULL,NULL,341,NULL,NULL,0,94,NULL,NULL,1,'2026-02-03 16:12:10','2026-02-03 16:12:10'),(574,840,10,NULL,'2026-02-11 01:00:00',NULL,NULL,NULL,'03:00',NULL,0,'2026-02-11 04:00:00',NULL,NULL,NULL,38,0,42,246,NULL,NULL,NULL,217,NULL,NULL,0,94,NULL,NULL,1,'2026-02-03 16:16:14','2026-02-03 16:16:14'),(575,841,10,NULL,'2026-02-12 10:00:00',NULL,NULL,NULL,'06:00',NULL,0,'2026-02-12 16:00:00',NULL,NULL,NULL,38,0,178,210,NULL,NULL,NULL,74,NULL,NULL,0,94,NULL,NULL,1,'2026-02-03 16:16:14','2026-02-03 16:16:14'),(576,842,10,NULL,'2026-02-14 12:00:00',NULL,NULL,NULL,'03:00',NULL,0,'2026-02-14 15:00:00',NULL,NULL,NULL,39,0,42,246,NULL,NULL,NULL,217,NULL,NULL,0,94,NULL,NULL,1,'2026-02-03 16:16:14','2026-02-03 16:16:14'),(577,843,12,NULL,'2026-02-10 12:00:00','2026-02-15 12:00:00','2026-02-20 12:00:00',NULL,'',6,0,'0000-00-00 00:00:00','2026-02-15 12:00:00',NULL,NULL,39,0,42,152,NULL,NULL,NULL,69,194,2,0,94,201,NULL,1,'2026-02-03 19:40:08','2026-02-03 19:40:08'),(578,844,12,NULL,'2026-02-10 12:00:00','2026-02-10 12:00:00','2026-02-20 12:00:00',NULL,'',6,0,'0000-00-00 00:00:00','2026-02-20 12:00:00',NULL,NULL,38,0,42,152,NULL,NULL,NULL,69,194,2,0,94,200,NULL,1,'2026-02-03 20:14:54','2026-02-03 20:14:54'),(579,845,12,NULL,'2026-02-10 12:00:00','2026-02-10 12:00:00','2026-02-20 12:00:00',NULL,'',6,0,'0000-00-00 00:00:00','2026-02-20 12:00:00',NULL,NULL,38,0,42,152,NULL,NULL,NULL,69,194,1,0,94,201,NULL,1,'2026-02-03 20:16:18','2026-02-03 20:16:18'),(580,846,12,NULL,'2026-02-10 12:00:00',NULL,NULL,NULL,'',9,0,'0000-00-00 00:00:00','2026-02-20 12:00:00',NULL,NULL,38,0,42,152,NULL,NULL,NULL,69,193,1,0,94,200,NULL,1,'2026-02-03 20:18:23','2026-02-03 20:18:23'),(581,847,12,NULL,'2026-02-12 12:00:00','2026-02-15 12:00:00','2026-02-25 12:00:00','2026-02-28 12:00:00','',6,0,'0000-00-00 00:00:00','2026-02-17 12:00:00',NULL,NULL,39,0,42,152,159,85,NULL,69,193,2,0,94,200,NULL,1,'2026-02-03 22:10:52','2026-02-03 22:10:52'),(584,850,12,NULL,'2026-02-12 12:00:00',NULL,NULL,NULL,'00:00',9,0,'1970-01-01 00:00:00','2026-02-12 12:00:00',NULL,NULL,39,0,42,152,NULL,NULL,NULL,69,193,2,0,94,200,NULL,1,'2026-02-04 16:00:31','2026-02-04 21:09:39'),(585,851,12,NULL,'2026-02-20 12:00:00',NULL,NULL,NULL,'',10,0,'0000-00-00 00:00:00','2026-03-02 12:00:00',NULL,NULL,39,0,42,152,NULL,NULL,NULL,69,193,1,0,94,203,NULL,1,'2026-02-04 16:18:29','2026-02-04 16:18:29'),(586,852,12,NULL,'2026-02-21 12:00:00','2026-02-21 12:00:00','2026-02-28 12:00:00',NULL,'',6,0,'0000-00-00 00:00:00','2026-02-21 12:00:00',NULL,NULL,39,1,178,152,NULL,NULL,NULL,69,194,2,0,94,202,NULL,1,'2026-02-04 16:23:52','2026-02-04 16:23:52'),(587,853,12,NULL,'2026-03-01 12:00:00','2026-03-01 12:00:00','2026-03-07 12:00:00','2026-03-07 12:00:00','',6,0,'0000-00-00 00:00:00','2026-03-07 12:00:00',NULL,NULL,39,0,42,152,302,138,NULL,69,193,1,0,94,202,NULL,1,'2026-02-04 16:27:39','2026-02-04 16:27:39'),(588,854,12,NULL,'2026-02-10 12:00:00',NULL,NULL,NULL,'00:00',9,0,'1970-01-01 00:00:00','2026-02-10 12:00:00',NULL,NULL,38,0,42,152,NULL,NULL,NULL,69,193,2,0,94,200,NULL,1,'2026-02-04 20:04:18','2026-02-04 21:34:09'),(589,855,12,NULL,'2026-02-10 12:00:00',NULL,NULL,NULL,'00:00',9,0,'1970-01-01 00:00:00','2026-02-10 12:00:00',NULL,NULL,39,0,42,152,NULL,NULL,NULL,69,193,1,0,94,200,NULL,1,'2026-02-04 21:41:21','2026-02-04 21:41:50'),(590,856,10,NULL,'2026-02-12 12:00:00',NULL,NULL,NULL,'04:00',NULL,0,'2026-02-12 16:00:00',NULL,NULL,NULL,38,0,42,159,NULL,NULL,NULL,85,NULL,NULL,0,94,NULL,NULL,1,'2026-02-04 21:42:28','2026-02-04 21:42:53'),(591,875,12,NULL,'2026-02-12 12:00:00',NULL,NULL,NULL,'',0,0,'0000-00-00 00:00:00','2026-02-12 12:00:00',NULL,NULL,38,0,42,152,NULL,NULL,NULL,353,193,2,214,94,203,NULL,1,'2026-02-09 01:13:37','2026-02-09 01:20:17'),(592,876,12,NULL,'2026-02-10 12:00:00',NULL,NULL,NULL,'',9,0,'0000-00-00 00:00:00','2026-02-13 12:00:00',NULL,NULL,40,1,42,152,NULL,NULL,NULL,69,193,2,0,94,203,NULL,1,'2026-02-09 01:21:13','2026-02-09 01:21:13'),(593,882,10,NULL,'2026-02-10 12:00:00',NULL,NULL,NULL,'03:00',NULL,0,'2026-02-10 15:00:00',NULL,NULL,NULL,39,0,42,251,NULL,NULL,NULL,140,NULL,NULL,0,94,NULL,NULL,1,'2026-02-09 14:03:11','2026-02-09 14:03:11'),(594,883,12,NULL,'2026-02-15 12:00:00',NULL,NULL,NULL,'',9,0,'0000-00-00 00:00:00','2026-02-18 12:00:00',NULL,NULL,38,0,42,152,NULL,NULL,NULL,69,193,1,0,94,200,NULL,1,'2026-02-09 14:51:06','2026-02-09 14:51:06'),(595,884,10,NULL,'2026-02-16 12:00:00',NULL,NULL,NULL,'03:00',NULL,0,'2026-02-16 15:00:00',NULL,NULL,NULL,39,1,42,302,NULL,NULL,NULL,138,NULL,NULL,116,94,NULL,NULL,1,'2026-02-09 14:51:49','2026-02-09 20:15:08'),(596,886,12,NULL,'2026-02-15 12:00:00',NULL,NULL,NULL,'',9,0,'0000-00-00 00:00:00','2026-02-18 12:00:00',NULL,NULL,38,0,42,152,NULL,NULL,NULL,69,193,1,0,94,200,NULL,1,'2026-02-09 19:50:12','2026-02-09 19:50:12'),(597,887,12,NULL,'2026-02-15 12:00:00','2026-02-20 20:00:00','2026-02-25 10:00:00',NULL,'',6,0,'0000-00-00 00:00:00','2026-02-21 12:00:00',NULL,NULL,39,0,42,152,NULL,NULL,NULL,69,194,2,0,94,201,NULL,1,'2026-02-09 19:50:12','2026-02-09 19:50:12'),(598,888,12,NULL,'2026-02-20 12:00:00','2026-02-21 12:00:00','2026-02-28 10:00:00','2026-03-01 10:00:00','',6,0,'0000-00-00 00:00:00','2026-02-25 12:00:00',NULL,NULL,38,1,178,152,302,138,NULL,69,194,2,0,94,204,NULL,1,'2026-02-09 19:50:12','2026-02-09 19:50:12'),(599,889,12,NULL,'2026-02-10 10:00:00',NULL,NULL,NULL,'',9,0,'0000-00-00 00:00:00','2026-02-20 10:00:00',NULL,NULL,38,1,42,152,NULL,NULL,NULL,69,193,1,0,94,200,NULL,1,'2026-02-09 19:53:33','2026-02-09 19:53:33'),(600,890,12,NULL,'2026-02-12 12:00:00','2026-02-15 12:00:00','2026-02-20 10:00:00',NULL,'',6,0,'0000-00-00 00:00:00','2026-02-17 12:00:00',NULL,NULL,39,0,42,152,NULL,NULL,NULL,69,194,1,0,94,202,NULL,1,'2026-02-09 19:53:33','2026-02-09 19:53:33'),(601,891,12,NULL,'2026-02-15 12:00:00','2026-02-18 12:00:00','2026-02-25 12:00:00','2026-02-26 12:00:00','',6,0,'0000-00-00 00:00:00','2026-02-21 12:00:00',NULL,NULL,39,0,42,152,302,138,NULL,69,194,2,212,94,204,NULL,1,'2026-02-09 19:53:33','2026-02-09 20:14:48'),(602,895,12,NULL,'2026-02-20 12:00:00',NULL,NULL,NULL,'00:00',9,0,'1970-01-01 00:00:00','2026-02-20 12:00:00',NULL,NULL,38,1,42,152,NULL,NULL,NULL,69,193,2,0,94,200,NULL,1,'2026-02-11 21:59:35','2026-02-12 19:20:05'),(603,896,12,NULL,'2026-02-21 12:00:00','2026-02-25 12:00:00','2026-02-26 12:00:00',NULL,'00:00',6,0,'1970-01-01 00:00:00','2026-02-21 12:00:00',NULL,NULL,40,0,178,152,NULL,NULL,NULL,69,194,1,0,94,200,NULL,1,'2026-02-11 22:12:32','2026-02-12 19:21:43'),(604,897,12,NULL,'2026-02-22 12:00:00','2026-02-22 12:00:00','2026-02-22 12:00:00','2026-02-22 15:00:00','',6,0,NULL,'2026-02-22 12:00:00',NULL,NULL,39,0,42,152,302,138,NULL,69,193,2,0,94,202,NULL,1,'2026-02-12 18:57:10','2026-02-12 19:22:57'),(605,898,12,NULL,'2026-02-20 12:00:00',NULL,NULL,NULL,'',9,0,NULL,'2026-02-20 12:00:00',NULL,NULL,39,0,42,152,NULL,NULL,NULL,69,193,1,0,95,203,NULL,1,'2026-02-12 19:24:42','2026-02-13 21:02:25'),(606,899,12,NULL,'2026-02-20 12:00:00',NULL,NULL,NULL,'',9,0,NULL,'2026-02-20 12:00:00',NULL,NULL,38,1,178,152,NULL,NULL,NULL,69,193,2,0,97,200,NULL,0,'2026-02-12 19:47:52','2026-02-27 15:03:15'),(607,892,10,NULL,'2026-03-01 12:00:00',NULL,NULL,NULL,'03:00',NULL,0,'2026-03-01 15:00:00',NULL,NULL,NULL,38,0,42,302,NULL,NULL,NULL,138,NULL,NULL,0,95,NULL,NULL,1,'2026-02-13 21:06:04','2026-02-13 21:08:22'),(608,893,10,NULL,'1970-01-01 00:00:00',NULL,NULL,NULL,'00:00',NULL,0,'1970-01-01 00:00:00',NULL,NULL,NULL,0,0,0,0,NULL,NULL,NULL,0,NULL,NULL,0,0,NULL,NULL,1,'2026-02-13 21:06:13','2026-02-13 21:06:13'),(609,894,10,NULL,'1970-01-01 00:00:00',NULL,NULL,NULL,'00:00',NULL,0,'1970-01-01 00:00:00',NULL,NULL,NULL,0,0,0,0,NULL,NULL,NULL,0,NULL,NULL,0,0,NULL,NULL,1,'2026-02-13 21:06:21','2026-02-13 21:06:21');
/*!40000 ALTER TABLE `planificaciones` ENABLE KEYS */;
UNLOCK TABLES;

--
-- Table structure for table `programas_diarios`
--

DROP TABLE IF EXISTS `programas_diarios`;
/*!40101 SET @saved_cs_client     = @@character_set_client */;
/*!50503 SET character_set_client = utf8mb4 */;
CREATE TABLE `programas_diarios` (
  `id` bigint(20) unsigned NOT NULL AUTO_INCREMENT,
  `fecha_programa` date NOT NULL,
  `fecha_emision` datetime NOT NULL,
  `version` int(10) unsigned NOT NULL DEFAULT 0,
  `usuario_id` bigint(20) unsigned DEFAULT NULL,
  `estado` tinyint(4) NOT NULL DEFAULT 0,
  `estado_notif_correo` tinyint(4) NOT NULL DEFAULT 0,
  `inicio_notif_correo` datetime DEFAULT NULL,
  `fin_notif_correo` datetime DEFAULT NULL,
  `estado_notif_telegram` tinyint(4) NOT NULL DEFAULT 0,
  `inicio_notif_telegram` datetime DEFAULT NULL,
  `fin_notif_telegram` datetime DEFAULT NULL,
  `created_at` timestamp NULL DEFAULT NULL,
  `updated_at` timestamp NULL DEFAULT NULL,
  PRIMARY KEY (`id`),
  UNIQUE KEY `programas_diarios_fecha_programa_version_unique` (`fecha_programa`,`version`),
  KEY `programas_diarios_usuario_id_foreign` (`usuario_id`),
  CONSTRAINT `programas_diarios_usuario_id_foreign` FOREIGN KEY (`usuario_id`) REFERENCES `users` (`id`) ON UPDATE CASCADE
) ENGINE=InnoDB AUTO_INCREMENT=75 DEFAULT CHARSET=utf8mb4 COLLATE=utf8mb4_unicode_ci;
/*!40101 SET character_set_client = @saved_cs_client */;

--
-- Dumping data for table `programas_diarios`
--

LOCK TABLES `programas_diarios` WRITE;
/*!40000 ALTER TABLE `programas_diarios` DISABLE KEYS */;
INSERT INTO `programas_diarios` VALUES (31,'2025-06-05','2025-07-10 15:05:44',1,2,1,0,NULL,NULL,2,'2025-07-10 15:06:05','2025-07-10 15:06:15','2025-07-10 14:05:44','2025-07-10 14:06:15'),(32,'2025-06-05','2025-07-10 15:12:11',2,2,1,0,NULL,NULL,2,'2025-07-10 15:12:31','2025-07-10 15:12:41','2025-07-10 14:12:11','2025-07-10 14:12:41'),(33,'2025-06-05','2025-07-10 16:57:14',3,2,1,0,NULL,NULL,2,'2025-07-10 16:57:34','2025-07-10 16:57:44','2025-07-10 15:57:14','2025-07-10 15:57:44'),(34,'2025-06-05','2025-07-14 01:55:11',4,2,1,0,NULL,NULL,2,'2025-07-14 01:55:33','2025-07-14 01:55:44','2025-07-14 05:55:11','2025-07-14 05:55:44'),(35,'2025-06-05','2025-07-14 11:12:18',5,2,1,0,NULL,NULL,2,'2025-07-14 11:12:41','2025-07-14 11:12:52','2025-07-14 15:12:18','2025-07-14 15:12:52'),(36,'2025-06-05','2025-07-15 15:27:17',6,3,1,0,NULL,NULL,2,'2025-07-15 15:27:39','2025-07-15 15:27:51','2025-07-15 19:27:17','2025-07-15 19:27:51'),(37,'2025-07-15','2025-07-15 16:06:17',1,3,1,0,NULL,NULL,2,'2025-07-15 16:06:23','2025-07-15 16:06:26','2025-07-15 20:06:17','2025-07-15 20:06:26'),(38,'2025-07-15','2025-07-15 16:25:49',2,3,1,0,NULL,NULL,2,'2025-07-15 16:25:58','2025-07-15 16:26:02','2025-07-15 20:25:49','2025-07-15 20:26:02'),(39,'2025-07-15','2025-07-15 16:34:19',3,3,1,0,NULL,NULL,2,'2025-07-15 16:34:31','2025-07-15 16:34:37','2025-07-15 20:34:19','2025-07-15 20:34:37'),(45,'2025-07-17','2025-07-17 20:59:07',1,2,1,0,NULL,NULL,2,'2025-07-17 20:59:14','2025-07-17 20:59:16','2025-07-18 00:59:07','2025-07-18 00:59:16'),(46,'2025-07-17','2025-07-17 21:23:30',2,2,1,0,NULL,NULL,2,'2025-07-17 21:23:40','2025-07-17 21:23:45','2025-07-18 01:23:30','2025-07-18 01:23:45'),(47,'2025-07-18','2025-07-18 10:14:57',1,3,1,0,NULL,NULL,2,'2025-07-18 10:15:06','2025-07-18 10:15:10','2025-07-18 14:14:57','2025-07-18 14:15:10'),(48,'2025-07-18','2025-07-18 10:52:38',2,3,1,0,NULL,NULL,2,'2025-07-18 10:52:47','2025-07-18 10:52:51','2025-07-18 14:52:38','2025-07-18 14:52:51'),(49,'2025-07-19','2025-07-18 12:19:59',1,3,1,0,NULL,NULL,2,'2025-07-18 12:20:08','2025-07-18 12:20:12','2025-07-18 16:19:59','2025-07-18 16:20:12'),(50,'2025-07-19','2025-07-18 12:26:09',2,3,1,0,NULL,NULL,2,'2025-07-18 12:26:21','2025-07-18 12:26:28','2025-07-18 16:26:09','2025-07-18 16:26:28'),(51,'2025-07-18','2025-07-18 12:33:44',3,3,1,0,NULL,NULL,2,'2025-07-18 12:33:52','2025-07-18 12:33:58','2025-07-18 16:33:44','2025-07-18 16:33:58'),(52,'2025-07-19','2025-07-18 12:38:18',3,3,1,0,NULL,NULL,2,'2025-07-18 12:38:26','2025-07-18 12:38:30','2025-07-18 16:38:18','2025-07-18 16:38:30'),(53,'2025-07-23','2025-07-23 10:28:31',1,3,1,0,NULL,NULL,2,'2025-07-23 10:29:01','2025-07-23 10:29:21','2025-07-23 14:28:31','2025-07-23 14:29:21'),(54,'2025-08-01','2025-08-01 11:39:45',1,3,1,0,NULL,NULL,2,'2025-08-01 11:39:56','2025-08-01 11:40:03','2025-08-01 11:39:45','2025-08-01 11:40:03'),(55,'2025-08-01','2025-08-01 11:51:40',2,3,1,0,NULL,NULL,2,'2025-08-01 11:51:49','2025-08-01 11:51:52','2025-08-01 11:51:40','2025-08-01 11:51:52'),(56,'2025-08-03','2025-08-01 12:19:58',1,3,1,0,NULL,NULL,2,'2025-08-01 12:20:12','2025-08-01 12:20:15','2025-08-01 12:19:58','2025-08-01 12:20:15'),(57,'2025-08-03','2025-08-01 12:25:38',2,3,1,0,NULL,NULL,2,'2025-08-01 12:25:46','2025-08-01 12:25:50','2025-08-01 12:25:38','2025-08-01 12:25:50'),(58,'2025-08-03','2025-08-01 12:30:28',3,3,1,0,NULL,NULL,2,'2025-08-01 12:30:40','2025-08-01 12:30:44','2025-08-01 12:30:28','2025-08-01 12:30:44'),(59,'2025-08-03','2025-08-01 12:42:22',4,3,1,0,NULL,NULL,2,'2025-08-01 12:42:33','2025-08-01 12:42:38','2025-08-01 12:42:22','2025-08-01 12:42:38'),(60,'2025-08-27','2025-08-27 16:27:59',1,2,1,0,NULL,NULL,2,'2025-08-27 16:28:12','2025-08-27 16:28:22','2025-08-27 20:27:59','2025-08-27 20:28:22'),(61,'2025-08-27','2025-08-27 17:51:45',2,2,1,0,NULL,NULL,2,'2025-08-27 17:51:45','2025-08-27 17:51:45','2025-08-27 21:51:45','2025-08-27 21:51:45'),(62,'2025-08-27','2025-08-27 17:52:47',3,2,1,0,NULL,NULL,2,'2025-08-27 17:52:47','2025-08-27 17:52:47','2025-08-27 21:52:47','2025-08-27 21:52:47'),(63,'2025-08-27','2025-08-27 18:18:44',4,2,1,0,NULL,NULL,2,'2025-08-27 18:18:55','2025-08-27 18:18:57','2025-08-27 22:18:44','2025-08-27 22:18:57'),(64,'2025-08-27','2025-08-27 18:47:11',5,2,1,0,NULL,NULL,2,'2025-08-27 18:47:21','2025-08-27 18:47:21','2025-08-27 22:47:11','2025-08-27 22:47:21'),(65,'2025-08-27','2025-08-27 21:10:12',6,2,1,0,NULL,NULL,2,'2025-08-27 21:10:20','2025-08-27 21:10:20','2025-08-28 01:10:12','2025-08-28 01:10:20'),(66,'2025-08-27','2025-08-27 21:14:06',7,2,1,0,NULL,NULL,2,'2025-08-27 21:14:22','2025-08-27 21:14:26','2025-08-28 01:14:06','2025-08-28 01:14:26'),(67,'2025-08-27','2025-08-27 21:17:48',8,2,1,0,NULL,NULL,2,'2025-08-27 21:17:57','2025-08-27 21:17:57','2025-08-28 01:17:48','2025-08-28 01:17:57'),(68,'2025-08-27','2025-08-27 21:27:56',9,2,1,0,NULL,NULL,2,'2025-08-27 21:28:06','2025-08-27 21:28:06','2025-08-28 01:27:56','2025-08-28 01:28:06'),(69,'2025-08-27','2025-08-27 21:30:15',10,2,1,0,NULL,NULL,2,'2025-08-27 21:30:26','2025-08-27 21:30:29','2025-08-28 01:30:15','2025-08-28 01:30:29'),(70,'2025-08-30','2025-08-29 01:30:12',1,NULL,1,0,NULL,NULL,2,'2025-08-29 01:30:32','2025-08-29 01:30:34','2025-08-29 05:30:12','2025-08-29 05:30:34'),(71,'2026-02-10','2026-01-30 01:38:51',1,2,1,0,NULL,NULL,2,'2026-01-30 01:39:06','2026-01-30 01:39:13','2026-01-30 04:38:51','2026-01-30 04:39:13'),(72,'2026-02-10','2026-02-04 13:32:28',2,2,1,0,NULL,NULL,2,'2026-02-04 13:32:42','2026-02-04 13:32:48','2026-02-04 16:32:28','2026-02-04 16:32:48'),(73,'2026-02-20','2026-02-13 18:02:25',1,2,1,0,NULL,NULL,2,'2026-02-13 18:02:48','2026-02-13 18:02:59','2026-02-13 21:02:25','2026-02-13 21:02:59'),(74,'2026-03-01','2026-02-13 18:08:22',1,2,1,0,NULL,NULL,2,'2026-02-13 18:08:33','2026-02-13 18:08:34','2026-02-13 21:08:22','2026-02-13 21:08:34');
/*!40000 ALTER TABLE `programas_diarios` ENABLE KEYS */;
UNLOCK TABLES;

--
-- Table structure for table `programas_diarios_detalle`
--

DROP TABLE IF EXISTS `programas_diarios_detalle`;
/*!40101 SET @saved_cs_client     = @@character_set_client */;
/*!50503 SET character_set_client = utf8mb4 */;
CREATE TABLE `programas_diarios_detalle` (
  `id` bigint(20) unsigned NOT NULL AUTO_INCREMENT,
  `programa_id` bigint(20) unsigned NOT NULL,
  `retiro_id` bigint(20) unsigned NOT NULL,
  `region_operativa_id` bigint(20) unsigned DEFAULT NULL,
  `estado` tinyint(4) NOT NULL DEFAULT 0,
  `novedad` tinyint(4) NOT NULL DEFAULT 0,
  `sucursal_id` bigint(20) unsigned DEFAULT NULL,
  `comuna_id` bigint(20) unsigned DEFAULT NULL,
  `proveedor_id` bigint(20) unsigned DEFAULT NULL,
  `fecha_hora_retiro` datetime DEFAULT NULL,
  `camion_id` bigint(20) unsigned DEFAULT NULL,
  `tipo_retiro_id` bigint(20) unsigned DEFAULT NULL,
  `duracion_viaje` varchar(5) DEFAULT NULL,
  `eta` datetime DEFAULT NULL,
  `kilogramos_estimados` int(10) unsigned NOT NULL,
  `producto_id` bigint(20) unsigned DEFAULT NULL,
  `especie_id` bigint(20) unsigned DEFAULT NULL,
  `bins` int(10) unsigned DEFAULT NULL,
  `estado_notif_correo` tinyint(4) NOT NULL DEFAULT 0,
  `fecha_envio_correo` datetime DEFAULT NULL,
  `estado_notif_telegram` tinyint(4) NOT NULL DEFAULT 0,
  `fecha_envio_telegram` datetime DEFAULT NULL,
  `created_at` timestamp NULL DEFAULT NULL,
  `updated_at` timestamp NULL DEFAULT NULL,
  PRIMARY KEY (`id`),
  KEY `programas_diarios_detalle_programa_id_foreign` (`programa_id`),
  KEY `programas_diarios_detalle_retiro_id_foreign` (`retiro_id`),
  KEY `programas_diarios_detalle_sucursal_id_foreign` (`sucursal_id`),
  KEY `programas_diarios_detalle_proveedor_id_foreign` (`proveedor_id`),
  KEY `programas_diarios_detalle_comuna_id_foreign` (`comuna_id`),
  KEY `programas_diarios_detalle_camion_id_foreign` (`camion_id`),
  KEY `programas_diarios_detalle_tipo_retiro_id_foreign` (`tipo_retiro_id`),
  KEY `programas_diarios_detalle_producto_id_foreign` (`producto_id`),
  KEY `programas_diarios_detalle_especie_id_foreign` (`especie_id`),
  KEY `programas_diarios_detalle_region_operativa_id_idx` (`region_operativa_id`),
  CONSTRAINT `programas_diarios_detalle_camion_id_foreign` FOREIGN KEY (`camion_id`) REFERENCES `camiones` (`id`) ON UPDATE CASCADE,
  CONSTRAINT `programas_diarios_detalle_comuna_id_foreign` FOREIGN KEY (`comuna_id`) REFERENCES `comunas` (`id`) ON UPDATE CASCADE,
  CONSTRAINT `programas_diarios_detalle_especie_id_foreign` FOREIGN KEY (`especie_id`) REFERENCES `catalogos` (`id`) ON UPDATE CASCADE,
  CONSTRAINT `programas_diarios_detalle_producto_id_foreign` FOREIGN KEY (`producto_id`) REFERENCES `catalogos` (`id`) ON UPDATE CASCADE,
  CONSTRAINT `programas_diarios_detalle_programa_id_foreign` FOREIGN KEY (`programa_id`) REFERENCES `programas_diarios` (`id`) ON DELETE CASCADE,
  CONSTRAINT `programas_diarios_detalle_proveedor_id_foreign` FOREIGN KEY (`proveedor_id`) REFERENCES `empresas` (`id`) ON UPDATE CASCADE,
  CONSTRAINT `programas_diarios_detalle_retiro_id_foreign` FOREIGN KEY (`retiro_id`) REFERENCES `retiros` (`id`) ON UPDATE CASCADE,
  CONSTRAINT `programas_diarios_detalle_sucursal_id_foreign` FOREIGN KEY (`sucursal_id`) REFERENCES `sucursales` (`id`) ON UPDATE CASCADE,
  CONSTRAINT `programas_diarios_detalle_tipo_retiro_id_foreign` FOREIGN KEY (`tipo_retiro_id`) REFERENCES `catalogos` (`id`) ON UPDATE CASCADE
) ENGINE=InnoDB AUTO_INCREMENT=222 DEFAULT CHARSET=utf8mb4 COLLATE=utf8mb4_unicode_ci;
/*!40101 SET character_set_client = @saved_cs_client */;

--
-- Dumping data for table `programas_diarios_detalle`
--

LOCK TABLES `programas_diarios_detalle` WRITE;
/*!40000 ALTER TABLE `programas_diarios_detalle` DISABLE KEYS */;
INSERT INTO `programas_diarios_detalle` VALUES (66,31,197,10,95,0,40,236,216,'2025-06-05 00:26:00',165,36,'05:32','2025-06-05 05:58:48',272,42,40,NULL,0,NULL,2,'2025-07-10 15:06:06','2025-07-10 14:05:45','2025-07-10 14:06:06'),(67,31,457,10,95,0,8,341,174,'2025-06-05 03:36:00',188,36,'02:27','2025-06-05 06:03:01',871,42,38,12,0,NULL,2,'2025-07-10 15:06:08','2025-07-10 14:05:45','2025-07-10 14:06:08'),(68,31,427,10,95,0,18,209,205,'2025-06-05 10:27:00',286,35,'03:12','2025-06-05 13:39:31',650,42,40,NULL,0,NULL,2,'2025-07-10 15:06:10','2025-07-10 14:05:45','2025-07-10 14:06:10'),(69,31,546,10,96,0,40,236,202,'2025-06-05 18:48:00',236,36,'03:19','2025-06-05 22:07:00',336,42,39,21,0,NULL,2,'2025-07-10 15:06:12','2025-07-10 14:05:45','2025-07-10 14:06:12'),(70,31,168,10,96,0,14,247,120,'2025-06-05 19:33:00',231,35,'03:23','2025-06-05 22:56:43',592,42,40,NULL,0,NULL,2,'2025-07-10 15:06:14','2025-07-10 14:05:45','2025-07-10 14:06:14'),(71,32,197,10,95,0,40,236,216,'2025-06-05 00:26:00',165,36,'05:32','2025-06-05 05:58:48',272,42,40,NULL,0,NULL,2,'2025-07-10 15:12:32','2025-07-10 14:12:11','2025-07-10 14:12:32'),(72,32,457,10,95,0,8,341,174,'2025-06-05 03:36:00',188,36,'02:27','2025-06-05 06:03:01',871,42,38,12,0,NULL,2,'2025-07-10 15:12:34','2025-07-10 14:12:11','2025-07-10 14:12:34'),(73,32,427,10,95,0,18,209,205,'2025-06-05 10:27:00',286,35,'03:12','2025-06-05 13:39:31',650,42,40,NULL,0,NULL,2,'2025-07-10 15:12:36','2025-07-10 14:12:11','2025-07-10 14:12:36'),(74,32,546,10,96,0,40,236,202,'2025-06-05 18:48:00',236,36,'03:19','2025-06-05 22:07:00',336,42,39,21,0,NULL,2,'2025-07-10 15:12:38','2025-07-10 14:12:11','2025-07-10 14:12:38'),(75,32,168,10,96,0,14,247,120,'2025-06-05 19:33:00',231,35,'03:23','2025-06-05 22:56:43',592,42,40,NULL,0,NULL,2,'2025-07-10 15:12:40','2025-07-10 14:12:11','2025-07-10 14:12:40'),(76,33,197,10,95,0,40,236,216,'2025-06-05 00:26:00',165,36,'05:32','2025-06-05 05:58:48',272,42,40,NULL,0,NULL,2,'2025-07-10 16:57:35','2025-07-10 15:57:14','2025-07-10 15:57:35'),(77,33,457,10,95,0,8,341,174,'2025-06-05 03:36:00',188,36,'02:27','2025-06-05 06:03:01',871,42,38,12,0,NULL,2,'2025-07-10 16:57:37','2025-07-10 15:57:14','2025-07-10 15:57:37'),(78,33,427,10,95,0,18,209,205,'2025-06-05 10:27:00',286,35,'03:12','2025-06-05 13:39:31',650,42,40,NULL,0,NULL,2,'2025-07-10 16:57:39','2025-07-10 15:57:14','2025-07-10 15:57:39'),(79,33,546,10,96,0,40,236,202,'2025-06-05 18:48:00',236,36,'03:19','2025-06-05 22:07:00',336,42,39,21,0,NULL,2,'2025-07-10 16:57:41','2025-07-10 15:57:14','2025-07-10 15:57:41'),(80,33,168,10,96,0,14,247,120,'2025-06-05 19:33:00',231,35,'03:23','2025-06-05 22:56:43',592,42,40,NULL,0,NULL,2,'2025-07-10 16:57:43','2025-07-10 15:57:14','2025-07-10 15:57:43'),(81,34,197,10,95,0,40,236,216,'2025-06-05 00:26:00',165,36,'05:32','2025-06-05 05:58:48',272,42,40,NULL,0,NULL,2,'2025-07-14 01:55:35','2025-07-14 05:55:11','2025-07-14 05:55:35'),(82,34,457,10,95,0,8,341,174,'2025-06-05 03:36:00',188,36,'02:27','2025-06-05 06:03:01',871,42,38,12,0,NULL,2,'2025-07-14 01:55:37','2025-07-14 05:55:11','2025-07-14 05:55:37'),(83,34,427,10,95,0,18,209,205,'2025-06-05 10:27:00',286,35,'03:12','2025-06-05 13:39:31',650,42,40,NULL,0,NULL,2,'2025-07-14 01:55:39','2025-07-14 05:55:11','2025-07-14 05:55:39'),(84,34,546,10,96,0,40,236,202,'2025-06-05 18:48:00',236,36,'03:19','2025-06-05 22:07:00',336,42,39,21,0,NULL,2,'2025-07-14 01:55:41','2025-07-14 05:55:11','2025-07-14 05:55:41'),(85,34,168,10,96,0,14,247,120,'2025-06-05 19:33:00',231,35,'03:23','2025-06-05 22:56:43',592,42,40,NULL,0,NULL,2,'2025-07-14 01:55:43','2025-07-14 05:55:11','2025-07-14 05:55:43'),(86,35,197,10,95,0,40,236,216,'2025-06-05 00:26:00',165,36,'05:32','2025-06-05 05:58:48',272,42,40,NULL,0,NULL,2,'2025-07-14 11:12:44','2025-07-14 15:12:18','2025-07-14 15:12:44'),(87,35,457,10,95,0,8,341,174,'2025-06-05 03:36:00',188,36,'02:27','2025-06-05 06:03:01',871,42,38,12,0,NULL,2,'2025-07-14 11:12:46','2025-07-14 15:12:19','2025-07-14 15:12:46'),(88,35,427,10,95,0,18,209,205,'2025-06-05 10:27:00',286,35,'03:12','2025-06-05 13:39:31',650,42,40,NULL,0,NULL,2,'2025-07-14 11:12:48','2025-07-14 15:12:19','2025-07-14 15:12:48'),(89,35,546,10,96,0,40,236,202,'2025-06-05 18:48:00',236,36,'03:19','2025-06-05 22:07:00',336,42,39,21,0,NULL,2,'2025-07-14 11:12:49','2025-07-14 15:12:19','2025-07-14 15:12:49'),(90,35,168,10,96,0,14,247,120,'2025-06-05 19:33:00',231,35,'03:23','2025-06-05 22:56:43',592,42,40,NULL,0,NULL,2,'2025-07-14 11:12:51','2025-07-14 15:12:19','2025-07-14 15:12:51'),(91,36,197,10,95,0,40,236,216,'2025-06-05 00:26:00',165,36,'05:32','2025-06-05 05:58:48',272,42,40,NULL,0,NULL,2,'2025-07-15 15:27:42','2025-07-15 19:27:17','2025-07-15 19:27:42'),(92,36,457,10,95,0,8,341,174,'2025-06-05 03:36:00',188,36,'02:27','2025-06-05 06:03:01',871,42,38,12,0,NULL,2,'2025-07-15 15:27:44','2025-07-15 19:27:17','2025-07-15 19:27:44'),(93,36,427,10,95,0,18,209,205,'2025-06-05 10:27:00',286,35,'03:12','2025-06-05 13:39:31',650,42,40,NULL,0,NULL,2,'2025-07-15 15:27:46','2025-07-15 19:27:17','2025-07-15 19:27:46'),(94,36,546,10,96,0,40,236,202,'2025-06-05 18:48:00',236,36,'03:19','2025-06-05 22:07:00',336,42,39,21,0,NULL,2,'2025-07-15 15:27:48','2025-07-15 19:27:17','2025-07-15 19:27:48'),(95,36,168,10,96,0,14,247,120,'2025-06-05 19:33:00',231,35,'03:23','2025-06-05 22:56:43',592,42,40,NULL,0,NULL,2,'2025-07-15 15:27:50','2025-07-15 19:27:17','2025-07-15 19:27:50'),(96,37,667,10,96,0,46,205,190,'2025-07-15 12:00:00',159,36,'08:00','2025-07-15 20:00:00',3000,42,38,4,0,NULL,2,'2025-07-15 16:06:25','2025-07-15 20:06:17','2025-07-16 21:52:08'),(97,38,666,10,95,2,46,205,201,'2025-07-15 08:00:00',207,36,'04:00','2025-07-15 12:00:00',2000,42,39,11,0,NULL,2,'2025-07-15 16:25:59','2025-07-15 20:25:49','2025-07-15 20:25:59'),(98,38,667,10,96,0,46,205,190,'2025-07-15 12:00:00',159,36,'08:00','2025-07-15 20:00:00',3000,42,38,4,0,NULL,2,'2025-07-15 16:26:01','2025-07-15 20:25:49','2025-07-16 21:52:08'),(99,39,666,10,95,2,46,205,201,'2025-07-15 08:00:00',207,36,'04:00','2025-07-15 12:00:00',2000,42,39,11,0,NULL,2,'2025-07-15 16:34:32','2025-07-15 20:34:19','2025-07-15 20:34:32'),(100,39,667,10,96,0,46,205,190,'2025-07-15 12:00:00',159,36,'08:00','2025-07-15 20:00:00',3000,42,38,4,0,NULL,2,'2025-07-15 16:34:34','2025-07-15 20:34:19','2025-07-16 21:52:08'),(101,39,668,10,96,2,52,2,173,'2025-07-15 18:00:00',177,35,'02:00','2025-07-15 20:00:00',4000,42,40,NULL,0,NULL,2,'2025-07-15 16:34:36','2025-07-15 20:34:19','2025-07-17 16:01:12'),(102,45,669,10,95,0,46,205,201,'2025-07-17 14:00:00',302,35,'03:00','2025-07-17 17:00:00',10000,42,39,NULL,0,NULL,2,'2025-07-17 20:59:15','2025-07-18 00:59:07','2025-07-18 00:59:15'),(103,46,669,10,95,0,46,205,201,'2025-07-17 14:00:00',302,35,'03:00','2025-07-17 17:00:00',10000,42,39,NULL,0,NULL,2,'2025-07-17 21:23:42','2025-07-18 01:23:30','2025-07-18 01:23:42'),(104,46,533,10,95,2,38,208,146,'2025-07-17 22:24:00',197,36,'01:00','2025-07-17 23:24:00',662,42,40,NULL,0,NULL,2,'2025-07-17 21:23:44','2025-07-18 01:23:30','2025-07-18 01:23:44'),(105,47,671,10,96,0,46,205,201,'2025-07-18 08:00:00',302,36,'01:00','2025-07-18 09:00:00',600,42,38,3,0,NULL,2,'2025-07-18 10:15:07','2025-07-18 14:14:57','2025-07-18 14:21:38'),(106,47,670,10,96,0,46,205,201,'2025-07-18 07:30:00',174,35,'02:00','2025-07-18 09:30:00',500,42,38,NULL,0,NULL,2,'2025-07-18 10:15:09','2025-07-18 14:14:58','2025-07-18 14:21:48'),(107,48,671,10,96,0,46,205,201,'2025-07-18 08:00:00',302,36,'01:00','2025-07-18 09:00:00',600,42,38,3,0,NULL,2,'2025-07-18 10:52:48','2025-07-18 14:52:39','2025-07-18 14:52:48'),(108,48,670,10,96,0,46,205,201,'2025-07-18 07:30:00',174,35,'02:00','2025-07-18 09:30:00',500,42,38,NULL,0,NULL,2,'2025-07-18 10:52:50','2025-07-18 14:52:39','2025-07-18 14:52:50'),(109,49,673,10,97,0,46,205,218,'2025-07-19 08:30:00',198,36,'05:00','2025-07-19 13:30:00',1000,42,38,1,0,NULL,2,'2025-07-18 12:20:09','2025-07-18 16:19:59','2025-07-18 16:37:26'),(110,49,672,10,95,0,46,205,218,'2025-07-19 10:00:00',246,35,'04:00','2025-07-19 14:00:00',3000,42,39,NULL,0,NULL,2,'2025-07-18 12:20:11','2025-07-18 16:19:59','2025-07-18 16:20:11'),(111,50,673,10,97,0,46,205,218,'2025-07-19 08:30:00',198,36,'05:00','2025-07-19 13:30:00',1000,42,38,1,0,NULL,2,'2025-07-18 12:26:22','2025-07-18 16:26:09','2025-07-18 16:37:26'),(112,50,672,10,95,0,46,205,218,'2025-07-19 10:00:00',246,35,'04:00','2025-07-19 14:00:00',3000,42,39,NULL,0,NULL,2,'2025-07-18 12:26:24','2025-07-18 16:26:10','2025-07-18 16:26:24'),(113,50,674,10,95,2,24,264,143,'2025-07-19 10:00:00',302,35,'05:00','2025-07-19 15:00:00',14000,42,38,NULL,0,NULL,2,'2025-07-18 12:26:26','2025-07-18 16:26:10','2025-07-18 16:26:26'),(114,51,671,10,96,0,46,205,201,'2025-07-18 08:00:00',302,36,'01:00','2025-07-18 09:00:00',600,42,38,3,0,NULL,2,'2025-07-18 12:33:53','2025-07-18 16:33:44','2025-07-18 16:33:53'),(115,51,670,10,96,0,46,205,201,'2025-07-18 07:30:00',174,35,'02:00','2025-07-18 09:30:00',500,42,38,NULL,0,NULL,2,'2025-07-18 12:33:55','2025-07-18 16:33:44','2025-07-18 16:33:55'),(116,51,675,10,96,2,46,205,218,'2025-07-18 16:00:00',302,35,'02:00','2025-07-18 18:00:00',12000,42,38,NULL,0,NULL,2,'2025-07-18 12:33:57','2025-07-18 16:33:44','2025-07-18 16:41:32'),(117,52,672,10,95,0,46,205,218,'2025-07-19 10:00:00',246,35,'04:00','2025-07-19 14:00:00',3000,42,39,NULL,0,NULL,2,'2025-07-18 12:38:27','2025-07-18 16:38:18','2025-07-18 16:38:27'),(118,52,674,10,95,2,24,264,143,'2025-07-19 10:00:00',302,35,'05:00','2025-07-19 15:00:00',14000,42,38,NULL,0,NULL,2,'2025-07-18 12:38:29','2025-07-18 16:38:18','2025-07-18 16:38:29'),(119,53,677,10,95,0,34,225,190,'2025-07-23 09:00:00',176,35,'01:00','2025-07-23 10:00:00',1000,42,40,NULL,0,NULL,2,'2025-07-23 10:29:03','2025-07-23 14:28:31','2025-07-23 14:29:03'),(120,53,680,10,95,0,51,217,190,'2025-07-23 11:02:00',167,35,'03:00','2025-07-23 14:02:00',2000,42,38,NULL,0,NULL,2,'2025-07-23 10:29:05','2025-07-23 14:28:32','2025-07-23 14:29:05'),(121,53,684,10,95,0,46,205,136,'2025-07-23 14:47:00',302,35,'01:00','2025-07-23 15:47:00',5000,42,40,NULL,0,NULL,2,'2025-07-23 10:29:07','2025-07-23 14:28:32','2025-07-23 14:29:07'),(122,53,678,10,95,0,34,225,190,'2025-07-23 09:00:00',174,35,'07:00','2025-07-23 16:00:00',2000,42,39,NULL,0,NULL,2,'2025-07-23 10:29:08','2025-07-23 14:28:32','2025-07-23 14:29:08'),(123,53,679,10,95,0,51,217,190,'2025-07-23 11:02:00',157,35,'05:00','2025-07-23 16:02:00',2000,42,40,NULL,0,NULL,2,'2025-07-23 10:29:10','2025-07-23 14:28:32','2025-07-23 14:29:10'),(124,53,681,10,95,0,30,211,190,'2025-07-23 14:38:00',166,36,'01:30','2025-07-23 16:08:00',2500,42,38,10,0,NULL,2,'2025-07-23 10:29:12','2025-07-23 14:28:32','2025-07-23 14:29:12'),(125,53,685,10,95,0,46,205,136,'2025-07-23 14:47:00',210,36,'02:00','2025-07-23 16:47:00',1000,42,39,5,0,NULL,2,'2025-07-23 10:29:14','2025-07-23 14:28:32','2025-07-23 14:29:14'),(126,53,686,10,95,0,8,341,160,'2025-07-23 14:51:00',159,35,'02:00','2025-07-23 16:51:00',3000,42,38,NULL,0,NULL,2,'2025-07-23 10:29:16','2025-07-23 14:28:32','2025-07-23 14:29:16'),(127,53,683,10,95,0,27,277,190,'2025-07-23 14:41:00',210,36,'03:02','2025-07-23 17:43:00',3000,42,39,5,0,NULL,2,'2025-07-23 10:29:18','2025-07-23 14:28:32','2025-07-23 14:29:18'),(128,53,682,10,95,0,27,277,190,'2025-07-23 14:40:00',210,35,'04:00','2025-07-23 18:40:00',4500,42,38,NULL,0,NULL,2,'2025-07-23 10:29:20','2025-07-23 14:28:32','2025-07-23 14:29:20'),(129,54,699,10,95,0,46,205,201,'2025-08-01 11:00:00',298,35,'03:00','2025-08-01 14:00:00',5000,42,40,NULL,2,'2025-08-01 11:39:49',2,'2025-08-01 11:39:57','2025-08-01 11:39:45','2025-08-01 11:39:57'),(130,54,659,10,97,0,46,205,201,'2025-08-01 12:00:00',197,36,'00:00','2025-08-01 12:00:00',100,42,38,12,2,'2025-08-01 11:39:51',2,'2025-08-01 11:39:58','2025-08-01 11:39:45','2025-08-01 11:55:17'),(131,54,700,10,95,0,46,205,201,'2025-08-01 12:00:00',197,36,'02:00','2025-08-01 14:00:00',4000,42,39,0,2,'2025-08-01 11:39:51',2,'2025-08-01 11:40:00','2025-08-01 11:39:45','2025-08-01 11:40:00'),(132,54,701,10,95,0,46,205,201,'2025-08-01 13:00:00',210,36,'01:00','2025-08-01 14:00:00',3000,42,38,2,2,'2025-08-01 11:39:54',2,'2025-08-01 11:40:02','2025-08-01 11:39:45','2025-08-01 11:40:02'),(133,55,699,10,95,0,46,205,201,'2025-08-01 11:00:00',298,35,'03:00','2025-08-01 14:00:00',5000,42,40,NULL,0,NULL,0,NULL,'2025-08-01 11:51:40','2025-08-01 11:51:40'),(134,55,659,10,97,1,46,205,201,'2025-08-01 12:00:00',197,36,'03:00','2025-08-01 15:00:00',100,42,38,12,2,'2025-08-01 11:51:44',2,'2025-08-01 11:51:49','2025-08-01 11:51:40','2025-08-01 11:55:17'),(135,55,700,10,95,0,46,205,201,'2025-08-01 12:00:00',197,36,'02:00','2025-08-01 14:00:00',4000,42,39,0,0,NULL,0,NULL,'2025-08-01 11:51:40','2025-08-01 11:51:40'),(136,55,701,10,95,0,46,205,201,'2025-08-01 13:00:00',210,36,'01:00','2025-08-01 14:00:00',3000,42,38,2,0,NULL,0,NULL,'2025-08-01 11:51:40','2025-08-01 11:51:40'),(137,55,702,10,95,2,33,276,138,'2025-08-01 13:00:00',251,36,'04:00','2025-08-01 17:00:00',6000,42,38,6,2,'2025-08-01 11:51:47',2,'2025-08-01 11:51:51','2025-08-01 11:51:40','2025-08-01 11:51:51'),(138,56,688,10,95,0,27,277,190,'2025-08-03 16:52:00',210,35,'01:00','2025-08-03 17:52:00',1000,42,39,NULL,2,'2025-08-01 12:20:05',2,'2025-08-01 12:20:13','2025-08-01 12:19:58','2025-08-01 12:20:13'),(139,56,547,10,95,0,40,236,202,'2025-08-03 18:48:00',216,36,'02:00','2025-08-03 20:48:00',652,42,39,NULL,2,'2025-08-01 12:20:10',2,'2025-08-01 12:20:14','2025-08-01 12:19:59','2025-08-01 12:20:14'),(140,57,511,10,95,2,33,276,131,'2025-08-03 07:06:00',243,35,'04:00','2025-08-03 11:06:00',703,42,39,NULL,2,'2025-08-01 12:25:41',2,'2025-08-01 12:25:47','2025-08-01 12:25:38','2025-08-01 12:25:47'),(141,57,520,10,97,2,1,237,201,'2025-08-03 12:12:00',287,35,'03:00','2025-08-03 15:12:00',723,42,38,NULL,2,'2025-08-01 12:25:44',2,'2025-08-01 12:25:49','2025-08-01 12:25:38','2025-08-01 12:34:02'),(142,57,688,10,95,0,27,277,190,'2025-08-03 16:52:00',210,35,'01:00','2025-08-03 17:52:00',1000,42,39,NULL,0,NULL,0,NULL,'2025-08-01 12:25:38','2025-08-01 12:25:38'),(143,57,547,10,95,0,40,236,202,'2025-08-03 18:48:00',216,36,'02:00','2025-08-03 20:48:00',652,42,39,NULL,0,NULL,0,NULL,'2025-08-01 12:25:38','2025-08-01 12:25:38'),(144,58,511,10,95,2,33,276,131,'2025-08-03 07:06:00',243,35,'04:00','2025-08-03 11:06:00',703,42,39,NULL,2,'2025-08-01 12:30:32',2,'2025-08-01 12:30:40','2025-08-01 12:30:28','2025-08-01 12:30:40'),(145,58,520,10,97,2,1,237,201,'2025-08-03 12:12:00',287,35,'03:00','2025-08-03 15:12:00',723,42,38,NULL,2,'2025-08-01 12:30:35',2,'2025-08-01 12:30:42','2025-08-01 12:30:29','2025-08-01 12:34:02'),(146,58,688,10,95,0,27,277,190,'2025-08-03 16:52:00',210,35,'01:00','2025-08-03 17:52:00',1000,42,39,NULL,0,NULL,0,NULL,'2025-08-01 12:30:29','2025-08-01 12:30:29'),(147,58,547,10,95,1,40,236,202,'2025-08-03 18:48:00',216,36,'04:00','2025-08-03 22:48:00',652,42,40,NULL,2,'2025-08-01 12:30:38',2,'2025-08-01 12:30:43','2025-08-01 12:30:29','2025-08-01 12:30:43'),(148,59,511,10,95,2,33,276,131,'2025-08-03 07:06:00',243,35,'04:00','2025-08-03 11:06:00',703,42,39,NULL,2,'2025-08-01 12:42:25',2,'2025-08-01 12:42:34','2025-08-01 12:42:22','2025-08-01 12:42:34'),(149,59,520,10,97,2,1,237,201,'2025-08-03 12:12:00',287,35,'03:00','2025-08-03 15:12:00',723,42,38,NULL,2,'2025-08-01 12:42:28',2,'2025-08-01 12:42:35','2025-08-01 12:42:22','2025-08-01 12:42:35'),(150,59,688,10,95,0,27,277,190,'2025-08-03 16:52:00',210,35,'01:00','2025-08-03 17:52:00',1000,42,39,NULL,0,NULL,0,NULL,'2025-08-01 12:42:22','2025-08-01 12:42:22'),(151,59,547,10,95,1,40,236,202,'2025-08-03 18:48:00',216,36,'04:00','2025-08-03 22:48:00',652,42,40,NULL,2,'2025-08-01 12:42:31',2,'2025-08-01 12:42:37','2025-08-01 12:42:22','2025-08-01 12:42:37'),(152,60,697,10,95,0,40,236,216,'2025-08-27 10:00:00',159,35,'01:00','2025-08-27 11:00:00',3000,42,38,NULL,2,'2025-08-27 16:28:03',2,'2025-08-27 16:28:13','2025-08-27 20:27:59','2025-08-27 20:28:13'),(153,60,695,10,95,0,30,211,218,'2025-08-27 11:00:00',176,35,'01:00','2025-08-27 12:00:00',3000,42,40,NULL,2,'2025-08-27 16:28:06',2,'2025-08-27 16:28:15','2025-08-27 20:27:59','2025-08-27 20:28:15'),(154,60,694,10,95,0,29,217,218,'2025-08-27 16:30:00',197,35,'01:00','2025-08-27 17:30:00',6000,42,40,NULL,2,'2025-08-27 16:28:09',2,'2025-08-27 16:28:17','2025-08-27 20:27:59','2025-08-27 20:28:17'),(155,60,693,10,95,0,37,248,117,'2025-08-27 19:00:00',197,35,'01:00','2025-08-27 20:00:00',6000,42,40,NULL,2,'2025-08-27 16:28:09',2,'2025-08-27 16:28:19','2025-08-27 20:27:59','2025-08-27 20:28:19'),(156,60,658,10,95,0,46,205,201,'2025-08-27 22:00:00',197,36,'04:00','2025-08-28 02:00:00',100,42,38,12,2,'2025-08-27 16:28:09',2,'2025-08-27 16:28:21','2025-08-27 20:27:59','2025-08-27 20:28:21'),(157,61,697,10,95,0,40,236,216,'2025-08-27 10:00:00',159,35,'01:00','2025-08-27 11:00:00',3000,42,38,NULL,0,NULL,0,NULL,'2025-08-27 21:51:45','2025-08-27 21:51:45'),(158,61,695,10,95,0,30,211,218,'2025-08-27 11:00:00',176,35,'01:00','2025-08-27 12:00:00',3000,42,40,NULL,0,NULL,0,NULL,'2025-08-27 21:51:45','2025-08-27 21:51:45'),(159,61,694,10,95,0,29,217,218,'2025-08-27 16:30:00',197,35,'01:00','2025-08-27 17:30:00',6000,42,40,NULL,0,NULL,0,NULL,'2025-08-27 21:51:45','2025-08-27 21:51:45'),(160,61,693,10,95,0,37,248,117,'2025-08-27 19:00:00',197,35,'01:00','2025-08-27 20:00:00',6000,42,40,NULL,0,NULL,0,NULL,'2025-08-27 21:51:45','2025-08-27 21:51:45'),(161,61,658,10,95,0,46,205,201,'2025-08-27 22:00:00',197,36,'04:00','2025-08-28 02:00:00',100,42,38,12,0,NULL,0,NULL,'2025-08-27 21:51:45','2025-08-27 21:51:45'),(162,62,697,10,95,0,40,236,216,'2025-08-27 10:00:00',159,35,'01:00','2025-08-27 11:00:00',3000,42,38,NULL,0,NULL,0,NULL,'2025-08-27 21:52:47','2025-08-27 21:52:47'),(163,62,695,10,95,0,30,211,218,'2025-08-27 11:00:00',176,35,'01:00','2025-08-27 12:00:00',3000,42,40,NULL,0,NULL,0,NULL,'2025-08-27 21:52:47','2025-08-27 21:52:47'),(164,62,694,10,95,0,29,217,218,'2025-08-27 16:30:00',197,35,'01:00','2025-08-27 17:30:00',6000,42,40,NULL,0,NULL,0,NULL,'2025-08-27 21:52:47','2025-08-27 21:52:47'),(165,62,693,10,95,0,37,248,117,'2025-08-27 19:00:00',197,35,'01:00','2025-08-27 20:00:00',6000,42,40,NULL,0,NULL,0,NULL,'2025-08-27 21:52:47','2025-08-27 21:52:47'),(166,62,658,10,95,0,46,205,201,'2025-08-27 22:00:00',197,36,'04:00','2025-08-28 02:00:00',100,42,38,12,0,NULL,0,NULL,'2025-08-27 21:52:47','2025-08-27 21:52:47'),(167,63,697,10,95,1,40,236,216,'2025-08-27 10:00:00',159,35,'02:00','2025-08-27 12:00:00',3000,42,38,NULL,0,NULL,5,NULL,'2025-08-27 22:18:44','2025-08-27 22:18:55'),(168,63,695,10,95,1,30,211,218,'2025-08-27 11:00:00',176,35,'01:00','2025-08-27 12:00:00',3000,42,39,NULL,0,NULL,5,NULL,'2025-08-27 22:18:44','2025-08-27 22:18:55'),(169,63,694,10,95,1,29,217,218,'2025-08-27 17:00:00',197,35,'01:00','2025-08-27 18:00:00',6000,42,40,NULL,2,'2025-08-27 18:18:52',2,'2025-08-27 18:18:56','2025-08-27 22:18:44','2025-08-27 22:18:56'),(170,63,693,10,95,1,37,248,117,'2025-08-27 19:00:00',197,35,'01:00','2025-08-27 20:00:00',6000,42,39,NULL,2,'2025-08-27 18:18:53',5,NULL,'2025-08-27 22:18:44','2025-08-27 22:18:57'),(171,63,658,10,95,0,46,205,201,'2025-08-27 22:00:00',197,36,'04:00','2025-08-28 02:00:00',100,42,38,12,0,NULL,0,NULL,'2025-08-27 22:18:44','2025-08-27 22:18:44'),(172,64,697,10,95,1,40,236,216,'2025-08-27 10:00:00',159,35,'02:00','2025-08-27 12:00:00',3000,42,38,NULL,0,NULL,5,NULL,'2025-08-27 22:47:11','2025-08-27 22:47:21'),(173,64,695,10,95,1,30,211,218,'2025-08-27 11:00:00',176,35,'01:00','2025-08-27 12:00:00',3000,42,39,NULL,0,NULL,5,NULL,'2025-08-27 22:47:11','2025-08-27 22:47:21'),(174,64,694,10,95,1,29,217,218,'2025-08-27 17:00:00',197,35,'01:00','2025-08-27 18:00:00',6000,42,40,NULL,0,NULL,5,NULL,'2025-08-27 22:47:11','2025-08-27 22:47:21'),(175,64,693,10,95,1,37,248,117,'2025-08-27 19:00:00',197,35,'01:00','2025-08-27 20:00:00',6000,42,39,NULL,0,NULL,5,NULL,'2025-08-27 22:47:11','2025-08-27 22:47:21'),(176,64,658,10,95,1,46,205,201,'2025-08-27 22:00:00',197,36,'05:00','2025-08-28 03:00:00',100,42,38,12,0,NULL,5,NULL,'2025-08-27 22:47:11','2025-08-27 22:47:21'),(177,65,697,10,95,1,40,236,216,'2025-08-27 10:00:00',159,35,'02:00','2025-08-27 12:00:00',3000,42,40,NULL,0,NULL,5,NULL,'2025-08-28 01:10:12','2025-08-28 01:10:20'),(178,65,695,10,95,1,30,211,218,'2025-08-27 11:00:00',176,35,'01:00','2025-08-27 12:00:00',3000,42,38,NULL,0,NULL,5,NULL,'2025-08-28 01:10:12','2025-08-28 01:10:20'),(179,65,694,10,95,1,29,217,218,'2025-08-27 17:00:00',197,35,'01:00','2025-08-27 18:00:00',6000,42,39,NULL,0,NULL,5,NULL,'2025-08-28 01:10:12','2025-08-28 01:10:20'),(180,65,693,10,95,1,37,248,117,'2025-08-27 19:00:00',197,35,'01:00','2025-08-27 20:00:00',6000,42,38,NULL,0,NULL,5,NULL,'2025-08-28 01:10:12','2025-08-28 01:10:20'),(181,65,658,10,95,1,46,205,201,'2025-08-27 22:00:00',197,36,'05:00','2025-08-28 03:00:00',100,42,39,12,0,NULL,5,NULL,'2025-08-28 01:10:12','2025-08-28 01:10:20'),(182,66,570,10,95,2,46,205,148,'2025-08-27 01:00:00',197,36,'02:00','2025-08-27 03:00:00',200,42,38,10,2,'2025-08-27 21:14:20',2,'2025-08-27 21:14:23','2025-08-28 01:14:06','2025-08-28 01:14:23'),(183,66,697,10,95,1,40,236,216,'2025-08-27 10:00:00',159,35,'02:00','2025-08-27 12:00:00',3000,42,40,NULL,0,NULL,5,NULL,'2025-08-28 01:14:06','2025-08-28 01:14:24'),(184,66,695,10,95,1,30,211,218,'2025-08-27 11:00:00',176,35,'01:00','2025-08-27 12:00:00',3000,42,38,NULL,0,NULL,5,NULL,'2025-08-28 01:14:06','2025-08-28 01:14:24'),(185,66,568,10,95,2,46,205,201,'2025-08-27 12:00:00',197,35,'01:00','2025-08-27 13:00:00',100,42,39,NULL,2,'2025-08-27 21:14:20',2,'2025-08-27 21:14:25','2025-08-28 01:14:06','2025-08-28 01:14:25'),(186,66,694,10,95,1,29,217,218,'2025-08-27 17:00:00',197,35,'01:00','2025-08-27 18:00:00',6000,42,39,NULL,2,'2025-08-27 21:14:20',5,NULL,'2025-08-28 01:14:06','2025-08-28 01:14:26'),(187,66,693,10,95,1,37,248,117,'2025-08-27 19:00:00',197,35,'01:00','2025-08-27 20:00:00',6000,42,38,NULL,2,'2025-08-27 21:14:20',5,NULL,'2025-08-28 01:14:06','2025-08-28 01:14:26'),(188,66,658,10,95,1,46,205,201,'2025-08-27 22:00:00',197,36,'05:00','2025-08-28 03:00:00',100,42,39,12,2,'2025-08-27 21:14:20',5,NULL,'2025-08-28 01:14:06','2025-08-28 01:14:26'),(189,67,570,10,95,2,46,205,148,'2025-08-27 01:00:00',197,36,'02:00','2025-08-27 03:00:00',200,42,40,10,0,NULL,5,NULL,'2025-08-28 01:17:48','2025-08-28 01:17:57'),(190,67,697,10,95,1,40,236,216,'2025-08-27 10:00:00',159,35,'02:00','2025-08-27 12:00:00',3000,42,40,NULL,0,NULL,5,NULL,'2025-08-28 01:17:48','2025-08-28 01:17:57'),(191,67,695,10,95,1,30,211,218,'2025-08-27 11:00:00',176,35,'01:00','2025-08-27 12:00:00',3000,42,38,NULL,0,NULL,5,NULL,'2025-08-28 01:17:48','2025-08-28 01:17:57'),(192,67,568,10,95,2,46,205,201,'2025-08-27 12:00:00',197,35,'01:00','2025-08-27 13:00:00',100,42,40,NULL,0,NULL,5,NULL,'2025-08-28 01:17:48','2025-08-28 01:17:57'),(193,67,694,10,95,1,29,217,218,'2025-08-27 17:00:00',197,35,'01:00','2025-08-27 18:00:00',6000,42,39,NULL,0,NULL,5,NULL,'2025-08-28 01:17:48','2025-08-28 01:17:57'),(194,67,693,10,95,1,37,248,117,'2025-08-27 19:00:00',197,35,'01:00','2025-08-27 20:00:00',6000,42,38,NULL,0,NULL,5,NULL,'2025-08-28 01:17:48','2025-08-28 01:17:57'),(195,67,658,10,95,1,46,205,201,'2025-08-27 22:00:00',197,36,'05:00','2025-08-28 03:00:00',100,42,39,12,0,NULL,5,NULL,'2025-08-28 01:17:48','2025-08-28 01:17:57'),(196,68,570,10,95,2,46,205,148,'2025-08-27 01:00:00',197,36,'02:00','2025-08-27 03:00:00',200,42,40,10,0,NULL,5,NULL,'2025-08-28 01:27:56','2025-08-28 01:28:06'),(197,68,697,10,95,1,40,236,216,'2025-08-27 10:00:00',159,35,'02:00','2025-08-27 12:00:00',3000,42,40,NULL,0,NULL,5,NULL,'2025-08-28 01:27:56','2025-08-28 01:28:06'),(198,68,695,10,95,1,30,211,218,'2025-08-27 11:00:00',176,35,'01:00','2025-08-27 12:00:00',3000,42,38,NULL,0,NULL,5,NULL,'2025-08-28 01:27:56','2025-08-28 01:28:06'),(199,68,568,10,95,2,46,205,201,'2025-08-27 12:00:00',197,35,'01:00','2025-08-27 13:00:00',100,42,40,NULL,0,NULL,5,NULL,'2025-08-28 01:27:56','2025-08-28 01:28:06'),(200,68,694,10,95,1,29,217,218,'2025-08-27 17:00:00',197,35,'01:00','2025-08-27 18:00:00',6000,42,39,NULL,0,NULL,5,NULL,'2025-08-28 01:27:56','2025-08-28 01:28:06'),(201,68,693,10,95,1,37,248,117,'2025-08-27 19:00:00',197,35,'01:00','2025-08-27 20:00:00',6000,42,38,NULL,0,NULL,5,NULL,'2025-08-28 01:27:56','2025-08-28 01:28:06'),(202,68,658,10,95,1,46,205,201,'2025-08-27 22:00:00',197,36,'05:00','2025-08-28 03:00:00',100,42,39,12,0,NULL,5,NULL,'2025-08-28 01:27:56','2025-08-28 01:28:06'),(203,69,570,10,95,2,46,205,148,'2025-08-27 01:00:00',197,36,'02:00','2025-08-27 03:00:00',200,42,40,10,2,'2025-08-27 21:30:24',5,NULL,'2025-08-28 01:30:15','2025-08-28 01:30:27'),(204,69,697,10,95,1,40,236,216,'2025-08-27 10:00:00',159,35,'02:00','2025-08-27 12:00:00',3000,42,40,NULL,0,NULL,5,NULL,'2025-08-28 01:30:15','2025-08-28 01:30:27'),(205,69,695,10,95,1,30,211,218,'2025-08-27 11:00:00',176,35,'01:00','2025-08-27 12:00:00',3000,42,38,NULL,0,NULL,5,NULL,'2025-08-28 01:30:15','2025-08-28 01:30:27'),(206,69,568,10,95,2,46,205,201,'2025-08-27 12:00:00',197,35,'01:00','2025-08-27 13:00:00',100,42,40,NULL,2,'2025-08-27 21:30:24',5,NULL,'2025-08-28 01:30:15','2025-08-28 01:30:27'),(207,69,620,10,95,2,46,205,201,'2025-08-27 12:00:00',197,36,'02:00','2025-08-27 14:00:00',100,42,39,12,2,'2025-08-27 21:30:24',2,'2025-08-27 21:30:28','2025-08-28 01:30:15','2025-08-28 01:30:28'),(208,69,694,10,95,1,29,217,218,'2025-08-27 17:00:00',197,35,'01:00','2025-08-27 18:00:00',6000,42,39,NULL,2,'2025-08-27 21:30:24',5,NULL,'2025-08-28 01:30:15','2025-08-28 01:30:29'),(209,69,693,10,95,1,37,248,117,'2025-08-27 19:00:00',197,35,'01:00','2025-08-27 20:00:00',6000,42,38,NULL,2,'2025-08-27 21:30:24',5,NULL,'2025-08-28 01:30:15','2025-08-28 01:30:29'),(210,69,658,10,95,1,46,205,201,'2025-08-27 22:00:00',197,36,'05:00','2025-08-28 03:00:00',100,42,39,12,2,'2025-08-27 21:30:24',5,NULL,'2025-08-28 01:30:15','2025-08-28 01:30:29'),(211,70,617,10,95,0,46,205,218,'2025-08-30 10:00:00',197,36,'02:00','2025-08-30 12:00:00',100,42,40,12,2,'2025-08-29 01:30:30',2,'2025-08-29 01:30:33','2025-08-29 05:30:12','2025-08-29 05:30:33'),(212,71,789,10,95,0,9,246,201,'2026-02-10 13:00:00',246,36,'03:00','2026-02-10 16:00:00',200,42,39,20,2,'2026-01-30 01:39:01',2,'2026-01-30 01:39:10','2026-01-30 04:38:51','2026-01-30 04:39:10'),(213,71,791,12,95,0,8,277,201,'2026-02-01 13:00:00',152,36,'','2026-02-10 13:00:00',400,42,39,60,2,'2026-01-30 01:39:04',2,'2026-01-30 01:39:12','2026-01-30 04:38:51','2026-01-30 04:39:12'),(214,72,836,10,95,2,21,228,201,'2026-02-10 12:00:00',210,35,'03:00','2026-02-10 15:00:00',100,178,39,NULL,2,'2026-02-04 13:32:39',2,'2026-02-04 13:32:47','2026-02-04 16:32:28','2026-02-04 16:32:47'),(215,72,789,10,95,0,9,246,201,'2026-02-10 13:00:00',246,36,'03:00','2026-02-10 16:00:00',200,42,39,20,0,NULL,0,NULL,'2026-02-04 16:32:28','2026-02-04 16:32:28'),(216,72,791,12,95,0,8,277,201,'2026-02-01 13:00:00',152,36,'','2026-02-10 13:00:00',400,42,39,60,0,NULL,0,NULL,'2026-02-04 16:32:28','2026-02-04 16:32:28'),(217,73,831,10,95,0,21,228,201,'2026-02-20 01:00:00',176,36,'03:00','2026-02-20 04:00:00',100,42,39,0,2,'2026-02-13 18:02:39',2,'2026-02-13 18:02:51','2026-02-13 21:02:25','2026-02-13 21:02:51'),(218,73,832,10,95,0,21,228,201,'2026-02-20 02:00:00',246,36,'03:00','2026-02-20 05:00:00',200,178,40,0,2,'2026-02-13 18:02:42',2,'2026-02-13 18:02:53','2026-02-13 21:02:25','2026-02-13 21:02:53'),(219,73,770,10,95,0,21,228,201,'2026-02-20 09:00:00',246,36,'10:00','2026-02-20 19:00:00',9,42,39,11,2,'2026-02-13 18:02:42',2,'2026-02-13 18:02:55','2026-02-13 21:02:25','2026-02-13 21:02:55'),(220,73,898,12,95,0,8,277,201,'2026-02-20 12:00:00',152,36,'','2026-02-20 12:00:00',200,42,39,0,2,'2026-02-13 18:02:46',2,'2026-02-13 18:02:58','2026-02-13 21:02:25','2026-02-13 21:02:58'),(221,74,892,10,95,0,16,228,175,'2026-03-01 12:00:00',302,35,'03:00','2026-03-01 15:00:00',300,42,38,NULL,2,'2026-02-13 18:08:31',2,'2026-02-13 18:08:33','2026-02-13 21:08:22','2026-02-13 21:08:33');
/*!40000 ALTER TABLE `programas_diarios_detalle` ENABLE KEYS */;
UNLOCK TABLES;

--
-- Table structure for table `ramplas`
--

DROP TABLE IF EXISTS `ramplas`;
/*!40101 SET @saved_cs_client     = @@character_set_client */;
/*!50503 SET character_set_client = utf8mb4 */;
CREATE TABLE `ramplas` (
  `id` bigint(20) unsigned NOT NULL AUTO_INCREMENT,
  `patente` varchar(20) NOT NULL,
  `region_operativa_id` bigint(20) unsigned NOT NULL,
  `tipo_rampla_id` bigint(20) unsigned NOT NULL,
  `capacidad_rampla_id` bigint(20) unsigned NOT NULL,
  `estado_rampla_id` bigint(20) unsigned NOT NULL,
  `activo` tinyint(1) NOT NULL DEFAULT 1,
  `observacion_inactividad` text DEFAULT NULL,
  `created_at` timestamp NOT NULL DEFAULT current_timestamp(),
  `updated_at` timestamp NOT NULL DEFAULT current_timestamp() ON UPDATE current_timestamp(),
  PRIMARY KEY (`id`),
  UNIQUE KEY `ramplas_region_patente_unique` (`region_operativa_id`,`patente`),
  KEY `ramplas_tipo_rampla_id_foreign` (`tipo_rampla_id`),
  KEY `ramplas_capacidad_rampla_id_foreign` (`capacidad_rampla_id`),
  KEY `ramplas_estado_rampla_id_foreign` (`estado_rampla_id`),
  CONSTRAINT `ramplas_capacidad_rampla_id_foreign` FOREIGN KEY (`capacidad_rampla_id`) REFERENCES `catalogos` (`id`) ON UPDATE CASCADE,
  CONSTRAINT `ramplas_estado_rampla_id_foreign` FOREIGN KEY (`estado_rampla_id`) REFERENCES `catalogos` (`id`) ON UPDATE CASCADE,
  CONSTRAINT `ramplas_region_operativa_id_foreign` FOREIGN KEY (`region_operativa_id`) REFERENCES `regiones` (`id`) ON UPDATE CASCADE,
  CONSTRAINT `ramplas_tipo_rampla_id_foreign` FOREIGN KEY (`tipo_rampla_id`) REFERENCES `catalogos` (`id`) ON UPDATE CASCADE
) ENGINE=InnoDB AUTO_INCREMENT=4 DEFAULT CHARSET=utf8mb4 COLLATE=utf8mb4_unicode_ci;
/*!40101 SET character_set_client = @saved_cs_client */;

--
-- Dumping data for table `ramplas`
--

LOCK TABLES `ramplas` WRITE;
/*!40000 ALTER TABLE `ramplas` DISABLE KEYS */;
INSERT INTO `ramplas` VALUES (0,'NO ESPECIFICADO',10,0,0,0,1,NULL,'2026-02-12 15:52:50','2026-02-12 15:52:50'),(1,'AA1000',12,196,198,200,1,'Probando.','2026-01-07 19:32:59','2026-02-12 15:05:40'),(2,'AA9999',12,196,198,202,1,NULL,'2026-01-07 19:33:49','2026-02-06 16:05:14');
/*!40000 ALTER TABLE `ramplas` ENABLE KEYS */;
UNLOCK TABLES;

--
-- Table structure for table `regiones`
--

DROP TABLE IF EXISTS `regiones`;
/*!40101 SET @saved_cs_client     = @@character_set_client */;
/*!50503 SET character_set_client = utf8mb4 */;
CREATE TABLE `regiones` (
  `id` bigint(20) unsigned NOT NULL AUTO_INCREMENT,
  `nombre` varchar(255) NOT NULL,
  `orden` bigint(20) NOT NULL,
  `operativa` tinyint(1) NOT NULL DEFAULT 0,
  `created_at` timestamp NULL DEFAULT NULL,
  `updated_at` timestamp NULL DEFAULT NULL,
  PRIMARY KEY (`id`)
) ENGINE=InnoDB AUTO_INCREMENT=17 DEFAULT CHARSET=utf8mb4 COLLATE=utf8mb4_unicode_ci;
/*!40101 SET character_set_client = @saved_cs_client */;

--
-- Dumping data for table `regiones`
--

LOCK TABLES `regiones` WRITE;
/*!40000 ALTER TABLE `regiones` DISABLE KEYS */;
INSERT INTO `regiones` VALUES (0,'No especificado',0,0,'2025-06-19 22:04:43','2025-06-19 22:04:43'),(1,'I Tarapacá',1,0,'2025-05-12 05:38:14','2025-05-12 05:38:14'),(2,'II Antofagasta',2,0,'2025-05-12 05:38:14','2025-05-12 05:38:14'),(3,'III Atacama',3,0,'2025-05-12 05:38:14','2025-05-12 05:38:14'),(4,'IV Coquimbo',4,0,'2025-05-12 05:38:14','2025-05-12 05:38:14'),(5,'V Valparaíso',5,0,'2025-05-12 05:38:14','2025-05-12 05:38:14'),(6,'VI Región del Libertador Gral. Bernardo O’Higgins',6,0,'2025-05-12 05:38:14','2025-05-12 05:38:14'),(7,'VII Región del Maule',7,0,'2025-05-12 05:38:14','2025-05-12 05:38:14'),(8,'VIII Región del Biobío',8,0,'2025-05-12 05:38:14','2025-05-12 05:38:14'),(9,'IX Región de la Araucanía',9,0,'2025-05-12 05:38:14','2025-05-12 05:38:14'),(10,'X Región de Los Lagos',10,1,'2025-05-12 05:38:14','2025-05-12 05:38:14'),(11,'XI Región Aisén del Gral. Carlos Ibáñez del Campo',11,0,'2025-05-12 05:38:14','2025-05-12 05:38:14'),(12,'XII Región de Magallanes y de la Antártica Chilena',12,1,'2025-05-12 05:38:14','2025-05-12 05:38:14'),(13,'Región Metropolitana de Santiago',0,0,'2025-05-12 05:38:14','2025-05-12 05:38:14'),(14,'XIV Región de Los Ríos',13,0,'2025-05-12 05:38:14','2025-05-12 05:38:14'),(15,'XV Arica y Parinacota',14,0,'2025-05-12 05:38:14','2025-05-12 05:38:14');
/*!40000 ALTER TABLE `regiones` ENABLE KEYS */;
UNLOCK TABLES;

--
-- Table structure for table `retiros`
--

DROP TABLE IF EXISTS `retiros`;
/*!40101 SET @saved_cs_client     = @@character_set_client */;
/*!50503 SET character_set_client = utf8mb4 */;
CREATE TABLE `retiros` (
  `id` bigint(20) unsigned NOT NULL AUTO_INCREMENT,
  `solicitud_id` bigint(20) unsigned NOT NULL,
  `fecha_retiro` datetime NOT NULL,
  `tipo_retiro_id` bigint(20) unsigned NOT NULL,
  `kilogramos_estimados` int(11) NOT NULL,
  `requiere_reposicion` tinyint(1) NOT NULL DEFAULT 0,
  `tipo_operacion` tinyint(3) unsigned NOT NULL DEFAULT 0 COMMENT '0=retiro, 1=reposicion',
  `cantidad_bins` int(10) unsigned DEFAULT NULL,
  `estado_id` bigint(20) unsigned DEFAULT NULL,
  `activo` tinyint(1) NOT NULL DEFAULT 1,
  `comentario_anulacion` text DEFAULT NULL,
  `created_at` timestamp NULL DEFAULT NULL,
  `updated_at` timestamp NULL DEFAULT NULL,
  PRIMARY KEY (`id`),
  KEY `retiros_solicitud_id_foreign` (`solicitud_id`),
  KEY `retiros_tipo_retiro_id_foreign` (`tipo_retiro_id`),
  KEY `retiros_estado_id_foreign` (`estado_id`),
  KEY `idx_retiros_tipo_operacion` (`tipo_operacion`),
  CONSTRAINT `retiros_estado_id_foreign` FOREIGN KEY (`estado_id`) REFERENCES `catalogos` (`id`) ON UPDATE CASCADE,
  CONSTRAINT `retiros_solicitud_id_foreign` FOREIGN KEY (`solicitud_id`) REFERENCES `solicitudes` (`id`) ON DELETE CASCADE ON UPDATE CASCADE,
  CONSTRAINT `retiros_tipo_retiro_id_foreign` FOREIGN KEY (`tipo_retiro_id`) REFERENCES `catalogos` (`id`) ON UPDATE CASCADE
) ENGINE=InnoDB AUTO_INCREMENT=900 DEFAULT CHARSET=utf8mb4 COLLATE=utf8mb4_unicode_ci;
/*!40101 SET character_set_client = @saved_cs_client */;

--
-- Dumping data for table `retiros`
--

LOCK TABLES `retiros` WRITE;
/*!40000 ALTER TABLE `retiros` DISABLE KEYS */;
INSERT INTO `retiros` VALUES (9,5,'2025-02-05 00:00:00',36,136,0,0,NULL,95,1,NULL,'2025-02-01 00:00:00','2025-02-01 01:02:00'),(10,5,'2025-02-02 00:00:00',35,944,0,0,NULL,97,0,'Probando comentario de anulación.','2025-02-01 00:00:00','2025-07-25 02:19:09'),(11,5,'2025-02-05 00:00:00',35,711,0,0,NULL,92,1,NULL,'2025-02-01 00:00:00','2025-02-01 01:58:00'),(12,5,'2025-02-09 00:00:00',36,190,0,0,NULL,91,1,NULL,'2025-02-01 00:00:00','2025-02-01 01:21:00'),(13,5,'2025-02-04 00:00:00',35,826,0,0,NULL,94,1,NULL,'2025-02-01 00:00:00','2025-02-01 01:39:00'),(14,5,'2025-02-02 00:00:00',35,322,0,0,NULL,91,1,NULL,'2025-02-01 00:00:00','2025-02-01 01:04:00'),(15,5,'2025-02-06 00:00:00',36,907,0,0,NULL,91,1,NULL,'2025-02-01 00:00:00','2025-02-01 01:27:00'),(16,5,'2025-02-07 00:00:00',35,994,0,0,NULL,94,1,NULL,'2025-02-01 00:00:00','2025-02-01 01:17:00'),(17,6,'2025-02-03 05:06:00',36,120,0,0,NULL,94,1,NULL,'2025-02-02 05:06:00','2025-02-02 05:45:00'),(18,6,'2025-02-09 05:06:00',35,605,0,0,NULL,92,1,NULL,'2025-02-02 05:06:00','2025-02-02 06:41:00'),(19,6,'2025-02-08 05:06:00',35,352,0,0,NULL,94,1,NULL,'2025-02-02 05:06:00','2025-02-02 05:41:00'),(20,6,'2025-02-06 05:06:00',36,970,1,0,9,94,1,NULL,'2025-02-02 05:06:00','2025-02-02 05:46:00'),(21,6,'2025-02-12 05:06:00',35,412,0,0,NULL,96,1,NULL,'2025-02-02 05:06:00','2025-02-02 06:49:00'),(22,6,'2025-02-11 05:06:00',36,562,0,0,NULL,92,1,NULL,'2025-02-02 05:06:00','2025-02-02 06:55:00'),(23,6,'2025-02-03 05:06:00',35,352,0,0,NULL,94,1,NULL,'2025-02-02 05:06:00','2025-02-02 07:05:00'),(24,7,'2025-02-04 10:12:00',36,109,1,0,21,91,1,NULL,'2025-02-03 10:12:00','2025-02-03 11:54:00'),(25,7,'2025-02-12 10:12:00',35,771,0,0,NULL,92,1,NULL,'2025-02-03 10:12:00','2025-02-03 11:27:00'),(26,7,'2025-02-06 10:12:00',36,477,1,0,24,91,1,NULL,'2025-02-03 10:12:00','2025-02-03 12:04:00'),(27,7,'2025-02-10 10:12:00',35,532,0,0,NULL,92,1,NULL,'2025-02-03 10:12:00','2025-02-03 11:29:00'),(28,7,'2025-02-07 10:12:00',36,740,1,0,23,91,1,NULL,'2025-02-03 10:12:00','2025-02-03 12:12:00'),(29,7,'2025-02-09 10:12:00',35,226,0,0,NULL,92,1,NULL,'2025-02-03 10:12:00','2025-02-03 10:57:00'),(30,7,'2025-02-09 10:12:00',35,201,0,0,NULL,91,1,NULL,'2025-02-03 10:12:00','2025-02-03 10:49:00'),(31,7,'2025-02-05 10:12:00',36,189,0,0,NULL,92,1,NULL,'2025-02-03 10:12:00','2025-02-03 11:35:00'),(32,7,'2025-02-09 10:12:00',36,824,1,0,18,94,1,NULL,'2025-02-03 10:12:00','2025-02-03 11:00:00'),(33,8,'2025-02-07 15:18:00',36,482,1,0,15,97,0,'Probando comentario de anulación.','2025-02-04 15:18:00','2025-07-25 02:20:10'),(34,8,'2025-02-06 15:18:00',35,908,0,0,NULL,92,1,NULL,'2025-02-04 15:18:00','2025-02-04 16:31:00'),(35,8,'2025-02-05 15:18:00',35,245,0,0,NULL,92,1,NULL,'2025-02-04 15:18:00','2025-02-04 16:33:00'),(36,8,'2025-02-12 15:18:00',36,844,1,0,24,91,1,NULL,'2025-02-04 15:18:00','2025-02-04 15:50:00'),(37,9,'2025-02-13 20:24:00',36,397,1,0,21,91,1,NULL,'2025-02-05 20:24:00','2025-02-05 20:57:00'),(38,9,'2025-02-13 20:24:00',35,105,0,0,NULL,92,1,NULL,'2025-02-05 20:24:00','2025-02-05 21:05:00'),(39,9,'2025-02-11 20:24:00',35,202,0,0,NULL,92,1,NULL,'2025-02-05 20:24:00','2025-02-05 21:49:00'),(40,9,'2025-02-09 20:24:00',35,244,0,0,NULL,92,1,NULL,'2025-02-05 20:24:00','2025-02-05 22:20:00'),(41,9,'2025-02-14 20:24:00',36,968,1,0,13,92,1,NULL,'2025-02-05 20:24:00','2025-02-05 21:21:00'),(42,9,'2025-02-06 20:24:00',36,632,1,0,7,95,1,NULL,'2025-02-05 20:24:00','2025-02-05 21:05:00'),(43,9,'2025-02-14 20:24:00',36,611,1,0,25,91,1,NULL,'2025-02-05 20:24:00','2025-02-05 21:40:00'),(44,9,'2025-02-15 20:24:00',35,349,0,0,NULL,91,1,NULL,'2025-02-05 20:24:00','2025-02-05 21:10:00'),(45,10,'2025-02-11 01:30:00',36,619,0,0,NULL,94,1,NULL,'2025-02-07 01:30:00','2025-02-07 02:19:00'),(46,10,'2025-02-13 01:30:00',36,953,0,0,NULL,93,1,NULL,'2025-02-07 01:30:00','2025-02-07 02:44:00'),(47,10,'2025-02-17 01:30:00',36,278,1,0,7,95,1,NULL,'2025-02-07 01:30:00','2025-02-07 02:33:00'),(48,10,'2025-02-16 01:30:00',36,688,1,0,15,95,1,NULL,'2025-02-07 01:30:00','2025-02-07 03:02:00'),(49,10,'2025-02-17 01:30:00',35,189,0,0,NULL,91,1,NULL,'2025-02-07 01:30:00','2025-02-07 03:07:00'),(50,10,'2025-02-10 01:30:00',36,987,1,0,20,92,1,NULL,'2025-02-07 01:30:00','2025-02-07 03:29:00'),(51,10,'2025-02-13 01:30:00',35,590,0,0,NULL,92,1,NULL,'2025-02-07 01:30:00','2025-02-07 02:41:00'),(52,11,'2025-02-16 06:36:00',35,632,0,0,NULL,92,1,NULL,'2025-02-08 06:36:00','2025-02-08 07:25:00'),(53,11,'2025-02-16 06:36:00',35,809,0,0,NULL,94,1,NULL,'2025-02-08 06:36:00','2025-02-08 07:41:00'),(54,11,'2025-02-09 06:36:00',36,736,1,0,15,91,1,NULL,'2025-02-08 06:36:00','2025-02-08 07:46:00'),(55,11,'2025-02-09 06:36:00',35,724,0,0,NULL,95,1,NULL,'2025-02-08 06:36:00','2025-02-08 07:25:00'),(56,11,'2025-02-18 06:36:00',36,934,0,0,NULL,94,1,NULL,'2025-02-08 06:36:00','2025-02-08 08:06:00'),(57,11,'2025-02-11 06:36:00',35,624,0,0,NULL,94,1,NULL,'2025-02-08 06:36:00','2025-02-08 07:15:00'),(58,11,'2025-02-15 06:36:00',35,773,0,0,NULL,94,1,NULL,'2025-02-08 06:36:00','2025-02-08 07:24:00'),(59,12,'2025-02-11 11:42:00',36,319,1,0,19,94,1,NULL,'2025-02-09 11:42:00','2025-02-09 13:17:00'),(60,12,'2025-02-15 11:42:00',36,266,1,0,6,96,1,NULL,'2025-02-09 11:42:00','2025-02-09 13:07:00'),(61,12,'2025-02-13 11:42:00',36,251,0,0,NULL,91,1,NULL,'2025-02-09 11:42:00','2025-02-09 12:18:00'),(62,12,'2025-02-19 11:42:00',35,517,0,0,NULL,95,1,NULL,'2025-02-09 11:42:00','2025-02-09 13:28:00'),(63,13,'2025-02-20 16:48:00',36,595,0,0,NULL,93,1,NULL,'2025-02-10 16:48:00','2025-02-10 18:03:00'),(64,14,'2025-02-21 21:54:00',36,957,0,0,NULL,94,1,NULL,'2025-02-11 21:54:00','2025-02-11 22:31:00'),(65,14,'2025-02-21 21:54:00',35,283,0,0,NULL,93,1,NULL,'2025-02-11 21:54:00','2025-02-11 23:32:00'),(66,15,'2025-02-17 03:00:00',36,800,0,0,NULL,91,1,NULL,'2025-02-13 03:00:00','2025-02-13 04:07:00'),(67,15,'2025-02-22 03:00:00',35,360,0,0,NULL,92,1,NULL,'2025-02-13 03:00:00','2025-02-13 04:43:00'),(68,15,'2025-02-23 03:00:00',36,358,0,0,NULL,91,1,NULL,'2025-02-13 03:00:00','2025-02-13 04:57:00'),(69,15,'2025-02-19 03:00:00',35,195,0,0,NULL,94,1,NULL,'2025-02-13 03:00:00','2025-02-13 03:00:00'),(70,16,'2025-02-24 08:06:00',35,859,0,0,NULL,94,1,NULL,'2025-02-14 08:06:00','2025-02-14 09:39:00'),(71,16,'2025-02-24 08:06:00',35,365,0,0,NULL,94,1,NULL,'2025-02-14 08:06:00','2025-02-14 09:28:00'),(72,16,'2025-02-21 08:06:00',36,375,0,0,NULL,92,1,NULL,'2025-02-14 08:06:00','2025-02-14 08:38:00'),(73,16,'2025-02-16 08:06:00',35,409,0,0,NULL,95,1,NULL,'2025-02-14 08:06:00','2025-02-14 08:47:00'),(74,17,'2025-02-17 13:12:00',36,388,0,0,NULL,94,1,NULL,'2025-02-15 13:12:00','2025-02-15 14:58:00'),(75,17,'2025-02-23 13:12:00',36,915,1,0,17,94,1,NULL,'2025-02-15 13:12:00','2025-02-15 14:27:00'),(76,17,'2025-02-18 13:12:00',36,443,1,0,18,95,1,NULL,'2025-02-15 13:12:00','2025-02-15 13:56:00'),(77,17,'2025-02-21 13:12:00',36,711,1,0,20,94,1,NULL,'2025-02-15 13:12:00','2025-02-15 14:00:00'),(78,17,'2025-02-19 13:12:00',36,641,1,0,11,93,1,NULL,'2025-02-15 13:12:00','2025-02-15 14:44:00'),(79,17,'2025-02-19 13:12:00',36,351,1,0,11,91,1,NULL,'2025-02-15 13:12:00','2025-02-15 14:16:00'),(80,17,'2025-02-18 13:12:00',36,824,0,0,NULL,91,1,NULL,'2025-02-15 13:12:00','2025-02-15 14:42:00'),(81,17,'2025-02-21 13:12:00',35,701,0,0,NULL,91,1,NULL,'2025-02-15 13:12:00','2025-02-15 14:24:00'),(82,18,'2025-02-24 18:18:00',35,219,0,0,NULL,92,1,NULL,'2025-02-16 18:18:00','2025-02-16 18:48:00'),(83,18,'2025-02-26 18:18:00',36,387,0,0,NULL,91,1,NULL,'2025-02-16 18:18:00','2025-02-16 19:24:00'),(84,18,'2025-02-19 18:18:00',36,330,0,0,NULL,91,1,NULL,'2025-02-16 18:18:00','2025-02-16 18:59:00'),(85,18,'2025-02-26 18:18:00',35,860,0,0,NULL,92,1,NULL,'2025-02-16 18:18:00','2025-02-16 20:16:00'),(86,18,'2025-02-23 18:18:00',35,931,0,0,NULL,94,1,NULL,'2025-02-16 18:18:00','2025-02-16 19:22:00'),(87,18,'2025-02-21 18:18:00',36,472,0,0,NULL,92,1,NULL,'2025-02-16 18:18:00','2025-02-16 20:07:00'),(88,18,'2025-02-21 18:18:00',36,767,1,0,13,94,1,NULL,'2025-02-16 18:18:00','2025-02-16 20:02:00'),(89,18,'2025-02-24 18:18:00',36,603,1,0,6,93,1,NULL,'2025-02-16 18:18:00','2025-02-16 18:50:00'),(90,18,'2025-02-26 18:18:00',35,148,0,0,NULL,94,1,NULL,'2025-02-16 18:18:00','2025-02-16 19:29:00'),(91,19,'2025-02-19 23:24:00',36,489,0,0,NULL,93,1,NULL,'2025-02-17 23:24:00','2025-02-17 23:24:00'),(92,19,'2025-02-18 23:24:00',35,480,0,0,NULL,94,1,NULL,'2025-02-17 23:24:00','2025-02-18 01:06:00'),(93,19,'2025-02-19 23:24:00',35,322,0,0,NULL,95,1,NULL,'2025-02-17 23:24:00','2025-02-18 01:19:00'),(94,19,'2025-02-22 23:24:00',35,330,0,0,NULL,94,1,NULL,'2025-02-17 23:24:00','2025-02-18 01:03:00'),(95,19,'2025-02-23 23:24:00',36,489,1,0,6,91,1,NULL,'2025-02-17 23:24:00','2025-02-18 01:07:00'),(96,19,'2025-02-26 23:24:00',36,584,0,0,NULL,93,1,NULL,'2025-02-17 23:24:00','2025-02-18 00:58:00'),(97,19,'2025-02-20 23:24:00',36,862,1,0,25,94,1,NULL,'2025-02-17 23:24:00','2025-02-18 01:13:00'),(98,19,'2025-02-24 23:24:00',35,901,0,0,NULL,94,1,NULL,'2025-02-17 23:24:00','2025-02-18 01:05:00'),(99,20,'2025-02-22 04:30:00',35,192,0,0,NULL,95,1,NULL,'2025-02-19 04:30:00','2025-02-19 05:31:00'),(100,20,'2025-02-26 04:30:00',36,314,1,0,16,91,1,NULL,'2025-02-19 04:30:00','2025-02-19 04:30:00'),(101,20,'2025-02-22 04:30:00',35,960,0,0,NULL,95,1,NULL,'2025-02-19 04:30:00','2025-02-19 05:31:00'),(102,20,'2025-03-01 04:30:00',36,197,1,0,11,91,1,NULL,'2025-02-19 04:30:00','2025-02-19 05:37:00'),(103,20,'2025-02-22 04:30:00',35,708,0,0,NULL,92,1,NULL,'2025-02-19 04:30:00','2025-02-19 05:51:00'),(104,20,'2025-02-22 04:30:00',35,173,0,0,NULL,93,1,NULL,'2025-02-19 04:30:00','2025-02-19 05:55:00'),(105,20,'2025-02-20 04:30:00',35,746,0,0,NULL,91,1,NULL,'2025-02-19 04:30:00','2025-02-19 05:49:00'),(106,20,'2025-02-23 04:30:00',36,400,0,0,NULL,91,1,NULL,'2025-02-19 04:30:00','2025-02-19 06:24:00'),(107,20,'2025-02-23 04:30:00',36,208,0,0,NULL,91,1,NULL,'2025-02-19 04:30:00','2025-02-19 05:49:00'),(108,21,'2025-03-01 09:36:00',36,843,1,0,11,91,1,NULL,'2025-02-20 09:36:00','2025-02-20 10:55:00'),(109,21,'2025-02-28 09:36:00',35,480,0,0,NULL,93,1,NULL,'2025-02-20 09:36:00','2025-02-20 09:36:00'),(110,21,'2025-02-25 09:36:00',35,741,0,0,NULL,95,1,NULL,'2025-02-20 09:36:00','2025-02-20 11:22:00'),(111,21,'2025-02-28 09:36:00',36,756,1,0,18,93,1,NULL,'2025-02-20 09:36:00','2025-02-20 11:30:00'),(112,22,'2025-02-25 14:42:00',35,614,0,0,NULL,91,1,NULL,'2025-02-21 14:42:00','2025-02-21 15:45:00'),(113,23,'2025-03-04 19:48:00',36,955,1,0,12,91,1,NULL,'2025-02-22 19:48:00','2025-02-22 19:48:00'),(114,24,'2025-03-06 00:54:00',35,193,0,0,NULL,91,1,NULL,'2025-02-24 00:54:00','2025-02-24 00:54:00'),(115,25,'2025-02-28 06:00:00',35,365,0,0,NULL,91,1,NULL,'2025-02-25 06:00:00','2025-02-25 06:30:00'),(116,25,'2025-03-07 06:00:00',36,554,0,0,NULL,94,1,NULL,'2025-02-25 06:00:00','2025-02-25 07:30:00'),(117,25,'2025-03-05 06:00:00',36,455,1,0,12,94,1,NULL,'2025-02-25 06:00:00','2025-02-25 06:45:00'),(118,25,'2025-03-03 06:00:00',35,766,0,0,NULL,94,1,NULL,'2025-02-25 06:00:00','2025-02-25 07:30:00'),(119,25,'2025-03-05 06:00:00',36,717,1,0,3,92,1,NULL,'2025-02-25 06:00:00','2025-02-25 06:51:00'),(120,25,'2025-03-07 06:00:00',36,493,1,0,16,95,1,NULL,'2025-02-25 06:00:00','2025-02-25 07:11:00'),(121,25,'2025-03-02 06:00:00',35,342,0,0,NULL,91,1,NULL,'2025-02-25 06:00:00','2025-02-25 07:46:00'),(122,25,'2025-02-28 06:00:00',36,516,0,0,NULL,92,1,NULL,'2025-02-25 06:00:00','2025-02-25 07:30:00'),(123,26,'2025-03-08 11:06:00',36,928,0,0,NULL,94,1,NULL,'2025-02-26 11:06:00','2025-02-26 12:41:00'),(124,26,'2025-02-28 11:06:00',36,834,0,0,NULL,91,1,NULL,'2025-02-26 11:06:00','2025-02-26 13:06:00'),(125,26,'2025-03-04 11:06:00',36,205,1,0,20,95,1,NULL,'2025-02-26 11:06:00','2025-02-26 12:28:00'),(126,26,'2025-02-27 11:06:00',36,884,0,0,NULL,95,1,NULL,'2025-02-26 11:06:00','2025-02-26 12:22:00'),(127,26,'2025-03-05 11:06:00',35,732,0,0,NULL,92,1,NULL,'2025-02-26 11:06:00','2025-02-26 11:46:00'),(128,26,'2025-03-08 11:06:00',35,772,0,0,NULL,94,1,NULL,'2025-02-26 11:06:00','2025-02-26 12:33:00'),(129,27,'2025-03-05 16:12:00',36,951,1,0,15,91,1,NULL,'2025-02-27 16:12:00','2025-02-27 16:12:00'),(130,27,'2025-02-28 16:12:00',36,660,0,0,NULL,93,1,NULL,'2025-02-27 16:12:00','2025-02-27 16:12:00'),(131,27,'2025-03-05 16:12:00',35,501,0,0,NULL,93,1,NULL,'2025-02-27 16:12:00','2025-02-27 16:46:00'),(132,27,'2025-03-01 16:12:00',35,432,0,0,NULL,91,1,NULL,'2025-02-27 16:12:00','2025-02-27 16:12:00'),(133,27,'2025-02-28 16:12:00',35,130,0,0,NULL,95,1,NULL,'2025-02-27 16:12:00','2025-02-27 18:12:00'),(134,27,'2025-03-08 16:12:00',35,787,0,0,NULL,91,1,NULL,'2025-02-27 16:12:00','2025-02-27 17:16:00'),(135,27,'2025-03-08 16:12:00',36,492,1,0,6,95,1,NULL,'2025-02-27 16:12:00','2025-02-27 17:46:00'),(136,27,'2025-03-04 16:12:00',35,216,0,0,NULL,93,1,NULL,'2025-02-27 16:12:00','2025-02-27 16:12:00'),(137,28,'2025-03-02 21:18:00',36,388,1,0,23,91,1,NULL,'2025-02-28 21:18:00','2025-02-28 21:18:00'),(138,28,'2025-03-09 21:18:00',36,983,1,0,8,95,1,NULL,'2025-02-28 21:18:00','2025-02-28 23:11:00'),(139,28,'2025-03-03 21:18:00',36,630,1,0,18,92,1,NULL,'2025-02-28 21:18:00','2025-02-28 21:50:00'),(140,28,'2025-03-03 21:18:00',36,519,0,0,NULL,95,1,NULL,'2025-02-28 21:18:00','2025-02-28 23:18:00'),(141,28,'2025-03-01 21:18:00',35,840,0,0,NULL,92,1,NULL,'2025-02-28 21:18:00','2025-02-28 21:18:00'),(142,28,'2025-03-06 21:18:00',35,471,0,0,NULL,92,1,NULL,'2025-02-28 21:18:00','2025-02-28 22:20:00'),(143,28,'2025-03-03 21:18:00',36,131,0,0,NULL,95,1,NULL,'2025-02-28 21:18:00','2025-02-28 22:54:00'),(144,28,'2025-03-04 21:18:00',35,216,0,0,NULL,92,1,NULL,'2025-02-28 21:18:00','2025-02-28 23:10:00'),(145,29,'2025-03-06 02:24:00',36,277,1,0,11,92,1,NULL,'2025-03-02 02:24:00','2025-03-02 03:55:00'),(146,29,'2025-03-07 02:24:00',36,800,1,0,12,92,1,NULL,'2025-03-02 02:24:00','2025-03-02 03:47:00'),(147,29,'2025-03-07 02:24:00',36,405,1,0,15,94,1,NULL,'2025-03-02 02:24:00','2025-03-02 04:05:00'),(148,29,'2025-03-10 02:24:00',36,525,0,0,NULL,93,1,NULL,'2025-03-02 02:24:00','2025-03-02 03:37:00'),(149,29,'2025-03-03 02:24:00',35,635,0,0,NULL,93,1,NULL,'2025-03-02 02:24:00','2025-03-02 02:24:00'),(150,29,'2025-03-07 02:24:00',35,959,0,0,NULL,92,1,NULL,'2025-03-02 02:24:00','2025-03-02 02:59:00'),(151,30,'2025-03-12 07:30:00',35,271,0,0,NULL,95,1,NULL,'2025-03-03 07:30:00','2025-03-03 08:49:00'),(152,30,'2025-03-11 07:30:00',35,616,0,0,NULL,91,1,NULL,'2025-03-03 07:30:00','2025-03-03 09:16:00'),(153,30,'2025-03-08 07:30:00',35,861,0,0,NULL,92,1,NULL,'2025-03-03 07:30:00','2025-03-03 08:04:00'),(154,30,'2025-03-09 07:30:00',36,655,0,0,NULL,95,1,NULL,'2025-03-03 07:30:00','2025-03-03 08:00:00'),(155,30,'2025-03-12 07:30:00',35,264,0,0,NULL,91,1,NULL,'2025-03-03 07:30:00','2025-03-03 08:04:00'),(156,30,'2025-03-06 07:30:00',36,632,0,0,NULL,92,1,NULL,'2025-03-03 07:30:00','2025-03-03 08:11:00'),(157,30,'2025-03-12 07:30:00',36,572,0,0,NULL,91,1,NULL,'2025-03-03 07:30:00','2025-03-03 07:30:00'),(158,30,'2025-03-05 07:30:00',35,141,0,0,NULL,91,1,NULL,'2025-03-03 07:30:00','2025-03-03 07:30:00'),(159,30,'2025-03-04 07:30:00',35,143,0,0,NULL,94,1,NULL,'2025-03-03 07:30:00','2025-03-03 09:21:00'),(160,31,'2025-03-13 12:36:00',36,911,0,0,NULL,94,1,NULL,'2025-03-04 12:36:00','2025-03-04 13:48:00'),(161,31,'2025-03-06 12:36:00',36,229,0,0,NULL,95,1,NULL,'2025-03-04 12:36:00','2025-03-04 12:36:00'),(162,31,'2025-03-08 12:36:00',35,630,0,0,NULL,95,1,NULL,'2025-03-04 12:36:00','2025-03-04 12:36:00'),(163,31,'2025-03-08 12:36:00',36,118,0,0,NULL,93,1,NULL,'2025-03-04 12:36:00','2025-03-04 13:40:00'),(164,31,'2025-03-14 12:36:00',35,929,0,0,NULL,95,1,NULL,'2025-03-04 12:36:00','2025-03-04 13:17:00'),(165,31,'2025-03-07 12:36:00',36,625,0,0,NULL,92,1,NULL,'2025-03-04 12:36:00','2025-03-04 13:59:00'),(166,31,'2025-03-07 12:36:00',36,644,1,0,21,94,1,NULL,'2025-03-04 12:36:00','2025-03-04 12:36:00'),(167,32,'2025-03-07 17:42:00',35,251,0,0,NULL,94,1,NULL,'2025-03-05 17:42:00','2025-03-05 18:30:00'),(168,32,'2025-03-13 17:42:00',35,592,0,0,NULL,96,1,NULL,'2025-03-05 17:42:00','2025-03-05 19:09:00'),(169,32,'2025-03-11 17:42:00',36,244,0,0,NULL,92,1,NULL,'2025-03-05 17:42:00','2025-03-05 18:55:00'),(170,32,'2025-03-06 17:42:00',36,276,1,0,13,94,1,NULL,'2025-03-05 17:42:00','2025-03-05 19:25:00'),(171,32,'2025-03-08 17:42:00',36,200,0,0,NULL,94,1,NULL,'2025-03-05 17:42:00','2025-03-05 17:42:00'),(172,32,'2025-03-14 17:42:00',36,226,1,0,9,91,1,NULL,'2025-03-05 17:42:00','2025-03-05 19:35:00'),(173,32,'2025-03-13 17:42:00',35,826,0,0,NULL,91,1,NULL,'2025-03-05 17:42:00','2025-03-05 17:42:00'),(174,33,'2025-03-15 22:48:00',35,403,0,0,NULL,91,1,NULL,'2025-03-06 22:48:00','2025-03-07 00:28:00'),(175,33,'2025-03-08 22:48:00',36,575,1,0,7,91,1,NULL,'2025-03-06 22:48:00','2025-03-06 23:45:00'),(176,33,'2025-03-10 22:48:00',35,988,0,0,NULL,91,1,NULL,'2025-03-06 22:48:00','2025-03-06 23:40:00'),(177,33,'2025-03-14 22:48:00',36,495,0,0,NULL,91,1,NULL,'2025-03-06 22:48:00','2025-03-06 23:34:00'),(178,33,'2025-03-13 22:48:00',35,111,0,0,NULL,92,1,NULL,'2025-03-06 22:48:00','2025-03-07 00:38:00'),(179,33,'2025-03-07 22:48:00',36,625,0,0,NULL,92,1,NULL,'2025-03-06 22:48:00','2025-03-07 00:33:00'),(180,33,'2025-03-16 22:48:00',35,722,0,0,NULL,91,1,NULL,'2025-03-06 22:48:00','2025-03-07 00:22:00'),(181,33,'2025-03-12 22:48:00',35,428,0,0,NULL,91,1,NULL,'2025-03-06 22:48:00','2025-03-07 00:37:00'),(182,33,'2025-03-15 22:48:00',36,492,0,0,NULL,92,1,NULL,'2025-03-06 22:48:00','2025-03-06 23:39:00'),(183,33,'2025-03-09 22:48:00',36,655,0,0,NULL,91,1,NULL,'2025-03-06 22:48:00','2025-03-07 00:32:00'),(184,34,'2025-03-18 03:54:00',36,296,1,0,16,91,1,NULL,'2025-03-08 03:54:00','2025-03-08 04:36:00'),(185,34,'2025-03-09 03:54:00',36,810,0,0,NULL,91,1,NULL,'2025-03-08 03:54:00','2025-03-08 04:41:00'),(186,35,'2025-03-19 09:00:00',35,461,0,0,NULL,92,1,NULL,'2025-03-09 08:00:00','2025-03-09 09:05:00'),(187,35,'2025-03-10 09:00:00',35,849,0,0,NULL,95,1,NULL,'2025-03-09 08:00:00','2025-03-09 08:00:00'),(188,35,'2025-03-13 09:00:00',35,816,0,0,NULL,92,1,NULL,'2025-03-09 08:00:00','2025-03-09 09:03:00'),(189,35,'2025-03-10 09:00:00',36,849,0,0,NULL,91,1,NULL,'2025-03-09 08:00:00','2025-03-09 09:26:00'),(190,35,'2025-03-19 09:00:00',35,123,0,0,NULL,94,1,NULL,'2025-03-09 08:00:00','2025-03-09 09:15:00'),(191,36,'2025-03-13 14:06:00',35,352,0,0,NULL,91,1,NULL,'2025-03-10 13:06:00','2025-03-10 14:01:00'),(192,36,'2025-03-17 14:06:00',36,550,1,0,17,94,1,NULL,'2025-03-10 13:06:00','2025-03-10 14:42:00'),(193,36,'2025-03-17 14:06:00',35,361,0,0,NULL,94,1,NULL,'2025-03-10 13:06:00','2025-03-10 14:13:00'),(194,37,'2025-03-15 19:12:00',35,615,0,0,NULL,92,1,NULL,'2025-03-11 18:12:00','2025-03-11 18:51:00'),(195,37,'2025-03-13 19:12:00',36,480,1,0,18,95,1,NULL,'2025-03-11 18:12:00','2025-03-11 19:41:00'),(196,37,'2025-03-20 19:12:00',36,734,0,0,NULL,92,1,NULL,'2025-03-11 18:12:00','2025-03-11 19:34:00'),(197,37,'2025-03-18 19:12:00',36,272,0,0,NULL,95,1,NULL,'2025-03-11 18:12:00','2025-07-10 10:05:38'),(198,37,'2025-03-16 19:12:00',35,998,0,0,NULL,92,1,NULL,'2025-03-11 18:12:00','2025-03-11 19:42:00'),(199,38,'2025-03-16 00:18:00',36,958,0,0,NULL,95,1,NULL,'2025-03-12 23:18:00','2025-03-13 00:46:00'),(200,38,'2025-03-18 00:18:00',36,533,1,0,17,92,1,NULL,'2025-03-12 23:18:00','2025-03-13 00:16:00'),(201,38,'2025-03-17 00:18:00',35,226,0,0,NULL,95,1,NULL,'2025-03-12 23:18:00','2025-03-12 23:18:00'),(202,38,'2025-03-15 00:18:00',35,921,0,0,NULL,91,1,NULL,'2025-03-12 23:18:00','2025-03-12 23:18:00'),(203,38,'2025-03-22 00:18:00',36,299,1,0,15,92,1,NULL,'2025-03-12 23:18:00','2025-03-12 23:55:00'),(204,38,'2025-03-16 00:18:00',35,128,0,0,NULL,91,1,NULL,'2025-03-12 23:18:00','2025-03-13 00:01:00'),(205,38,'2025-03-18 00:18:00',35,654,0,0,NULL,93,1,NULL,'2025-03-12 23:18:00','2025-03-13 00:54:00'),(206,39,'2025-03-17 05:24:00',36,363,1,0,16,91,1,NULL,'2025-03-14 04:24:00','2025-03-14 04:24:00'),(207,39,'2025-03-23 05:24:00',35,697,0,0,NULL,91,1,NULL,'2025-03-14 04:24:00','2025-03-14 06:13:00'),(208,39,'2025-03-24 05:24:00',35,243,0,0,NULL,94,1,NULL,'2025-03-14 04:24:00','2025-03-14 05:13:00'),(209,39,'2025-03-19 05:24:00',35,127,0,0,NULL,91,1,NULL,'2025-03-14 04:24:00','2025-03-14 06:20:00'),(210,39,'2025-03-19 05:24:00',35,895,0,0,NULL,91,1,NULL,'2025-03-14 04:24:00','2025-03-14 05:57:00'),(211,39,'2025-03-19 05:24:00',35,202,0,0,NULL,91,1,NULL,'2025-03-14 04:24:00','2025-03-14 05:27:00'),(212,39,'2025-03-23 05:24:00',36,531,1,0,17,91,1,NULL,'2025-03-14 04:24:00','2025-03-14 05:35:00'),(213,39,'2025-03-17 05:24:00',35,950,0,0,NULL,96,1,NULL,'2025-03-14 04:24:00','2025-03-14 06:23:00'),(214,39,'2025-03-21 05:24:00',35,786,0,0,NULL,94,1,NULL,'2025-03-14 04:24:00','2025-03-14 05:34:00'),(215,39,'2025-03-23 05:24:00',35,618,0,0,NULL,95,1,NULL,'2025-03-14 04:24:00','2025-03-14 05:07:00'),(216,40,'2025-03-19 10:30:00',36,476,0,0,NULL,91,1,NULL,'2025-03-15 09:30:00','2025-03-15 09:30:00'),(217,40,'2025-03-21 10:30:00',35,360,0,0,NULL,91,1,NULL,'2025-03-15 09:30:00','2025-03-15 10:05:00'),(218,40,'2025-03-19 10:30:00',35,631,0,0,NULL,93,1,NULL,'2025-03-15 09:30:00','2025-03-15 10:57:00'),(219,40,'2025-03-23 10:30:00',35,295,0,0,NULL,91,1,NULL,'2025-03-15 09:30:00','2025-03-15 10:34:00'),(220,40,'2025-03-25 10:30:00',35,800,0,0,NULL,91,1,NULL,'2025-03-15 09:30:00','2025-03-15 10:26:00'),(221,40,'2025-03-16 10:30:00',35,712,0,0,NULL,94,1,NULL,'2025-03-15 09:30:00','2025-03-15 10:10:00'),(222,40,'2025-03-22 10:30:00',36,893,1,0,7,92,1,NULL,'2025-03-15 09:30:00','2025-03-15 10:59:00'),(223,41,'2025-03-18 15:36:00',35,372,0,0,NULL,94,1,NULL,'2025-03-16 14:36:00','2025-03-16 16:29:00'),(224,42,'2025-03-27 20:42:00',35,901,0,0,NULL,92,1,NULL,'2025-03-17 19:42:00','2025-03-17 20:50:00'),(225,43,'2025-03-25 01:48:00',36,721,1,0,25,91,1,NULL,'2025-03-19 00:48:00','2025-03-19 00:48:00'),(226,43,'2025-03-23 01:48:00',36,189,1,0,13,91,1,NULL,'2025-03-19 00:48:00','2025-03-19 01:51:00'),(227,43,'2025-03-22 01:48:00',36,497,0,0,NULL,94,1,NULL,'2025-03-19 00:48:00','2025-03-19 02:47:00'),(228,44,'2025-03-27 06:54:00',36,642,1,0,18,95,1,NULL,'2025-03-20 05:54:00','2025-03-20 06:48:00'),(229,44,'2025-03-27 06:54:00',36,292,0,0,NULL,95,1,NULL,'2025-03-20 05:54:00','2025-03-20 06:24:00'),(230,44,'2025-03-28 06:54:00',36,333,1,0,7,93,1,NULL,'2025-03-20 05:54:00','2025-03-20 06:40:00'),(231,44,'2025-03-25 06:54:00',36,595,1,0,18,91,1,NULL,'2025-03-20 05:54:00','2025-03-20 07:43:00'),(232,44,'2025-03-29 06:54:00',35,407,0,0,NULL,93,1,NULL,'2025-03-20 05:54:00','2025-03-20 07:26:00'),(233,44,'2025-03-25 06:54:00',36,445,0,0,NULL,92,1,NULL,'2025-03-20 05:54:00','2025-03-20 05:54:00'),(234,45,'2025-03-25 12:00:00',35,959,0,0,NULL,91,1,NULL,'2025-03-21 11:00:00','2025-03-21 12:20:00'),(235,45,'2025-03-30 12:00:00',36,799,0,0,NULL,93,1,NULL,'2025-03-21 11:00:00','2025-03-21 12:24:00'),(236,45,'2025-03-26 12:00:00',36,784,1,0,12,93,1,NULL,'2025-03-21 11:00:00','2025-03-21 11:00:00'),(237,45,'2025-03-27 12:00:00',35,274,0,0,NULL,94,1,NULL,'2025-03-21 11:00:00','2025-03-21 11:00:00'),(238,46,'2025-03-31 17:06:00',36,939,0,0,NULL,92,1,NULL,'2025-03-22 16:06:00','2025-03-22 16:06:00'),(239,46,'2025-03-24 17:06:00',35,539,0,0,NULL,92,1,NULL,'2025-03-22 16:06:00','2025-03-22 17:26:00'),(240,46,'2025-03-28 17:06:00',36,617,1,0,18,95,1,NULL,'2025-03-22 16:06:00','2025-03-22 16:59:00'),(241,46,'2025-04-01 17:06:00',36,812,1,0,23,91,1,NULL,'2025-03-22 16:06:00','2025-03-22 16:06:00'),(242,46,'2025-03-27 17:06:00',36,911,1,0,24,91,1,NULL,'2025-03-22 16:06:00','2025-03-22 16:41:00'),(243,46,'2025-03-24 17:06:00',35,731,0,0,NULL,95,1,NULL,'2025-03-22 16:06:00','2025-03-22 16:06:00'),(244,46,'2025-03-28 17:06:00',36,200,1,0,12,91,1,NULL,'2025-03-22 16:06:00','2025-03-22 17:59:00'),(245,46,'2025-03-25 17:06:00',36,681,0,0,NULL,91,1,NULL,'2025-03-22 16:06:00','2025-03-22 17:59:00'),(246,46,'2025-03-25 17:06:00',35,169,0,0,NULL,91,1,NULL,'2025-03-22 16:06:00','2025-03-22 17:56:00'),(247,47,'2025-04-02 22:12:00',35,546,0,0,NULL,95,1,NULL,'2025-03-23 21:12:00','2025-03-23 22:47:00'),(248,47,'2025-03-31 22:12:00',35,826,0,0,NULL,91,1,NULL,'2025-03-23 21:12:00','2025-03-23 22:11:00'),(249,47,'2025-03-30 22:12:00',35,178,0,0,NULL,91,1,NULL,'2025-03-23 21:12:00','2025-03-23 23:08:00'),(250,48,'2025-04-04 03:18:00',36,401,0,0,NULL,94,1,NULL,'2025-03-25 02:18:00','2025-03-25 02:18:00'),(251,49,'2025-03-29 08:24:00',36,654,1,0,5,94,1,NULL,'2025-03-26 07:24:00','2025-03-26 07:24:00'),(252,49,'2025-04-01 08:24:00',35,693,0,0,NULL,94,1,NULL,'2025-03-26 07:24:00','2025-03-26 09:15:00'),(253,49,'2025-03-30 08:24:00',36,530,1,0,17,95,1,NULL,'2025-03-26 07:24:00','2025-03-26 08:27:00'),(254,49,'2025-03-28 08:24:00',35,335,0,0,NULL,96,1,NULL,'2025-03-26 07:24:00','2025-03-26 08:31:00'),(255,49,'2025-03-28 08:24:00',36,270,0,0,NULL,91,1,NULL,'2025-03-26 07:24:00','2025-03-26 09:12:00'),(256,49,'2025-04-02 08:24:00',36,582,1,0,14,91,1,NULL,'2025-03-26 07:24:00','2025-03-26 07:24:00'),(257,50,'2025-03-31 13:30:00',35,734,0,0,NULL,91,1,NULL,'2025-03-27 12:30:00','2025-03-27 14:10:00'),(258,50,'2025-03-28 13:30:00',36,760,0,0,NULL,93,1,NULL,'2025-03-27 12:30:00','2025-03-27 14:04:00'),(259,50,'2025-03-29 13:30:00',35,337,0,0,NULL,92,1,NULL,'2025-03-27 12:30:00','2025-03-27 13:58:00'),(260,50,'2025-04-01 13:30:00',36,465,1,0,6,91,1,NULL,'2025-03-27 12:30:00','2025-03-27 12:30:00'),(261,50,'2025-03-30 13:30:00',36,274,0,0,NULL,91,1,NULL,'2025-03-27 12:30:00','2025-03-27 12:30:00'),(262,50,'2025-03-29 13:30:00',35,517,0,0,NULL,94,1,NULL,'2025-03-27 12:30:00','2025-03-27 13:35:00'),(263,50,'2025-04-03 13:30:00',35,552,0,0,NULL,93,1,NULL,'2025-03-27 12:30:00','2025-03-27 12:30:00'),(264,50,'2025-03-31 13:30:00',35,969,0,0,NULL,95,1,NULL,'2025-03-27 12:30:00','2025-03-27 13:04:00'),(265,51,'2025-03-29 18:36:00',36,539,1,0,19,93,1,NULL,'2025-03-28 17:36:00','2025-03-28 19:02:00'),(266,51,'2025-04-03 18:36:00',36,677,1,0,17,92,1,NULL,'2025-03-28 17:36:00','2025-03-28 18:33:00'),(267,51,'2025-04-03 18:36:00',35,872,0,0,NULL,93,1,NULL,'2025-03-28 17:36:00','2025-03-28 19:07:00'),(268,51,'2025-04-07 18:36:00',35,277,0,0,NULL,92,1,NULL,'2025-03-28 17:36:00','2025-03-28 19:28:00'),(269,51,'2025-04-02 18:36:00',36,152,0,0,NULL,96,1,NULL,'2025-03-28 17:36:00','2025-03-28 18:36:00'),(270,52,'2025-03-31 23:42:00',36,186,0,0,NULL,91,1,NULL,'2025-03-29 22:42:00','2025-03-29 23:48:00'),(271,52,'2025-04-05 23:42:00',36,522,0,0,NULL,91,1,NULL,'2025-03-29 22:42:00','2025-03-30 00:31:00'),(272,52,'2025-04-06 23:42:00',36,169,0,0,NULL,93,1,NULL,'2025-03-29 22:42:00','2025-03-30 00:02:00'),(273,52,'2025-04-05 23:42:00',36,664,1,0,12,93,1,NULL,'2025-03-29 22:42:00','2025-03-30 00:23:00'),(274,52,'2025-04-07 23:42:00',36,717,0,0,NULL,93,1,NULL,'2025-03-29 22:42:00','2025-03-30 00:14:00'),(275,52,'2025-04-06 23:42:00',36,717,1,0,17,91,1,NULL,'2025-03-29 22:42:00','2025-03-30 00:32:00'),(276,52,'2025-04-06 23:42:00',35,231,0,0,NULL,91,1,NULL,'2025-03-29 22:42:00','2025-03-29 23:34:00'),(277,52,'2025-03-31 23:42:00',36,115,0,0,NULL,91,1,NULL,'2025-03-29 22:42:00','2025-03-30 00:39:00'),(278,52,'2025-03-31 23:42:00',35,109,0,0,NULL,91,1,NULL,'2025-03-29 22:42:00','2025-03-29 23:18:00'),(279,53,'2025-04-03 04:48:00',36,125,0,0,NULL,95,1,NULL,'2025-03-31 03:48:00','2025-03-31 03:48:00'),(280,53,'2025-04-03 04:48:00',35,407,0,0,NULL,91,1,NULL,'2025-03-31 03:48:00','2025-03-31 05:34:00'),(281,53,'2025-04-08 04:48:00',35,588,0,0,NULL,91,1,NULL,'2025-03-31 03:48:00','2025-03-31 05:07:00'),(282,53,'2025-04-10 04:48:00',36,321,0,0,NULL,95,1,NULL,'2025-03-31 03:48:00','2025-03-31 04:30:00'),(283,53,'2025-04-06 04:48:00',35,473,0,0,NULL,91,1,NULL,'2025-03-31 03:48:00','2025-03-31 05:14:00'),(284,53,'2025-04-06 04:48:00',35,637,0,0,NULL,94,1,NULL,'2025-03-31 03:48:00','2025-03-31 03:48:00'),(285,53,'2025-04-09 04:48:00',35,368,0,0,NULL,94,1,NULL,'2025-03-31 03:48:00','2025-03-31 05:20:00'),(286,54,'2025-04-08 09:54:00',35,642,0,0,NULL,91,1,NULL,'2025-04-01 08:54:00','2025-04-01 10:49:00'),(287,54,'2025-04-09 09:54:00',35,590,0,0,NULL,92,1,NULL,'2025-04-01 08:54:00','2025-04-01 09:53:00'),(288,54,'2025-04-09 09:54:00',35,113,0,0,NULL,91,1,NULL,'2025-04-01 08:54:00','2025-04-01 10:34:00'),(289,54,'2025-04-05 09:54:00',36,261,1,0,23,92,1,NULL,'2025-04-01 08:54:00','2025-04-01 10:22:00'),(290,54,'2025-04-10 09:54:00',35,161,0,0,NULL,91,1,NULL,'2025-04-01 08:54:00','2025-04-01 10:32:00'),(291,54,'2025-04-04 09:54:00',35,147,0,0,NULL,95,1,NULL,'2025-04-01 08:54:00','2025-04-01 10:29:00'),(292,54,'2025-04-05 09:54:00',35,322,0,0,NULL,91,1,NULL,'2025-04-01 08:54:00','2025-04-01 10:09:00'),(293,54,'2025-04-04 09:54:00',35,745,0,0,NULL,92,1,NULL,'2025-04-01 08:54:00','2025-04-01 08:54:00'),(294,54,'2025-04-02 09:54:00',36,411,1,0,11,95,1,NULL,'2025-04-01 08:54:00','2025-04-01 10:50:00'),(295,54,'2025-04-02 09:54:00',36,271,1,0,11,91,1,NULL,'2025-04-01 08:54:00','2025-04-01 09:42:00'),(296,55,'2025-04-05 15:00:00',36,356,0,0,NULL,92,1,NULL,'2025-04-02 14:00:00','2025-04-02 14:56:00'),(297,56,'2025-04-09 20:06:00',36,348,0,0,NULL,94,1,NULL,'2025-04-03 19:06:00','2025-04-03 19:06:00'),(298,56,'2025-04-05 20:06:00',35,353,0,0,NULL,92,1,NULL,'2025-04-03 19:06:00','2025-04-03 19:42:00'),(299,56,'2025-04-09 20:06:00',36,959,0,0,NULL,91,1,NULL,'2025-04-03 19:06:00','2025-04-03 19:06:00'),(300,56,'2025-04-13 20:06:00',36,823,0,0,NULL,94,1,NULL,'2025-04-03 19:06:00','2025-04-03 20:32:00'),(301,56,'2025-04-07 20:06:00',35,576,0,0,NULL,95,1,NULL,'2025-04-03 19:06:00','2025-04-03 20:26:00'),(302,56,'2025-04-06 20:06:00',35,367,0,0,NULL,92,1,NULL,'2025-04-03 19:06:00','2025-04-03 19:06:00'),(303,56,'2025-04-04 20:06:00',35,390,0,0,NULL,95,1,NULL,'2025-04-03 19:06:00','2025-04-03 20:27:00'),(304,57,'2025-04-12 01:12:00',36,343,0,0,NULL,95,1,NULL,'2025-04-05 00:12:00','2025-04-05 02:00:00'),(305,57,'2025-04-10 01:12:00',35,744,0,0,NULL,95,1,NULL,'2025-04-05 00:12:00','2025-04-05 00:12:00'),(306,57,'2025-04-09 01:12:00',36,665,1,0,22,91,1,NULL,'2025-04-05 00:12:00','2025-04-05 01:02:00'),(307,57,'2025-04-09 01:12:00',35,308,0,0,NULL,96,1,NULL,'2025-04-05 00:12:00','2025-04-05 01:22:00'),(308,57,'2025-04-14 01:12:00',35,649,0,0,NULL,93,1,NULL,'2025-04-05 00:12:00','2025-04-05 01:11:00'),(309,58,'2025-04-09 05:18:00',36,891,1,0,16,95,1,NULL,'2025-04-06 04:18:00','2025-04-06 04:56:00'),(310,58,'2025-04-11 05:18:00',35,540,0,0,NULL,95,1,NULL,'2025-04-06 04:18:00','2025-04-06 05:51:00'),(311,58,'2025-04-12 05:18:00',36,121,1,0,12,94,1,NULL,'2025-04-06 04:18:00','2025-04-06 05:13:00'),(312,58,'2025-04-16 05:18:00',35,653,0,0,NULL,92,1,NULL,'2025-04-06 04:18:00','2025-04-06 04:18:00'),(313,58,'2025-04-09 05:18:00',36,718,1,0,12,91,1,NULL,'2025-04-06 04:18:00','2025-04-06 05:05:00'),(314,58,'2025-04-12 05:18:00',35,139,0,0,NULL,91,1,NULL,'2025-04-06 04:18:00','2025-04-06 04:18:00'),(315,58,'2025-04-16 05:18:00',35,846,0,0,NULL,92,1,NULL,'2025-04-06 04:18:00','2025-04-06 05:35:00'),(316,59,'2025-04-14 10:24:00',36,881,0,0,NULL,92,1,NULL,'2025-04-07 09:24:00','2025-04-07 11:17:00'),(317,59,'2025-04-16 10:24:00',35,981,0,0,NULL,91,1,NULL,'2025-04-07 09:24:00','2025-04-07 10:08:00'),(318,59,'2025-04-08 10:24:00',36,932,0,0,NULL,91,1,NULL,'2025-04-07 09:24:00','2025-04-07 10:02:00'),(319,59,'2025-04-14 10:24:00',35,584,0,0,NULL,91,1,NULL,'2025-04-07 09:24:00','2025-04-07 10:52:00'),(320,60,'2025-04-17 15:30:00',36,124,0,0,NULL,92,1,NULL,'2025-04-08 14:30:00','2025-04-08 15:05:00'),(321,60,'2025-04-17 15:30:00',35,711,0,0,NULL,95,1,NULL,'2025-04-08 14:30:00','2025-04-08 15:02:00'),(322,60,'2025-04-16 15:30:00',36,995,0,0,NULL,93,1,NULL,'2025-04-08 14:30:00','2025-04-08 14:30:00'),(323,60,'2025-04-17 15:30:00',36,628,1,0,11,92,1,NULL,'2025-04-08 14:30:00','2025-04-08 15:19:00'),(324,60,'2025-04-09 15:30:00',36,173,0,0,NULL,91,1,NULL,'2025-04-08 14:30:00','2025-04-08 15:07:00'),(325,61,'2025-04-19 20:36:00',35,661,0,0,NULL,92,1,NULL,'2025-04-09 19:36:00','2025-04-09 20:44:00'),(326,61,'2025-04-14 20:36:00',35,670,0,0,NULL,94,1,NULL,'2025-04-09 19:36:00','2025-04-09 19:36:00'),(327,62,'2025-04-16 01:42:00',36,330,1,0,15,91,1,NULL,'2025-04-11 00:42:00','2025-04-11 01:32:00'),(328,62,'2025-04-13 01:42:00',35,295,0,0,NULL,91,1,NULL,'2025-04-11 00:42:00','2025-04-11 01:54:00'),(329,63,'2025-04-15 06:48:00',36,556,0,0,NULL,91,1,NULL,'2025-04-12 05:48:00','2025-04-12 07:14:00'),(330,63,'2025-04-22 06:48:00',36,923,0,0,NULL,91,1,NULL,'2025-04-12 05:48:00','2025-04-12 07:41:00'),(331,63,'2025-04-16 06:48:00',36,437,0,0,NULL,91,1,NULL,'2025-04-12 05:48:00','2025-04-12 07:36:00'),(332,63,'2025-04-21 06:48:00',36,675,0,0,NULL,96,1,NULL,'2025-04-12 05:48:00','2025-04-12 07:15:00'),(333,64,'2025-04-19 11:54:00',35,671,0,0,NULL,94,1,NULL,'2025-04-13 10:54:00','2025-04-13 11:42:00'),(334,64,'2025-04-22 11:54:00',36,952,0,0,NULL,94,1,NULL,'2025-04-13 10:54:00','2025-04-13 12:25:00'),(335,64,'2025-04-20 11:54:00',35,642,0,0,NULL,94,1,NULL,'2025-04-13 10:54:00','2025-04-13 12:54:00'),(336,64,'2025-04-15 11:54:00',36,510,0,0,NULL,93,1,NULL,'2025-04-13 10:54:00','2025-04-13 10:54:00'),(337,64,'2025-04-14 11:54:00',36,285,1,0,9,94,1,NULL,'2025-04-13 10:54:00','2025-04-13 12:33:00'),(338,64,'2025-04-14 11:54:00',35,899,0,0,NULL,95,1,NULL,'2025-04-13 10:54:00','2025-04-13 11:36:00'),(339,64,'2025-04-18 11:54:00',35,672,0,0,NULL,91,1,NULL,'2025-04-13 10:54:00','2025-04-13 11:52:00'),(340,64,'2025-04-14 11:54:00',36,194,0,0,NULL,94,1,NULL,'2025-04-13 10:54:00','2025-04-13 11:32:00'),(341,64,'2025-04-15 11:54:00',36,849,1,0,5,91,1,NULL,'2025-04-13 10:54:00','2025-04-13 11:59:00'),(342,65,'2025-04-23 17:00:00',36,329,0,0,NULL,93,1,NULL,'2025-04-14 16:00:00','2025-04-14 17:43:00'),(343,65,'2025-04-17 17:00:00',35,822,0,0,NULL,91,1,NULL,'2025-04-14 16:00:00','2025-04-14 16:00:00'),(344,65,'2025-04-19 17:00:00',35,747,0,0,NULL,96,1,NULL,'2025-04-14 16:00:00','2025-04-14 16:00:00'),(345,65,'2025-04-19 17:00:00',35,861,0,0,NULL,95,1,NULL,'2025-04-14 16:00:00','2025-04-14 16:41:00'),(346,65,'2025-04-19 17:00:00',36,996,0,0,NULL,96,1,NULL,'2025-04-14 16:00:00','2025-04-14 16:00:00'),(347,65,'2025-04-20 17:00:00',36,473,1,0,8,93,1,NULL,'2025-04-14 16:00:00','2025-04-14 17:05:00'),(348,65,'2025-04-15 17:00:00',36,356,1,0,14,92,1,NULL,'2025-04-14 16:00:00','2025-04-14 17:49:00'),(349,65,'2025-04-15 17:00:00',36,691,1,0,24,95,1,NULL,'2025-04-14 16:00:00','2025-04-14 17:42:00'),(350,66,'2025-04-24 22:06:00',36,285,0,0,NULL,95,1,NULL,'2025-04-15 21:06:00','2025-04-15 23:04:00'),(351,66,'2025-04-19 22:06:00',36,924,1,0,22,91,1,NULL,'2025-04-15 21:06:00','2025-04-15 21:06:00'),(352,66,'2025-04-18 22:06:00',36,178,0,0,NULL,93,1,NULL,'2025-04-15 21:06:00','2025-04-15 22:10:00'),(353,66,'2025-04-22 22:06:00',36,336,1,0,17,92,1,NULL,'2025-04-15 21:06:00','2025-04-15 22:14:00'),(354,66,'2025-04-21 22:06:00',36,620,0,0,NULL,94,1,NULL,'2025-04-15 21:06:00','2025-04-15 23:06:00'),(355,66,'2025-04-24 22:06:00',36,345,1,0,5,91,1,NULL,'2025-04-15 21:06:00','2025-04-15 21:06:00'),(356,66,'2025-04-21 22:06:00',35,528,0,0,NULL,91,1,NULL,'2025-04-15 21:06:00','2025-04-15 22:26:00'),(357,67,'2025-04-19 03:12:00',36,996,1,0,22,92,1,NULL,'2025-04-17 02:12:00','2025-04-17 02:56:00'),(358,67,'2025-04-27 03:12:00',35,518,0,0,NULL,94,1,NULL,'2025-04-17 02:12:00','2025-04-17 03:48:00'),(359,67,'2025-04-22 03:12:00',36,243,0,0,NULL,91,1,NULL,'2025-04-17 02:12:00','2025-04-17 04:08:00'),(360,67,'2025-04-20 03:12:00',35,514,0,0,NULL,91,1,NULL,'2025-04-17 02:12:00','2025-04-17 03:49:00'),(361,67,'2025-04-24 03:12:00',35,294,0,0,NULL,92,1,NULL,'2025-04-17 02:12:00','2025-04-17 02:42:00'),(362,67,'2025-04-26 03:12:00',36,786,1,0,14,93,1,NULL,'2025-04-17 02:12:00','2025-04-17 03:06:00'),(363,68,'2025-04-20 08:18:00',36,860,0,0,NULL,94,1,NULL,'2025-04-18 07:18:00','2025-04-18 09:10:00'),(364,68,'2025-04-21 08:18:00',36,373,1,0,19,94,1,NULL,'2025-04-18 07:18:00','2025-04-18 08:31:00'),(365,68,'2025-04-24 08:18:00',35,879,0,0,NULL,91,1,NULL,'2025-04-18 07:18:00','2025-04-18 07:18:00'),(366,68,'2025-04-26 08:18:00',35,519,0,0,NULL,94,1,NULL,'2025-04-18 07:18:00','2025-04-18 07:55:00'),(367,68,'2025-04-20 08:18:00',36,502,1,0,20,96,1,NULL,'2025-04-18 07:18:00','2025-04-18 08:28:00'),(368,68,'2025-04-28 08:18:00',36,346,1,0,18,93,1,NULL,'2025-04-18 07:18:00','2025-04-18 07:18:00'),(369,68,'2025-04-19 08:18:00',35,196,0,0,NULL,92,1,NULL,'2025-04-18 07:18:00','2025-04-18 08:42:00'),(370,68,'2025-04-24 08:18:00',36,530,1,0,23,94,1,NULL,'2025-04-18 07:18:00','2025-04-18 08:25:00'),(371,69,'2025-04-25 13:24:00',36,499,0,0,NULL,95,1,NULL,'2025-04-19 12:24:00','2025-04-19 13:41:00'),(372,70,'2025-04-24 18:30:00',36,341,0,0,NULL,93,1,NULL,'2025-04-20 17:30:00','2025-04-20 17:30:00'),(373,70,'2025-04-21 18:30:00',36,366,0,0,NULL,91,1,NULL,'2025-04-20 17:30:00','2025-04-20 17:30:00'),(374,70,'2025-04-21 18:30:00',35,428,0,0,NULL,93,1,NULL,'2025-04-20 17:30:00','2025-04-20 18:06:00'),(375,70,'2025-04-29 18:30:00',35,127,0,0,NULL,94,1,NULL,'2025-04-20 17:30:00','2025-04-20 19:25:00'),(376,71,'2025-04-29 23:36:00',35,962,0,0,NULL,95,1,NULL,'2025-04-21 22:36:00','2025-04-21 23:44:00'),(377,71,'2025-04-28 23:36:00',36,401,1,0,13,91,1,NULL,'2025-04-21 22:36:00','2025-04-21 23:58:00'),(378,71,'2025-04-25 23:36:00',36,850,0,0,NULL,92,1,NULL,'2025-04-21 22:36:00','2025-04-21 22:36:00'),(379,71,'2025-04-30 23:36:00',35,499,0,0,NULL,92,1,NULL,'2025-04-21 22:36:00','2025-04-21 23:23:00'),(380,71,'2025-04-28 23:36:00',35,564,0,0,NULL,93,1,NULL,'2025-04-21 22:36:00','2025-04-21 23:36:00'),(381,71,'2025-04-28 23:36:00',36,939,1,0,24,91,1,NULL,'2025-04-21 22:36:00','2025-04-22 00:24:00'),(382,71,'2025-04-29 23:36:00',35,200,0,0,NULL,95,1,NULL,'2025-04-21 22:36:00','2025-04-21 23:11:00'),(383,71,'2025-04-24 23:36:00',36,876,0,0,NULL,91,1,NULL,'2025-04-21 22:36:00','2025-04-21 23:18:00'),(384,71,'2025-04-24 23:36:00',35,110,0,0,NULL,91,1,NULL,'2025-04-21 22:36:00','2025-04-22 00:07:00'),(385,72,'2025-05-03 04:42:00',35,385,0,0,NULL,95,1,NULL,'2025-04-23 03:42:00','2025-04-23 04:48:00'),(386,72,'2025-04-25 04:42:00',35,553,0,0,NULL,94,1,NULL,'2025-04-23 03:42:00','2025-04-23 04:21:00'),(387,73,'2025-04-29 09:48:00',35,945,0,0,NULL,94,1,NULL,'2025-04-24 08:48:00','2025-04-24 09:51:00'),(388,73,'2025-05-04 09:48:00',35,449,0,0,NULL,91,1,NULL,'2025-04-24 08:48:00','2025-04-24 09:30:00'),(389,73,'2025-04-26 09:48:00',35,983,0,0,NULL,91,1,NULL,'2025-04-24 08:48:00','2025-04-24 10:21:00'),(390,73,'2025-05-04 09:48:00',35,825,0,0,NULL,96,1,NULL,'2025-04-24 08:48:00','2025-04-24 09:47:00'),(391,73,'2025-05-03 09:48:00',35,410,0,0,NULL,91,1,NULL,'2025-04-24 08:48:00','2025-04-24 09:19:00'),(392,73,'2025-04-28 09:48:00',35,318,0,0,NULL,92,1,NULL,'2025-04-24 08:48:00','2025-04-24 09:21:00'),(393,74,'2025-05-04 14:54:00',35,255,0,0,NULL,93,1,NULL,'2025-04-25 13:54:00','2025-04-25 13:54:00'),(394,74,'2025-05-05 14:54:00',36,311,0,0,NULL,95,1,NULL,'2025-04-25 13:54:00','2025-04-25 15:36:00'),(395,74,'2025-04-28 14:54:00',36,103,1,0,22,92,1,NULL,'2025-04-25 13:54:00','2025-04-25 15:07:00'),(396,74,'2025-05-03 14:54:00',36,228,1,0,23,92,1,NULL,'2025-04-25 13:54:00','2025-04-25 15:19:00'),(397,74,'2025-05-04 14:54:00',36,423,0,0,NULL,91,1,NULL,'2025-04-25 13:54:00','2025-04-25 14:30:00'),(398,74,'2025-05-03 14:54:00',36,776,0,0,NULL,91,1,NULL,'2025-04-25 13:54:00','2025-04-25 14:39:00'),(399,74,'2025-05-02 14:54:00',35,802,0,0,NULL,93,1,NULL,'2025-04-25 13:54:00','2025-04-25 14:48:00'),(400,75,'2025-05-01 20:00:00',35,868,0,0,NULL,93,1,NULL,'2025-04-26 19:00:00','2025-04-26 20:30:00'),(401,75,'2025-05-03 20:00:00',36,355,0,0,NULL,91,1,NULL,'2025-04-26 19:00:00','2025-04-26 19:00:00'),(402,75,'2025-05-03 20:00:00',36,416,0,0,NULL,95,1,NULL,'2025-04-26 19:00:00','2025-04-26 20:24:00'),(403,75,'2025-05-05 20:00:00',35,895,0,0,NULL,96,1,NULL,'2025-04-26 19:00:00','2025-04-26 20:52:00'),(404,75,'2025-05-01 20:00:00',35,784,0,0,NULL,91,1,NULL,'2025-04-26 19:00:00','2025-04-26 20:01:00'),(405,75,'2025-04-30 20:00:00',36,585,0,0,NULL,91,1,NULL,'2025-04-26 19:00:00','2025-04-26 20:01:00'),(406,75,'2025-04-28 20:00:00',36,761,0,0,NULL,96,1,NULL,'2025-04-26 19:00:00','2025-04-26 20:07:00'),(407,75,'2025-05-05 20:00:00',36,359,1,0,14,93,1,NULL,'2025-04-26 19:00:00','2025-04-26 20:21:00'),(408,75,'2025-04-29 20:00:00',36,403,0,0,NULL,94,1,NULL,'2025-04-26 19:00:00','2025-04-26 20:15:00'),(409,76,'2025-05-02 01:06:00',36,475,0,0,NULL,92,1,NULL,'2025-04-28 00:06:00','2025-04-28 02:05:00'),(410,76,'2025-05-03 01:06:00',35,361,0,0,NULL,95,1,NULL,'2025-04-28 00:06:00','2025-04-28 00:39:00'),(411,76,'2025-05-03 01:06:00',36,738,0,0,NULL,93,1,NULL,'2025-04-28 00:06:00','2025-04-28 00:54:00'),(412,76,'2025-04-29 01:06:00',35,838,0,0,NULL,94,1,NULL,'2025-04-28 00:06:00','2025-04-28 01:02:00'),(413,76,'2025-05-02 01:06:00',35,318,0,0,NULL,92,1,NULL,'2025-04-28 00:06:00','2025-04-28 01:00:00'),(414,76,'2025-05-07 01:06:00',35,921,0,0,NULL,91,1,NULL,'2025-04-28 00:06:00','2025-04-28 00:43:00'),(415,76,'2025-05-04 01:06:00',36,197,0,0,NULL,92,1,NULL,'2025-04-28 00:06:00','2025-04-28 00:38:00'),(416,76,'2025-05-07 01:06:00',36,279,0,0,NULL,94,1,NULL,'2025-04-28 00:06:00','2025-04-28 01:21:00'),(417,76,'2025-04-29 01:06:00',36,881,0,0,NULL,95,1,NULL,'2025-04-28 00:06:00','2025-04-28 00:42:00'),(418,76,'2025-05-07 01:06:00',36,896,0,0,NULL,95,1,NULL,'2025-04-28 00:06:00','2025-04-28 00:06:00'),(419,77,'2025-04-30 06:12:00',35,416,0,0,NULL,92,1,NULL,'2025-04-29 05:12:00','2025-04-29 07:08:00'),(420,78,'2025-05-03 11:18:00',36,211,0,0,NULL,91,1,NULL,'2025-04-30 10:18:00','2025-04-30 11:00:00'),(421,78,'2025-05-06 11:18:00',35,994,0,0,NULL,95,1,NULL,'2025-04-30 10:18:00','2025-04-30 10:18:00'),(422,78,'2025-05-05 11:18:00',36,612,1,0,21,91,1,NULL,'2025-04-30 10:18:00','2025-04-30 11:14:00'),(423,79,'2025-05-06 16:24:00',35,505,0,0,NULL,94,1,NULL,'2025-05-01 15:24:00','2025-05-01 16:46:00'),(424,79,'2025-05-02 16:24:00',35,492,0,0,NULL,94,1,NULL,'2025-05-01 15:24:00','2025-05-01 16:07:00'),(425,79,'2025-05-05 16:24:00',35,814,0,0,NULL,91,1,NULL,'2025-05-01 15:24:00','2025-05-01 15:24:00'),(426,79,'2025-05-07 16:24:00',35,689,0,0,NULL,95,1,NULL,'2025-05-01 15:24:00','2025-05-01 15:24:00'),(427,79,'2025-05-04 16:24:00',35,650,0,0,NULL,95,1,NULL,'2025-05-01 15:24:00','2025-05-01 17:24:00'),(428,80,'2025-05-10 21:30:00',36,679,0,0,NULL,91,1,NULL,'2025-05-02 20:30:00','2025-05-02 22:02:00'),(429,80,'2025-05-04 21:30:00',36,550,1,0,14,92,1,NULL,'2025-05-02 20:30:00','2025-05-02 20:30:00'),(430,80,'2025-05-08 21:30:00',35,643,0,0,NULL,95,1,NULL,'2025-05-02 20:30:00','2025-05-02 21:49:00'),(431,80,'2025-05-11 21:30:00',36,827,1,0,17,94,1,NULL,'2025-05-02 20:30:00','2025-05-02 21:08:00'),(432,80,'2025-05-11 21:30:00',35,457,0,0,NULL,92,1,NULL,'2025-05-02 20:30:00','2025-05-02 20:30:00'),(433,80,'2025-05-12 21:30:00',36,133,1,0,8,92,1,NULL,'2025-05-02 20:30:00','2025-05-02 21:43:00'),(434,80,'2025-05-10 21:30:00',36,967,0,0,NULL,91,1,NULL,'2025-05-02 20:30:00','2025-05-02 20:30:00'),(435,80,'2025-05-03 21:30:00',35,724,0,0,NULL,94,1,NULL,'2025-05-02 20:30:00','2025-05-02 21:23:00'),(436,80,'2025-05-04 21:30:00',36,220,1,0,6,95,1,NULL,'2025-05-02 20:30:00','2025-05-02 22:21:00'),(437,81,'2025-05-14 02:36:00',36,963,0,0,NULL,92,1,NULL,'2025-05-04 01:36:00','2025-05-04 02:37:00'),(438,81,'2025-05-14 02:36:00',36,865,0,0,NULL,95,1,NULL,'2025-05-04 01:36:00','2025-05-04 02:12:00'),(439,81,'2025-05-13 02:36:00',35,584,0,0,NULL,95,1,NULL,'2025-05-04 01:36:00','2025-05-04 03:04:00'),(440,81,'2025-05-06 02:36:00',35,843,0,0,NULL,93,1,NULL,'2025-05-04 01:36:00','2025-05-04 02:21:00'),(441,81,'2025-05-10 02:36:00',36,414,0,0,NULL,91,1,NULL,'2025-05-04 01:36:00','2025-05-04 02:20:00'),(442,81,'2025-05-12 02:36:00',36,662,0,0,NULL,94,1,NULL,'2025-05-04 01:36:00','2025-05-04 02:35:00'),(443,81,'2025-05-14 02:36:00',35,114,0,0,NULL,92,1,NULL,'2025-05-04 01:36:00','2025-05-04 02:23:00'),(444,82,'2025-05-10 07:42:00',36,666,1,0,9,91,1,NULL,'2025-05-05 06:42:00','2025-05-05 08:41:00'),(445,82,'2025-05-13 07:42:00',36,610,0,0,NULL,94,1,NULL,'2025-05-05 06:42:00','2025-05-05 07:51:00'),(446,82,'2025-05-10 07:42:00',35,513,0,0,NULL,96,1,NULL,'2025-05-05 06:42:00','2025-05-05 08:29:00'),(447,83,'2025-05-14 12:48:00',36,175,1,0,10,92,1,NULL,'2025-05-06 11:48:00','2025-05-06 11:48:00'),(448,84,'2025-05-12 17:54:00',36,659,1,0,14,94,1,NULL,'2025-05-07 16:54:00','2025-05-07 17:41:00'),(449,84,'2025-05-16 17:54:00',36,485,1,0,16,93,1,NULL,'2025-05-07 16:54:00','2025-05-07 18:44:00'),(450,84,'2025-05-13 17:54:00',35,655,0,0,NULL,93,1,NULL,'2025-05-07 16:54:00','2025-05-07 17:41:00'),(451,84,'2025-05-15 17:54:00',36,577,0,0,NULL,95,1,NULL,'2025-05-07 16:54:00','2025-05-07 18:21:00'),(452,84,'2025-05-10 17:54:00',35,929,0,0,NULL,91,1,NULL,'2025-05-07 16:54:00','2025-05-07 17:52:00'),(453,85,'2025-05-09 23:00:00',35,859,0,0,NULL,91,1,NULL,'2025-05-08 22:00:00','2025-05-08 22:54:00'),(454,86,'2025-05-16 04:06:00',35,636,0,0,NULL,91,1,NULL,'2025-05-10 03:06:00','2025-05-10 04:57:00'),(455,86,'2025-05-13 04:06:00',36,267,0,0,NULL,96,1,NULL,'2025-05-10 03:06:00','2025-05-10 04:23:00'),(456,86,'2025-05-13 04:06:00',35,524,0,0,NULL,93,1,NULL,'2025-05-10 03:06:00','2025-05-10 04:36:00'),(457,86,'2025-05-18 04:06:00',36,871,0,0,12,95,1,NULL,'2025-05-10 03:06:00','2025-07-10 10:05:38'),(458,86,'2025-05-16 04:06:00',35,396,0,0,NULL,91,1,NULL,'2025-05-10 03:06:00','2025-05-10 04:37:00'),(459,86,'2025-05-20 04:06:00',36,293,1,0,20,95,1,NULL,'2025-05-10 03:06:00','2025-05-10 05:06:00'),(460,87,'2025-05-19 09:12:00',36,493,1,0,6,93,1,NULL,'2025-05-11 08:12:00','2025-05-11 09:41:00'),(461,87,'2025-05-14 09:12:00',35,680,0,0,NULL,91,1,NULL,'2025-05-11 08:12:00','2025-05-11 09:29:00'),(462,88,'2025-05-18 14:18:00',35,998,0,0,NULL,95,1,NULL,'2025-05-12 13:18:00','2025-05-12 15:12:00'),(463,88,'2025-05-20 14:18:00',36,354,1,0,7,96,1,NULL,'2025-05-12 13:18:00','2025-05-12 13:18:00'),(464,88,'2025-05-19 14:18:00',35,309,0,0,NULL,95,1,NULL,'2025-05-12 13:18:00','2025-05-12 13:18:00'),(465,88,'2025-05-20 14:18:00',35,694,0,0,NULL,91,1,NULL,'2025-05-12 13:18:00','2025-05-12 14:17:00'),(466,89,'2025-05-18 19:24:00',35,460,0,0,NULL,94,1,NULL,'2025-05-13 18:24:00','2025-05-13 18:24:00'),(467,89,'2025-05-22 19:24:00',35,671,0,0,NULL,91,1,NULL,'2025-05-13 18:24:00','2025-05-13 20:14:00'),(468,90,'2025-05-16 00:30:00',36,584,1,0,14,95,1,NULL,'2025-05-14 23:30:00','2025-05-15 01:22:00'),(469,90,'2025-05-16 00:30:00',35,814,0,0,NULL,94,1,NULL,'2025-05-14 23:30:00','2025-05-15 01:27:00'),(470,90,'2025-05-22 00:30:00',36,176,0,0,NULL,92,1,NULL,'2025-05-14 23:30:00','2025-05-15 01:04:00'),(471,90,'2025-05-18 00:30:00',35,904,0,0,NULL,92,1,NULL,'2025-05-14 23:30:00','2025-05-14 23:30:00'),(472,90,'2025-05-25 00:30:00',36,557,0,0,NULL,95,1,NULL,'2025-05-14 23:30:00','2025-05-15 01:03:00'),(473,90,'2025-05-23 00:30:00',35,215,0,0,NULL,91,1,NULL,'2025-05-14 23:30:00','2025-05-15 01:26:00'),(474,90,'2025-05-23 00:30:00',36,244,0,0,NULL,91,1,NULL,'2025-05-14 23:30:00','2025-05-15 00:51:00'),(475,91,'2025-05-22 05:36:00',35,109,0,0,NULL,94,1,NULL,'2025-05-16 04:36:00','2025-05-16 05:28:00'),(476,91,'2025-05-19 05:36:00',35,634,0,0,NULL,96,1,NULL,'2025-05-16 04:36:00','2025-05-16 05:17:00'),(477,91,'2025-05-18 05:36:00',35,440,0,0,NULL,95,1,NULL,'2025-05-16 04:36:00','2025-05-16 05:56:00'),(478,92,'2025-05-23 10:42:00',35,225,0,0,NULL,96,1,NULL,'2025-05-17 09:42:00','2025-05-17 10:40:00'),(479,92,'2025-05-23 10:42:00',35,308,0,0,NULL,96,1,NULL,'2025-05-17 09:42:00','2025-05-17 10:20:00'),(480,92,'2025-05-18 10:42:00',36,335,1,0,16,95,1,NULL,'2025-05-17 09:42:00','2025-05-17 09:42:00'),(481,92,'2025-05-26 10:42:00',36,876,1,0,23,96,1,NULL,'2025-05-17 09:42:00','2025-05-17 11:20:00'),(482,92,'2025-05-18 10:42:00',35,640,0,0,NULL,91,1,NULL,'2025-05-17 09:42:00','2025-05-17 11:05:00'),(483,92,'2025-05-23 10:42:00',35,805,0,0,NULL,92,1,NULL,'2025-05-17 09:42:00','2025-05-17 09:42:00'),(484,92,'2025-05-26 10:42:00',35,269,0,0,NULL,91,1,NULL,'2025-05-17 09:42:00','2025-05-17 10:54:00'),(485,92,'2025-05-20 10:42:00',35,580,0,0,NULL,91,1,NULL,'2025-05-17 09:42:00','2025-05-17 11:35:00'),(486,92,'2025-05-26 10:42:00',36,933,1,0,19,93,1,NULL,'2025-05-17 09:42:00','2025-05-17 11:26:00'),(487,93,'2025-05-21 15:48:00',36,258,0,0,NULL,92,1,NULL,'2025-05-18 14:48:00','2025-05-18 16:29:00'),(488,93,'2025-05-19 15:48:00',35,974,0,0,NULL,95,1,NULL,'2025-05-18 14:48:00','2025-05-18 15:57:00'),(489,93,'2025-05-24 15:48:00',36,232,1,0,10,92,1,NULL,'2025-05-18 14:48:00','2025-05-18 14:48:00'),(490,93,'2025-05-27 15:48:00',36,471,0,0,NULL,91,1,NULL,'2025-05-18 14:48:00','2025-05-18 16:10:00'),(491,93,'2025-05-26 15:48:00',35,457,0,0,NULL,91,1,NULL,'2025-05-18 14:48:00','2025-05-18 15:40:00'),(492,93,'2025-05-21 15:48:00',35,861,0,0,NULL,91,1,NULL,'2025-05-18 14:48:00','2025-05-18 16:14:00'),(493,94,'2025-05-21 20:54:00',35,344,0,0,NULL,94,1,NULL,'2025-05-19 19:54:00','2025-05-19 19:54:00'),(494,94,'2025-05-26 20:54:00',35,276,0,0,NULL,91,1,NULL,'2025-05-19 19:54:00','2025-05-19 20:32:00'),(495,94,'2025-05-28 20:54:00',35,449,0,0,NULL,95,1,NULL,'2025-05-19 19:54:00','2025-05-19 20:33:00'),(496,94,'2025-05-26 20:54:00',36,317,1,0,13,93,1,NULL,'2025-05-19 19:54:00','2025-05-19 19:54:00'),(497,94,'2025-05-20 20:54:00',36,997,1,0,10,91,1,NULL,'2025-05-19 19:54:00','2025-05-19 20:54:00'),(498,94,'2025-05-20 20:54:00',36,126,1,0,14,92,1,NULL,'2025-05-19 19:54:00','2025-05-19 19:54:00'),(499,94,'2025-05-29 20:54:00',36,559,0,0,NULL,91,1,NULL,'2025-05-19 19:54:00','2025-05-19 21:34:00'),(500,94,'2025-05-24 20:54:00',36,780,1,0,22,91,1,NULL,'2025-05-19 19:54:00','2025-05-19 21:16:00'),(501,94,'2025-05-21 20:54:00',36,695,0,0,NULL,96,1,NULL,'2025-05-19 19:54:00','2025-05-19 20:56:00'),(502,95,'2025-05-30 02:00:00',36,941,0,0,NULL,91,1,NULL,'2025-05-21 01:00:00','2025-05-21 01:00:00'),(503,95,'2025-05-30 02:00:00',36,427,1,0,5,91,1,NULL,'2025-05-21 01:00:00','2025-05-21 02:15:00'),(504,95,'2025-05-31 02:00:00',35,461,0,0,NULL,92,1,NULL,'2025-05-21 01:00:00','2025-05-21 01:35:00'),(505,95,'2025-05-25 02:00:00',35,975,0,0,NULL,92,1,NULL,'2025-05-21 01:00:00','2025-05-21 01:35:00'),(506,95,'2025-05-25 02:00:00',35,1000,0,0,NULL,94,1,NULL,'2025-05-21 01:00:00','2025-05-21 01:32:00'),(507,95,'2025-05-24 02:00:00',36,434,1,0,10,91,1,NULL,'2025-05-21 01:00:00','2025-05-21 02:02:00'),(508,96,'2025-05-29 07:06:00',36,221,1,0,6,91,1,NULL,'2025-05-22 06:06:00','2025-05-22 07:12:00'),(509,96,'2025-05-29 07:06:00',36,485,0,0,NULL,92,1,NULL,'2025-05-22 06:06:00','2025-05-22 07:13:00'),(510,96,'2025-05-29 07:06:00',35,871,0,0,NULL,92,1,NULL,'2025-05-22 06:06:00','2025-05-22 06:43:00'),(511,96,'2025-05-30 07:06:00',35,703,0,0,NULL,95,1,NULL,'2025-05-22 06:06:00','2025-08-01 12:25:38'),(512,96,'2025-05-25 07:06:00',36,224,1,0,13,91,1,NULL,'2025-05-22 06:06:00','2025-05-22 07:37:00'),(513,96,'2025-05-30 07:06:00',36,483,1,0,23,92,1,NULL,'2025-05-22 06:06:00','2025-05-22 06:06:00'),(514,96,'2025-05-26 07:06:00',35,411,0,0,NULL,94,1,NULL,'2025-05-22 06:06:00','2025-05-22 06:06:00'),(515,96,'2025-05-27 07:06:00',35,990,0,0,NULL,92,1,NULL,'2025-05-22 06:06:00','2025-05-22 06:58:00'),(516,96,'2025-05-31 07:06:00',35,447,0,0,NULL,92,1,NULL,'2025-05-22 06:06:00','2025-05-22 07:44:00'),(517,96,'2025-05-25 07:06:00',35,338,0,0,NULL,94,1,NULL,'2025-05-22 06:06:00','2025-05-22 07:44:00'),(518,97,'2025-05-25 12:12:00',35,684,0,0,NULL,94,1,NULL,'2025-05-23 11:12:00','2025-05-23 11:12:00'),(519,97,'2025-05-26 12:12:00',35,357,0,0,NULL,91,1,NULL,'2025-05-23 11:12:00','2025-05-23 12:46:00'),(520,97,'2025-05-30 12:12:00',35,723,0,0,NULL,97,0,'Se cancela','2025-05-23 11:12:00','2025-08-01 12:34:02'),(521,97,'2025-05-31 12:12:00',36,432,1,0,21,91,1,NULL,'2025-05-23 11:12:00','2025-05-23 13:06:00'),(522,97,'2025-05-27 12:12:00',36,224,0,0,NULL,91,1,NULL,'2025-05-23 11:12:00','2025-05-23 11:12:00'),(523,97,'2025-06-02 12:12:00',36,244,1,0,8,96,1,NULL,'2025-05-23 11:12:00','2025-05-23 13:02:00'),(524,97,'2025-05-29 12:12:00',36,567,0,0,NULL,92,1,NULL,'2025-05-23 11:12:00','2025-05-23 12:25:00'),(525,97,'2025-05-31 12:12:00',35,798,0,0,NULL,91,1,NULL,'2025-05-23 11:12:00','2025-05-23 11:12:00'),(526,97,'2025-05-29 12:12:00',36,694,1,0,17,94,1,NULL,'2025-05-23 11:12:00','2025-05-23 11:12:00'),(527,97,'2025-05-28 12:12:00',35,835,0,0,NULL,94,1,NULL,'2025-05-23 11:12:00','2025-05-23 11:12:00'),(528,98,'2025-05-25 17:18:00',36,957,0,0,NULL,91,1,NULL,'2025-05-24 16:18:00','2025-05-24 16:18:00'),(529,99,'2025-06-04 22:24:00',36,597,0,0,NULL,94,1,NULL,'2025-05-25 21:24:00','2025-05-25 22:43:00'),(530,99,'2025-06-03 22:24:00',35,608,0,0,NULL,92,1,NULL,'2025-05-25 21:24:00','2025-05-25 22:18:00'),(531,99,'2025-05-27 22:24:00',35,412,0,0,NULL,95,1,NULL,'2025-05-25 21:24:00','2025-05-25 23:23:00'),(532,99,'2025-05-27 22:24:00',35,667,0,0,NULL,91,1,NULL,'2025-05-25 21:24:00','2025-05-25 23:16:00'),(533,99,'2025-05-28 22:24:00',36,662,0,0,NULL,95,1,NULL,'2025-05-25 21:24:00','2025-07-18 01:23:30'),(534,100,'2025-05-29 03:30:00',35,649,0,0,NULL,91,1,NULL,'2025-05-27 02:30:00','2025-05-27 04:27:00'),(535,101,'2025-05-30 08:36:00',36,439,0,0,NULL,91,1,NULL,'2025-05-28 07:36:00','2025-05-28 08:15:00'),(536,101,'2025-05-30 08:36:00',35,235,0,0,NULL,91,1,NULL,'2025-05-28 07:36:00','2025-05-28 08:58:00'),(537,101,'2025-06-06 08:36:00',35,413,0,0,NULL,94,1,NULL,'2025-05-28 07:36:00','2025-05-28 07:36:00'),(538,101,'2025-05-31 08:36:00',35,926,0,0,NULL,92,1,NULL,'2025-05-28 07:36:00','2025-05-28 09:18:00'),(539,102,'2025-05-31 13:42:00',36,327,1,0,17,91,1,NULL,'2025-05-29 12:42:00','2025-05-29 13:38:00'),(540,102,'2025-06-08 13:42:00',36,277,1,0,24,94,1,NULL,'2025-05-29 12:42:00','2025-05-29 13:55:00'),(541,102,'2025-06-02 13:42:00',36,257,0,0,NULL,91,1,NULL,'2025-05-29 12:42:00','2025-05-29 12:42:00'),(542,102,'2025-05-31 13:42:00',36,313,1,0,13,92,1,NULL,'2025-05-29 12:42:00','2025-05-29 13:30:00'),(543,102,'2025-06-06 13:42:00',36,304,1,0,7,92,1,NULL,'2025-05-29 12:42:00','2025-06-11 17:54:17'),(544,102,'2025-06-08 13:42:00',36,430,1,0,16,94,1,NULL,'2025-05-29 12:42:00','2025-05-29 14:08:00'),(545,102,'2025-06-08 13:42:00',36,715,1,0,7,92,1,NULL,'2025-05-29 12:42:00','2025-05-29 12:42:00'),(546,103,'2025-06-05 18:48:00',36,336,1,0,21,96,1,NULL,'2025-05-30 17:48:00','2025-05-30 18:58:00'),(547,103,'2025-06-06 18:48:00',36,652,0,0,NULL,95,1,NULL,'2025-05-30 17:48:00','2025-08-01 12:19:59'),(548,103,'2025-06-04 18:48:00',35,720,0,0,NULL,94,1,NULL,'2025-05-30 17:48:00','2025-05-30 19:48:00'),(549,103,'2025-06-09 18:48:00',35,520,0,0,NULL,94,1,NULL,'2025-05-30 17:48:00','2025-05-30 17:48:00'),(550,103,'2025-06-01 18:48:00',35,229,0,0,NULL,94,1,NULL,'2025-05-30 17:48:00','2025-07-17 16:00:03'),(551,103,'2025-06-03 18:48:00',36,570,1,0,12,92,1,NULL,'2025-05-30 17:48:00','2025-06-12 20:31:18'),(552,104,'2025-06-04 23:54:00',35,839,0,0,NULL,95,1,NULL,'2025-05-31 22:54:00','2025-05-31 23:25:00'),(553,105,'2025-06-20 15:00:00',36,200,0,0,12,91,1,NULL,'2025-06-13 15:01:59','2025-06-13 15:01:59'),(554,106,'2025-07-01 12:00:00',36,100,0,0,10,91,1,NULL,'2025-06-13 20:56:48','2025-06-13 20:56:48'),(555,106,'2025-07-02 13:00:00',35,200,0,0,NULL,91,1,NULL,'2025-06-13 20:56:48','2025-06-13 20:56:48'),(556,106,'2025-07-03 14:00:00',36,300,0,0,NULL,91,1,NULL,'2025-06-13 20:56:48','2025-06-13 20:56:48'),(557,107,'2025-07-12 10:00:00',35,100,0,0,20,91,1,NULL,'2025-06-13 22:37:07','2025-06-13 22:37:07'),(558,107,'2025-07-12 18:00:00',36,200,0,0,NULL,91,1,NULL,'2025-06-13 22:37:07','2025-06-13 22:37:07'),(559,108,'2025-07-12 19:00:00',35,100,0,0,50,91,1,NULL,'2025-06-13 22:43:10','2025-06-13 22:43:10'),(560,108,'2025-07-12 20:00:00',36,200,0,0,NULL,91,1,NULL,'2025-06-13 22:43:10','2025-06-13 22:43:10'),(561,109,'2025-07-01 01:00:00',35,1,0,0,NULL,91,1,NULL,'2025-06-14 13:24:34','2025-06-14 13:24:34'),(562,109,'2025-07-02 02:00:00',36,2,0,0,NULL,91,1,NULL,'2025-06-14 13:24:34','2025-06-14 13:24:34'),(563,110,'2025-07-01 01:00:00',35,100,0,0,NULL,91,1,NULL,'2025-06-14 15:43:56','2025-06-14 15:43:56'),(564,110,'2025-07-02 02:00:00',36,200,0,0,NULL,91,1,NULL,'2025-06-14 15:43:56','2025-06-14 15:43:56'),(565,111,'2025-07-01 01:00:00',35,100,0,0,NULL,91,1,NULL,'2025-06-14 15:47:29','2025-06-14 15:47:29'),(566,112,'2025-07-01 01:00:00',35,100,0,0,NULL,91,1,NULL,'2025-06-14 15:48:46','2025-06-14 15:48:46'),(567,113,'2025-07-01 01:00:00',35,50000,0,0,NULL,95,1,NULL,'2025-06-14 15:50:40','2025-07-09 22:30:14'),(568,114,'2025-07-12 12:00:00',35,100,0,0,NULL,95,1,NULL,'2025-06-14 15:59:54','2025-08-28 01:14:06'),(569,115,'2025-07-01 01:00:00',35,300,0,0,NULL,91,1,NULL,'2025-06-16 15:37:25','2025-06-17 12:55:40'),(570,116,'2025-07-01 01:00:00',36,200,1,0,10,95,1,NULL,'2025-06-17 12:00:21','2025-08-28 01:14:06'),(571,117,'2025-07-01 01:00:00',35,100,0,0,NULL,91,1,NULL,'2025-06-17 15:34:31','2025-06-17 15:34:31'),(572,118,'2025-07-01 01:00:00',36,300,0,0,NULL,91,1,NULL,'2025-06-17 15:39:26','2025-06-17 16:13:41'),(573,119,'2025-07-01 01:00:00',35,100,0,0,NULL,97,1,NULL,'2025-06-17 15:46:55','2025-07-17 17:04:14'),(574,120,'2025-07-01 01:00:00',35,1000,0,0,NULL,92,1,NULL,'2025-06-17 16:33:06','2025-06-17 17:26:23'),(575,121,'2025-07-01 01:00:00',36,300,1,0,12,95,1,NULL,'2025-06-17 16:48:14','2025-06-25 11:57:37'),(576,122,'2025-07-01 01:00:00',35,100,0,0,0,91,1,NULL,'2025-06-17 17:40:52','2025-06-17 17:40:52'),(577,122,'2025-07-02 02:00:00',36,200,0,0,400,91,1,NULL,'2025-06-17 17:40:52','2025-06-17 17:40:52'),(578,122,'2025-07-03 03:00:00',36,300,0,0,NULL,91,1,NULL,'2025-06-17 17:40:52','2025-06-17 17:40:52'),(579,122,'2025-07-04 04:00:00',36,400,0,0,NULL,91,1,NULL,'2025-06-17 17:40:52','2025-06-17 17:40:52'),(580,123,'2025-07-01 01:00:00',35,100,0,0,0,91,1,NULL,'2025-06-17 17:52:57','2025-06-17 17:52:57'),(581,123,'2025-07-02 02:00:00',36,200,0,0,400,91,1,NULL,'2025-06-17 17:52:57','2025-06-17 17:52:57'),(582,123,'2025-07-03 03:00:00',36,300,0,0,NULL,91,1,NULL,'2025-06-17 17:52:57','2025-06-17 17:52:57'),(583,123,'2025-07-04 04:00:00',36,400,0,0,NULL,91,1,NULL,'2025-06-17 17:52:57','2025-06-17 17:52:57'),(584,124,'2025-07-01 01:00:00',35,100,1,0,0,91,1,NULL,'2025-06-17 18:01:24','2025-06-17 18:01:24'),(585,124,'2025-07-02 02:00:00',36,200,1,0,400,91,1,NULL,'2025-06-17 18:01:24','2025-06-17 18:01:24'),(586,124,'2025-04-03 03:00:00',36,300,0,0,NULL,91,1,NULL,'2025-06-17 18:01:24','2025-06-17 18:01:24'),(587,124,'2025-04-04 04:00:00',36,400,0,0,NULL,91,1,NULL,'2025-06-17 18:01:24','2025-06-17 18:01:24'),(588,125,'2025-07-01 01:00:00',35,100,0,0,0,91,1,NULL,'2025-06-17 18:23:17','2025-06-17 18:23:17'),(589,125,'2025-07-02 02:00:00',36,200,0,0,400,91,1,NULL,'2025-06-17 18:23:17','2025-06-17 18:23:17'),(590,125,'2025-07-03 03:00:00',36,300,0,0,NULL,91,1,NULL,'2025-06-17 18:23:17','2025-06-17 18:23:17'),(591,125,'2025-07-04 04:00:00',36,400,0,0,NULL,91,1,NULL,'2025-06-17 18:23:17','2025-06-17 18:23:17'),(592,126,'2025-02-01 01:00:00',35,100,1,0,0,91,1,NULL,'2025-06-17 18:36:26','2025-06-17 18:36:26'),(593,126,'2025-07-02 02:00:00',36,200,1,0,400,91,1,NULL,'2025-06-17 18:36:26','2025-06-17 18:36:26'),(594,126,'2025-07-03 03:00:00',36,300,0,0,NULL,91,1,NULL,'2025-06-17 18:36:26','2025-06-17 18:36:26'),(595,126,'2025-07-04 04:00:00',36,400,0,0,NULL,91,1,NULL,'2025-06-17 18:36:26','2025-06-17 18:36:26'),(596,127,'2025-07-01 01:00:00',35,100,1,0,0,91,1,NULL,'2025-06-17 18:40:50','2025-06-17 18:40:50'),(597,127,'2025-07-02 02:00:00',36,200,1,0,400,91,1,NULL,'2025-06-17 18:40:50','2025-06-17 18:40:50'),(598,127,'2025-07-03 03:00:00',36,300,0,0,NULL,91,1,NULL,'2025-06-17 18:40:50','2025-06-17 18:40:50'),(599,127,'2025-07-04 04:00:00',36,400,0,0,NULL,91,1,NULL,'2025-06-17 18:40:50','2025-06-17 18:40:50'),(600,128,'2025-07-01 01:00:00',35,100,0,0,NULL,91,1,NULL,'2025-06-17 18:54:33','2025-06-17 18:54:33'),(601,128,'2025-07-02 02:00:00',36,200,0,0,NULL,91,1,NULL,'2025-06-17 18:54:33','2025-06-17 18:54:33'),(602,128,'2025-07-03 03:00:00',36,300,1,0,0,91,1,NULL,'2025-06-17 18:54:33','2025-06-17 18:54:33'),(603,128,'2025-07-03 04:00:00',36,400,1,0,400,91,1,NULL,'2025-06-17 18:54:33','2025-06-17 18:54:33'),(604,129,'2025-07-01 01:00:00',35,100,0,0,NULL,91,1,NULL,'2025-06-17 19:04:14','2025-06-17 19:04:14'),(605,129,'2025-07-02 02:00:00',36,200,0,0,NULL,91,1,NULL,'2025-06-17 19:04:14','2025-06-17 19:04:14'),(606,129,'2025-07-03 03:00:00',36,300,1,0,0,91,1,NULL,'2025-06-17 19:04:14','2025-06-17 19:04:14'),(607,129,'2025-07-04 04:00:00',36,400,1,0,400,91,1,NULL,'2025-06-17 19:04:14','2025-06-17 19:04:14'),(608,130,'2025-07-01 01:00:00',35,101,0,0,NULL,91,1,NULL,'2025-06-17 19:08:23','2025-06-18 10:36:00'),(609,130,'2025-07-02 02:00:00',36,2020,0,0,0,92,1,NULL,'2025-06-17 19:08:23','2025-07-17 16:44:32'),(610,130,'2025-07-03 03:00:00',36,301,1,0,300,92,1,NULL,'2025-06-17 19:08:23','2025-06-18 10:37:51'),(611,130,'2025-07-04 04:00:00',36,402,1,0,400,97,1,NULL,'2025-06-17 19:08:23','2025-06-26 00:09:44'),(616,135,'2025-07-12 01:00:00',36,100,1,0,24,94,1,NULL,'2025-06-27 23:45:39','2025-06-27 23:45:39'),(617,136,'2025-08-08 10:00:00',36,100,1,0,12,95,1,NULL,'2025-06-27 23:49:20','2025-08-29 05:30:12'),(618,137,'2025-07-01 01:00:00',36,100,1,0,12,94,1,NULL,'2025-06-28 00:15:57','2025-06-28 00:15:57'),(619,138,'2025-10-04 12:00:00',36,100,1,0,12,94,1,NULL,'2025-06-28 00:45:22','2025-06-28 00:45:22'),(620,139,'2024-07-12 12:00:00',36,100,1,0,12,95,1,NULL,'2025-06-28 00:48:01','2025-08-28 01:30:15'),(621,139,'2026-02-18 12:00:00',36,200,1,0,24,94,1,NULL,'2025-06-28 00:48:01','2025-06-28 00:48:01'),(622,140,'2025-07-12 12:00:00',36,100,1,0,12,94,1,NULL,'2025-06-28 00:50:13','2025-06-28 00:50:13'),(623,140,'2025-07-12 18:00:00',35,200,0,0,NULL,94,1,NULL,'2025-06-28 00:50:13','2025-06-28 00:50:13'),(624,141,'2025-07-12 10:00:00',36,10,1,0,12,94,1,NULL,'2025-06-28 01:07:21','2025-06-28 01:07:21'),(625,141,'2025-07-12 11:00:00',36,20,1,0,24,94,1,NULL,'2025-06-28 01:07:21','2025-06-28 01:07:21'),(626,142,'2025-07-12 12:00:00',35,10,0,0,NULL,94,1,NULL,'2025-06-28 01:23:17','2025-06-28 01:23:17'),(627,142,'2025-07-12 13:00:00',35,10,0,0,NULL,94,1,NULL,'2025-06-28 01:23:17','2025-06-28 01:23:17'),(628,143,'2025-07-12 12:00:00',35,10,0,0,NULL,94,1,NULL,'2025-06-28 01:28:27','2025-06-28 01:28:27'),(629,143,'2025-07-12 16:00:00',35,10,0,0,NULL,94,1,NULL,'2025-06-28 01:28:27','2025-06-28 01:28:27'),(630,144,'2025-07-12 12:00:00',35,10,0,0,NULL,94,1,NULL,'2025-06-28 01:40:13','2025-06-28 01:40:13'),(631,144,'2025-07-12 20:00:00',35,10,0,0,NULL,94,1,NULL,'2025-06-28 01:40:13','2025-06-28 01:40:13'),(632,145,'2025-07-12 12:00:00',36,100,1,0,10,94,1,NULL,'2025-06-28 01:51:21','2025-06-28 01:51:21'),(633,145,'2025-07-12 01:00:00',36,200,1,0,0,94,1,NULL,'2025-06-28 01:51:21','2025-06-28 01:51:21'),(634,146,'2025-07-01 12:00:00',36,100,1,0,12,91,1,NULL,'2025-06-30 00:52:43','2025-06-30 00:52:43'),(635,146,'2025-07-02 11:00:00',35,200,0,0,NULL,91,1,NULL,'2025-06-30 00:52:43','2025-06-30 00:52:43'),(636,146,'2025-07-03 10:00:00',36,300,0,0,0,91,1,NULL,'2025-06-30 00:52:43','2025-06-30 00:52:43'),(637,146,'2025-07-04 09:00:00',36,400,1,0,24,91,1,NULL,'2025-06-30 00:52:43','2025-06-30 00:52:43'),(638,146,'2025-07-05 08:00:00',36,500,1,0,0,91,1,NULL,'2025-06-30 00:52:43','2025-06-30 00:52:43'),(639,147,'2025-07-01 12:00:00',36,100,1,0,12,91,1,NULL,'2025-06-30 11:41:20','2025-06-30 11:41:20'),(640,147,'2025-07-02 11:00:00',35,200,0,0,NULL,91,1,NULL,'2025-06-30 11:41:20','2025-06-30 11:41:20'),(641,147,'2025-07-03 10:00:00',36,300,0,0,0,91,1,NULL,'2025-06-30 11:41:20','2025-06-30 11:41:20'),(642,147,'2025-07-04 09:00:00',36,400,1,0,24,91,1,NULL,'2025-06-30 11:41:20','2025-06-30 11:41:20'),(643,147,'2025-07-05 08:00:00',36,500,1,0,0,91,1,NULL,'2025-06-30 11:41:20','2025-06-30 11:41:20'),(644,148,'2025-07-01 12:00:00',36,100,1,0,12,91,1,NULL,'2025-06-30 17:33:26','2025-06-30 17:33:26'),(645,148,'2025-07-02 11:00:00',35,200,0,0,NULL,91,1,NULL,'2025-06-30 17:33:26','2025-06-30 17:33:26'),(646,148,'2025-07-03 10:00:00',36,300,0,0,0,91,1,NULL,'2025-06-30 17:33:26','2025-06-30 17:33:26'),(647,148,'2025-07-04 09:00:00',36,400,1,0,24,91,1,NULL,'2025-06-30 17:33:26','2025-06-30 17:33:26'),(648,148,'2025-07-05 08:00:00',36,500,1,0,0,91,1,NULL,'2025-06-30 17:33:26','2025-06-30 17:33:26'),(649,149,'2025-07-01 12:00:00',36,100,1,0,12,91,1,NULL,'2025-06-30 21:03:28','2025-06-30 21:03:28'),(650,149,'2025-07-02 11:00:00',36,200,1,0,12,91,1,NULL,'2025-06-30 21:03:28','2025-06-30 22:57:53'),(651,149,'2025-07-03 10:00:00',36,300,1,0,0,91,1,NULL,'2025-06-30 21:03:28','2025-06-30 22:55:59'),(652,149,'2025-07-04 09:00:00',36,400,1,0,24,91,1,NULL,'2025-06-30 21:03:28','2025-06-30 21:03:28'),(653,149,'2025-07-05 08:00:00',36,500,1,0,0,91,1,NULL,'2025-06-30 21:03:28','2025-06-30 21:03:28'),(654,149,'2025-07-01 08:00:00',36,601,0,0,0,91,1,NULL,'2025-06-30 21:03:28','2025-06-30 23:30:31'),(655,150,'2025-07-01 12:00:00',35,100,0,0,NULL,91,1,NULL,'2025-06-30 23:37:39','2025-06-30 23:37:39'),(656,150,'2025-07-02 10:00:00',36,200,0,0,0,91,1,NULL,'2025-06-30 23:37:39','2025-07-01 15:09:07'),(658,152,'2025-07-12 12:00:00',36,100,1,0,12,95,1,NULL,'2025-07-02 18:54:58','2025-08-27 20:27:59'),(659,153,'2025-08-01 12:00:00',36,100,1,0,12,97,0,'Se cancela retiro a solicitud','2025-07-03 02:23:32','2025-08-01 11:55:17'),(660,153,'2025-08-02 11:00:00',35,200,0,0,NULL,96,1,NULL,'2025-07-03 02:23:32','2025-07-15 20:28:09'),(661,154,'2025-08-06 13:00:00',35,600,0,0,NULL,97,0,NULL,'2025-07-03 20:19:41','2025-07-05 17:42:05'),(662,154,'2025-08-02 11:00:00',35,200,0,0,NULL,97,0,NULL,'2025-07-03 20:19:41','2025-07-05 17:42:42'),(663,154,'2025-08-03 10:00:00',36,300,0,0,0,91,1,NULL,'2025-07-03 20:19:41','2025-07-03 20:19:41'),(664,154,'2025-08-04 09:00:00',36,400,1,0,24,92,1,NULL,'2025-07-03 20:19:41','2025-07-18 16:08:54'),(665,154,'2025-08-05 08:00:00',36,500,1,0,0,91,1,NULL,'2025-07-03 20:19:41','2025-07-03 20:19:41'),(666,155,'2025-07-16 08:00:00',36,2000,1,0,11,95,1,NULL,'2025-07-15 19:43:56','2025-07-15 20:25:49'),(667,156,'2025-07-15 12:00:00',36,3000,1,0,4,96,1,NULL,'2025-07-15 19:49:25','2025-07-16 21:52:08'),(668,157,'2025-07-15 18:00:00',35,4000,0,0,NULL,96,1,NULL,'2025-07-15 20:33:07','2025-07-17 16:01:12'),(669,158,'2025-07-17 14:00:00',35,10000,0,0,NULL,95,1,NULL,'2025-07-17 17:02:11','2025-07-18 00:59:07'),(670,159,'2025-07-18 07:30:00',35,500,0,0,NULL,96,1,NULL,'2025-07-17 18:53:18','2025-07-18 14:21:48'),(671,159,'2025-07-18 08:00:00',36,600,1,0,3,96,1,NULL,'2025-07-17 18:53:18','2025-07-18 14:21:38'),(672,160,'2025-07-19 10:00:00',35,3000,0,0,NULL,95,1,NULL,'2025-07-18 15:56:42','2025-07-18 16:19:59'),(673,160,'2025-07-19 08:30:00',36,1000,1,0,1,97,1,NULL,'2025-07-18 15:56:42','2025-07-18 16:37:26'),(674,161,'2025-07-19 10:00:00',35,14000,0,0,NULL,95,1,NULL,'2025-07-18 16:24:36','2025-07-18 16:26:10'),(675,162,'2025-07-18 16:00:00',35,12000,0,0,NULL,96,1,NULL,'2025-07-18 16:29:02','2025-07-18 16:41:32'),(676,163,'2025-07-18 17:00:00',36,6000,0,0,0,97,0,NULL,'2025-07-18 16:30:49','2025-07-18 16:32:51'),(677,164,'2025-07-23 09:00:00',35,1000,0,0,NULL,95,1,NULL,'2025-07-22 14:55:01','2025-07-23 14:28:32'),(678,165,'2025-07-23 09:00:00',35,2000,0,0,NULL,95,1,NULL,'2025-07-22 14:55:06','2025-07-23 14:28:32'),(679,166,'2025-07-23 11:02:00',35,2000,0,0,NULL,95,1,NULL,'2025-07-22 15:03:05','2025-07-23 14:28:32'),(680,167,'2025-07-23 11:02:00',35,2000,0,0,NULL,95,1,NULL,'2025-07-22 15:03:10','2025-07-23 14:28:32'),(681,168,'2025-07-23 14:38:00',36,2500,1,0,10,95,1,NULL,'2025-07-22 18:38:36','2025-07-23 14:28:32'),(682,169,'2025-07-23 14:40:00',35,4500,0,0,NULL,95,1,NULL,'2025-07-22 18:41:15','2025-07-23 14:28:32'),(683,169,'2025-07-23 14:41:00',36,3000,1,0,5,95,1,NULL,'2025-07-22 18:41:15','2025-07-23 14:28:32'),(684,170,'2025-07-23 14:47:00',35,5000,0,0,NULL,95,1,NULL,'2025-07-22 18:47:49','2025-07-23 14:28:32'),(685,170,'2025-07-23 14:47:00',36,1000,1,0,5,95,1,NULL,'2025-07-22 18:47:49','2025-07-23 14:28:32'),(686,171,'2025-07-22 14:51:00',35,3000,0,0,NULL,95,1,NULL,'2025-07-22 18:52:16','2025-07-23 14:28:32'),(687,172,'2025-07-23 16:52:00',35,1000,0,0,NULL,91,1,NULL,'2025-07-23 20:53:00','2025-07-23 20:53:00'),(688,173,'2025-07-23 16:52:00',35,1000,0,0,NULL,95,1,NULL,'2025-07-23 20:53:02','2025-08-01 12:19:58'),(689,174,'2025-07-25 09:00:00',35,1500,0,0,NULL,91,1,NULL,'2025-07-25 02:33:00','2025-07-25 02:33:00'),(690,175,'2025-07-25 09:00:00',35,2000,0,0,NULL,91,1,NULL,'2025-07-25 02:34:17','2025-07-25 02:34:17'),(691,176,'2025-07-25 10:00:00',35,2000,0,0,NULL,91,1,NULL,'2025-07-25 02:35:10','2025-07-25 02:35:10'),(692,177,'2025-07-25 09:30:00',35,3000,0,0,NULL,91,1,NULL,'2025-07-25 03:32:59','2025-07-25 03:32:59'),(693,178,'2025-07-25 10:00:00',35,6000,0,0,NULL,95,1,NULL,'2025-07-25 03:38:53','2025-08-27 20:27:59'),(694,179,'2025-07-25 10:00:00',35,6000,0,0,NULL,95,1,NULL,'2025-07-25 03:40:41','2025-08-27 20:27:59'),(695,180,'2025-07-25 11:00:00',35,3000,0,0,NULL,95,1,NULL,'2025-07-25 03:42:58','2025-08-27 20:27:59'),(696,181,'2025-08-25 12:00:00',35,6000,0,0,NULL,91,1,NULL,'2025-07-25 03:43:42','2025-09-01 20:10:32'),(697,182,'2025-07-24 13:00:00',35,3000,0,0,NULL,95,1,NULL,'2025-07-25 03:45:17','2025-08-27 20:27:59'),(698,183,'2025-07-31 21:00:00',36,100,1,0,12,93,1,NULL,'2025-07-31 16:54:14','2025-08-01 12:52:58'),(699,184,'2025-08-01 11:00:00',35,5000,0,0,NULL,95,1,NULL,'2025-08-01 10:58:25','2025-08-01 11:39:45'),(700,184,'2025-08-01 12:00:00',36,4000,0,0,0,95,1,NULL,'2025-08-01 10:58:25','2025-08-01 11:39:45'),(701,184,'2025-08-01 13:00:00',36,3000,1,0,2,95,1,NULL,'2025-08-01 10:58:25','2025-08-01 11:39:45'),(702,185,'2025-08-01 13:00:00',36,6000,1,0,6,95,1,NULL,'2025-08-01 11:47:27','2025-08-01 11:51:40'),(703,186,'2025-11-20 12:00:00',35,1000,0,0,NULL,94,1,NULL,'2025-08-17 21:59:54','2025-08-17 21:59:54'),(704,187,'2025-11-20 12:00:00',35,1000,0,0,NULL,94,1,NULL,'2025-08-17 22:03:24','2025-08-17 22:03:24'),(705,187,'2025-12-20 12:00:00',35,1000,0,0,NULL,97,0,'Probando.','2025-08-17 22:03:24','2025-08-17 22:13:00'),(706,188,'2025-10-18 12:00:00',35,1000,0,0,NULL,94,1,NULL,'2025-08-17 22:12:27','2025-08-17 22:12:27'),(707,188,'2025-10-20 12:00:00',35,2000,0,0,NULL,94,1,NULL,'2025-08-17 22:12:27','2025-08-17 22:12:27'),(708,189,'2026-01-10 12:42:00',36,0,0,0,0,91,1,NULL,'2026-01-10 15:43:18','2026-01-10 15:43:18'),(709,190,'2026-01-12 08:00:00',35,1,0,0,NULL,91,1,NULL,'2026-01-11 04:28:41','2026-01-11 04:28:41'),(710,191,'2026-01-12 08:00:00',35,1,0,0,NULL,91,1,NULL,'2026-01-11 15:03:41','2026-01-11 15:03:41'),(711,192,'2026-01-12 09:00:00',35,1,0,0,NULL,91,1,NULL,'2026-01-11 15:41:59','2026-01-11 15:41:59'),(712,193,'2026-01-12 10:00:00',35,1,0,0,NULL,91,1,NULL,'2026-01-11 15:52:29','2026-01-11 15:52:29'),(713,194,'2026-01-12 12:00:00',36,10,1,0,10,94,1,NULL,'2026-01-11 15:57:26','2026-01-11 15:57:26'),(714,195,'2026-01-12 13:00:00',35,1,0,0,NULL,91,1,NULL,'2026-01-11 16:13:29','2026-01-11 16:13:29'),(715,196,'2026-01-12 14:00:00',35,1,0,0,NULL,94,1,NULL,'2026-01-11 16:14:27','2026-01-11 16:14:27'),(716,197,'2026-01-12 15:00:00',35,1,0,0,NULL,91,1,NULL,'2026-01-11 16:17:26','2026-01-11 16:17:26'),(717,198,'2026-01-12 16:00:00',35,1,0,0,NULL,94,1,NULL,'2026-01-11 16:18:31','2026-01-11 16:18:31'),(718,199,'2026-01-12 17:00:00',35,1,0,0,NULL,91,1,NULL,'2026-01-11 16:23:53','2026-01-11 16:23:53'),(719,200,'2026-01-12 18:00:00',35,1,0,0,NULL,91,1,NULL,'2026-01-11 16:24:42','2026-01-11 16:24:42'),(720,201,'2026-01-12 19:00:00',35,1,0,0,NULL,94,1,NULL,'2026-01-11 16:25:39','2026-01-11 16:25:39'),(721,202,'2026-01-12 20:00:00',35,1,0,0,NULL,94,1,NULL,'2026-01-11 16:26:16','2026-01-11 16:26:16'),(722,203,'2026-01-12 21:00:00',35,1,0,0,NULL,91,1,NULL,'2026-01-11 17:21:49','2026-01-11 17:21:49'),(723,204,'2026-01-12 22:00:00',36,1,1,0,NULL,91,1,NULL,'2026-01-11 17:22:53','2026-01-11 17:22:53'),(724,205,'2026-01-12 08:00:00',36,1,0,0,NULL,91,1,NULL,'2026-01-11 17:23:47','2026-01-11 17:23:47'),(725,206,'2026-01-12 08:00:00',35,1,0,0,NULL,91,1,NULL,'2026-01-11 17:51:40','2026-01-11 17:51:40'),(726,208,'2026-01-12 08:00:00',35,1,0,0,NULL,91,1,NULL,'2026-01-11 18:51:41','2026-01-11 18:51:41'),(727,209,'2026-01-12 09:00:00',36,1,0,0,NULL,91,1,NULL,'2026-01-11 18:52:37','2026-01-11 18:52:37'),(728,210,'2026-01-12 08:00:00',36,1,0,0,NULL,91,1,NULL,'2026-01-11 20:22:51','2026-01-11 20:22:51'),(729,211,'2026-01-12 09:00:00',35,1,0,0,NULL,91,1,NULL,'2026-01-11 20:23:48','2026-01-11 20:23:48'),(730,212,'2026-01-12 09:00:00',36,3,0,0,NULL,91,1,NULL,'2026-01-11 20:42:10','2026-01-11 20:42:10'),(731,212,'2026-01-12 09:00:00',36,3,0,0,NULL,91,1,NULL,'2026-01-11 20:42:10','2026-01-11 20:42:10'),(732,212,'2026-01-12 12:00:00',36,1,0,0,NULL,91,1,NULL,'2026-01-11 20:42:10','2026-01-11 20:42:10'),(733,212,'2026-01-12 12:00:00',36,1,0,0,NULL,91,1,NULL,'2026-01-11 20:42:10','2026-01-11 20:42:10'),(734,213,'2026-01-12 12:00:00',36,1,0,0,0,91,1,NULL,'2026-01-11 20:43:54','2026-01-11 20:43:54'),(735,213,'2026-01-12 13:00:00',36,2,0,0,NULL,91,1,NULL,'2026-01-11 20:43:54','2026-01-11 20:43:54'),(736,214,'2026-01-12 10:00:00',36,1,0,0,NULL,91,1,NULL,'2026-01-11 20:58:24','2026-01-11 20:58:24'),(737,214,'2026-01-12 11:00:00',36,3,0,0,NULL,91,1,NULL,'2026-01-11 20:58:24','2026-01-11 20:58:24'),(738,215,'2026-01-12 12:00:00',36,1,0,0,NULL,91,1,NULL,'2026-01-11 20:59:13','2026-01-11 20:59:13'),(739,216,'2026-01-12 14:00:00',36,3,0,0,0,91,1,NULL,'2026-01-11 20:59:43','2026-01-11 20:59:43'),(740,217,'2026-01-12 10:00:00',36,1,0,0,NULL,91,1,NULL,'2026-01-11 21:22:12','2026-01-11 21:22:12'),(741,217,'2026-01-12 11:00:00',36,1,1,0,33,91,1,NULL,'2026-01-11 21:22:12','2026-01-17 15:18:56'),(742,218,'2026-01-12 11:00:00',36,1,0,0,NULL,91,1,NULL,'2026-01-11 21:22:44','2026-01-11 21:22:44'),(743,218,'2026-01-12 12:00:00',36,3,0,0,NULL,91,1,NULL,'2026-01-11 21:22:44','2026-01-11 21:22:44'),(744,219,'2026-01-19 10:00:00',36,6,1,0,6,91,1,NULL,'2026-01-15 20:55:16','2026-01-17 15:51:57'),(745,220,'2026-01-15 05:00:00',36,300,1,0,12,97,0,'Probando anulación.','2026-01-16 19:38:54','2026-01-17 15:55:45'),(746,221,'2026-01-15 10:00:00',36,69,1,0,12,93,1,NULL,'2026-01-16 19:39:40','2026-01-17 15:54:10'),(747,222,'2026-01-20 12:00:00',36,10,1,0,1,91,1,NULL,'2026-01-17 15:57:20','2026-01-17 15:57:20'),(748,222,'2026-01-20 13:00:00',36,11,0,0,NULL,91,1,NULL,'2026-01-17 15:57:20','2026-01-17 15:57:20'),(749,223,'2026-01-20 12:00:00',36,11,1,0,1,91,1,NULL,'2026-01-17 15:58:23','2026-01-17 15:58:23'),(750,223,'2026-01-20 13:00:00',36,12,1,0,2,91,1,NULL,'2026-01-17 15:58:23','2026-01-17 15:59:07'),(751,224,'2026-01-20 12:00:00',35,10,0,0,NULL,91,1,NULL,'2026-01-17 19:10:14','2026-01-17 19:10:14'),(752,224,'2026-01-20 13:00:00',36,11,0,0,NULL,91,1,NULL,'2026-01-17 19:10:14','2026-01-17 19:10:14'),(753,225,'2026-01-20 20:00:00',35,1,0,0,NULL,91,1,NULL,'2026-01-17 19:18:37','2026-01-17 19:18:37'),(754,225,'2026-01-20 21:00:00',35,2,0,0,NULL,91,1,NULL,'2026-01-17 19:18:37','2026-01-17 19:18:37'),(755,226,'2026-01-20 10:00:00',35,1,0,0,NULL,91,1,NULL,'2026-01-17 19:19:27','2026-01-17 19:19:27'),(756,226,'2026-01-20 11:00:00',35,2,0,0,NULL,91,1,NULL,'2026-01-17 19:19:27','2026-01-17 19:19:27'),(757,227,'2026-01-20 12:00:00',35,1,0,0,NULL,91,1,NULL,'2026-01-17 19:20:51','2026-01-17 19:20:51'),(758,227,'2026-01-20 13:00:00',35,2,0,0,NULL,91,1,NULL,'2026-01-17 19:20:51','2026-01-17 19:20:51'),(759,228,'2026-01-20 10:00:00',35,1,0,0,NULL,91,1,NULL,'2026-01-17 19:38:04','2026-01-17 19:38:04'),(760,229,'2026-01-20 11:00:00',35,11,0,0,NULL,91,1,NULL,'2026-01-17 20:12:01','2026-01-17 20:12:01'),(761,229,'2026-01-20 12:00:00',35,12,0,0,NULL,91,1,NULL,'2026-01-17 20:12:01','2026-01-17 20:12:01'),(762,230,'2026-01-20 11:00:00',35,11,0,0,NULL,91,1,NULL,'2026-01-17 20:15:54','2026-01-17 20:15:54'),(763,230,'2026-01-20 12:00:00',35,12,0,0,NULL,91,1,NULL,'2026-01-17 20:15:54','2026-01-17 20:15:54'),(764,231,'2026-01-20 06:00:00',35,6,0,0,NULL,91,1,NULL,'2026-01-18 01:22:29','2026-01-18 01:22:29'),(765,231,'2026-01-20 05:00:00',35,5,0,0,NULL,91,1,NULL,'2026-01-18 01:22:29','2026-01-18 01:22:29'),(766,232,'2026-01-20 08:00:00',36,20,1,0,8,91,1,NULL,'2026-01-18 01:24:11','2026-01-18 01:24:11'),(767,232,'2026-01-20 09:00:00',36,26,1,0,9,91,1,NULL,'2026-01-18 01:24:11','2026-01-18 01:24:11'),(768,233,'2026-01-20 08:00:00',36,11,1,0,8,91,1,NULL,'2026-01-18 01:25:33','2026-01-18 01:25:33'),(769,233,'2026-01-20 09:00:00',36,69,1,0,9,91,1,NULL,'2026-01-18 01:25:33','2026-01-18 01:25:33'),(770,234,'2026-01-20 09:00:00',36,9,1,0,11,95,1,NULL,'2026-01-18 01:51:34','2026-02-13 21:02:25'),(771,234,'2026-01-20 10:00:00',36,10,1,0,69,94,1,NULL,'2026-01-18 01:51:34','2026-01-18 01:51:34'),(772,235,'2026-01-19 10:00:00',36,6,1,0,3,94,1,NULL,'2026-01-18 18:51:57','2026-01-18 18:51:57'),(773,235,'2026-01-19 11:00:00',36,3,1,0,11,94,1,NULL,'2026-01-18 18:51:57','2026-01-18 18:51:57'),(780,242,'2026-02-01 12:00:00',36,51,0,0,0,94,1,NULL,'2026-01-23 16:56:00','2026-01-23 16:56:00'),(781,243,'2026-02-01 12:00:00',36,3,1,0,3,94,1,NULL,'2026-01-23 21:06:35','2026-01-23 21:06:35'),(782,244,'2026-02-01 12:00:00',36,51,0,0,0,94,1,NULL,'2026-01-24 01:24:09','2026-01-24 01:24:09'),(783,245,'2026-02-01 12:00:00',36,51,0,0,0,94,1,NULL,'2026-01-24 01:37:19','2026-01-24 01:37:19'),(785,247,'2026-02-01 12:00:00',36,51,0,0,0,93,1,'','2026-01-24 02:19:19','2026-01-27 00:57:56'),(786,248,'2026-02-01 10:00:00',36,51,0,0,0,93,1,'','2026-01-24 06:26:20','2026-01-27 00:57:41'),(787,249,'2026-02-01 12:00:00',36,51,0,0,0,94,1,NULL,'2026-01-25 16:48:38','2026-01-25 16:48:38'),(788,250,'2026-02-10 12:00:00',35,100,0,0,NULL,91,1,NULL,'2026-01-29 20:51:01','2026-01-29 20:51:01'),(789,251,'2026-02-10 13:00:00',36,200,1,0,20,95,1,NULL,'2026-01-29 20:52:00','2026-01-30 04:38:51'),(790,252,'2026-02-01 12:00:00',36,300,0,0,0,91,1,NULL,'2026-01-29 20:52:49','2026-01-29 20:52:49'),(791,253,'2026-02-01 13:00:00',36,400,1,0,60,95,1,NULL,'2026-01-29 21:24:52','2026-01-30 04:38:51'),(792,254,'2026-02-12 12:00:00',35,100,0,0,NULL,91,1,NULL,'2026-02-01 19:18:24','2026-02-01 19:18:24'),(793,255,'2026-02-10 12:00:00',36,100,0,0,0,91,1,NULL,'2026-02-02 01:55:41','2026-02-02 01:55:41'),(794,256,'2026-02-10 12:00:00',36,100,1,0,1,91,1,NULL,'2026-02-03 00:33:27','2026-02-03 00:33:27'),(795,257,'2026-02-11 12:00:00',35,100,0,0,NULL,91,1,NULL,'2026-02-03 01:28:16','2026-02-03 01:28:16'),(796,257,'2026-02-11 13:00:00',36,200,0,0,0,91,1,NULL,'2026-02-03 01:28:16','2026-02-03 01:28:16'),(797,258,'2026-02-11 12:00:00',35,100,0,0,NULL,91,1,NULL,'2026-02-03 01:47:46','2026-02-03 01:47:46'),(798,258,'2026-02-11 13:00:00',36,200,1,0,33,91,1,NULL,'2026-02-03 01:47:46','2026-02-03 01:47:46'),(799,258,'2026-02-11 15:00:00',35,400,0,0,NULL,91,1,NULL,'2026-02-03 01:47:46','2026-02-03 01:47:46'),(800,259,'2026-02-14 12:00:00',35,100,0,0,NULL,91,1,NULL,'2026-02-03 01:52:34','2026-02-03 01:52:34'),(801,259,'2026-02-14 13:00:00',36,200,1,0,33,91,1,NULL,'2026-02-03 01:52:34','2026-02-03 01:52:34'),(802,259,'2026-02-14 14:00:00',35,300,0,0,NULL,91,1,NULL,'2026-02-03 01:52:34','2026-02-03 01:52:34'),(803,260,'2026-02-10 12:00:00',36,100,1,0,1,91,1,NULL,'2026-02-03 03:21:06','2026-02-03 03:21:06'),(804,261,'2026-02-12 12:00:00',35,100,0,0,NULL,91,1,NULL,'2026-02-03 03:22:17','2026-02-03 03:22:17'),(805,261,'2026-02-12 13:00:00',36,200,1,0,33,91,1,NULL,'2026-02-03 03:22:17','2026-02-03 03:22:17'),(806,261,'2026-02-12 14:00:00',36,300,0,0,0,91,1,NULL,'2026-02-03 03:22:17','2026-02-03 03:22:17'),(807,262,'2026-02-14 12:00:00',36,100,0,0,0,91,1,NULL,'2026-02-03 04:07:56','2026-02-03 04:07:56'),(808,263,'2026-02-14 12:00:00',36,100,0,0,0,91,1,NULL,'2026-02-03 04:11:27','2026-02-03 04:11:27'),(809,264,'2026-02-14 13:00:00',36,100,0,0,0,91,1,NULL,'2026-02-03 04:12:24','2026-02-03 04:12:24'),(810,265,'2026-02-14 16:00:00',36,100,0,0,0,91,1,NULL,'2026-02-03 04:25:34','2026-02-03 04:25:34'),(811,266,'2026-02-14 12:00:00',36,333,0,0,0,91,1,NULL,'2026-02-03 04:49:08','2026-02-03 04:49:08'),(812,267,'2026-02-14 15:00:00',36,100,0,0,0,91,1,NULL,'2026-02-03 04:56:20','2026-02-03 04:56:20'),(813,268,'2026-02-14 17:00:00',36,333,0,0,0,91,1,NULL,'2026-02-03 04:58:14','2026-02-03 04:58:14'),(814,269,'2026-02-14 18:00:00',36,333,0,0,0,91,1,NULL,'2026-02-03 05:01:00','2026-02-03 05:01:00'),(815,270,'2026-02-14 12:00:00',36,100,0,0,0,91,1,NULL,'2026-02-03 05:36:14','2026-02-03 05:36:14'),(816,271,'2026-02-15 11:00:00',36,200,0,0,0,91,1,NULL,'2026-02-03 13:46:30','2026-02-03 13:46:30'),(817,272,'2026-02-12 01:00:00',36,100,0,0,0,91,1,NULL,'2026-02-03 14:44:37','2026-02-03 14:44:37'),(818,273,'2026-02-12 02:00:00',36,200,0,0,0,91,1,NULL,'2026-02-03 14:45:13','2026-02-03 14:45:13'),(819,274,'2026-02-12 03:00:00',36,300,0,0,0,91,1,NULL,'2026-02-03 14:45:38','2026-02-03 14:45:38'),(820,275,'2026-02-12 05:00:00',36,500,0,0,0,91,1,NULL,'2026-02-03 14:46:12','2026-02-03 14:46:12'),(821,276,'2026-02-14 10:00:00',36,100,0,0,0,91,1,NULL,'2026-02-03 14:54:19','2026-02-03 14:54:19'),(822,277,'2026-02-09 11:00:00',36,100,0,0,0,91,1,NULL,'2026-02-03 14:55:17','2026-02-03 14:55:17'),(823,278,'2026-02-14 01:00:00',36,100,0,0,0,91,1,NULL,'2026-02-03 14:56:20','2026-02-03 14:56:20'),(824,279,'2026-02-14 02:00:00',36,200,0,0,0,91,1,NULL,'2026-02-03 14:56:48','2026-02-03 14:56:48'),(825,280,'2026-02-14 03:00:00',36,300,0,0,0,91,1,NULL,'2026-02-03 14:57:12','2026-02-03 14:57:12'),(826,281,'2026-02-14 04:00:00',36,500,0,0,0,92,1,NULL,'2026-02-03 14:57:41','2026-02-03 15:07:16'),(827,282,'2026-02-16 10:00:00',35,100,0,0,NULL,91,1,NULL,'2026-02-03 14:59:01','2026-02-03 14:59:01'),(828,282,'2026-02-16 11:00:00',36,200,0,0,0,91,1,NULL,'2026-02-03 14:59:01','2026-02-03 14:59:01'),(829,282,'2026-02-16 12:00:00',36,300,0,0,0,91,1,NULL,'2026-02-03 14:59:01','2026-02-03 14:59:37'),(830,282,'2026-02-16 13:00:00',36,400,1,0,0,91,1,NULL,'2026-02-03 14:59:01','2026-02-03 15:00:04'),(831,283,'2026-02-20 01:00:00',36,100,0,0,0,95,1,NULL,'2026-02-03 15:48:36','2026-02-13 21:02:25'),(832,284,'2026-02-20 02:00:00',36,200,0,0,0,95,1,NULL,'2026-02-03 15:49:24','2026-02-13 21:02:25'),(833,285,'2026-02-21 01:00:00',36,100,0,0,0,94,1,NULL,'2026-02-03 15:50:18','2026-02-03 15:50:18'),(834,286,'2026-02-21 03:00:00',36,300,0,0,0,94,1,NULL,'2026-02-03 15:53:29','2026-02-03 15:53:29'),(835,287,'2026-02-21 04:00:00',36,400,0,0,0,94,1,NULL,'2026-02-03 15:56:40','2026-02-03 15:56:40'),(836,288,'2026-02-10 12:00:00',35,100,0,0,NULL,95,1,NULL,'2026-02-03 16:12:10','2026-02-04 16:32:28'),(837,288,'2026-02-11 10:00:00',36,200,1,0,10,94,1,NULL,'2026-02-03 16:12:10','2026-02-03 16:12:10'),(838,288,'2026-02-11 12:00:00',36,100,1,0,1,94,1,NULL,'2026-02-03 16:12:10','2026-02-03 16:12:10'),(839,288,'2026-02-15 12:00:00',35,100,0,0,NULL,94,1,NULL,'2026-02-03 16:12:10','2026-02-03 16:12:10'),(840,289,'2026-02-11 01:00:00',35,100,0,0,NULL,94,1,NULL,'2026-02-03 16:16:14','2026-02-03 16:16:14'),(841,289,'2026-02-12 10:00:00',35,200,0,0,NULL,94,1,NULL,'2026-02-03 16:16:14','2026-02-03 16:16:14'),(842,289,'2026-02-14 12:00:00',35,300,0,0,NULL,94,1,NULL,'2026-02-03 16:16:14','2026-02-03 16:16:14'),(843,290,'2026-02-10 12:00:00',36,100,0,0,0,94,1,NULL,'2026-02-03 19:40:08','2026-02-03 19:40:08'),(844,291,'2026-02-10 12:00:00',36,100,0,0,0,94,1,NULL,'2026-02-03 20:14:54','2026-02-03 20:14:54'),(845,292,'2026-02-10 12:00:00',36,100,0,0,0,94,1,NULL,'2026-02-03 20:16:18','2026-02-03 20:16:18'),(846,293,'2026-02-10 12:00:00',36,100,0,0,0,94,1,NULL,'2026-02-03 20:18:23','2026-02-03 20:18:23'),(847,294,'2026-02-12 12:00:00',36,100,0,0,0,94,1,NULL,'2026-02-03 22:10:52','2026-02-03 22:10:52'),(850,297,'2026-02-12 12:00:00',36,500,1,0,10,94,1,NULL,'2026-02-04 15:55:58','2026-02-04 21:09:39'),(851,298,'2026-02-10 12:00:00',36,100,0,0,0,94,1,NULL,'2026-02-04 16:18:29','2026-02-04 16:18:29'),(852,299,'2026-02-21 12:00:00',36,200,1,0,20,94,1,NULL,'2026-02-04 16:23:52','2026-02-04 16:23:52'),(853,300,'2026-03-01 12:00:00',36,51,0,0,0,94,1,NULL,'2026-02-04 16:27:39','2026-02-04 16:27:39'),(854,301,'2026-02-10 12:00:00',36,100,0,0,0,94,1,NULL,'2026-02-04 20:03:28','2026-02-04 21:34:09'),(855,302,'2026-02-10 12:00:00',36,100,0,0,0,94,1,NULL,'2026-02-04 21:41:13','2026-02-04 21:41:50'),(856,303,'2026-02-12 12:00:00',35,100,0,0,NULL,94,1,NULL,'2026-02-04 21:42:19','2026-02-04 21:42:53'),(857,304,'2026-02-10 12:00:00',36,1,1,0,10,91,1,NULL,'2026-02-08 19:31:32','2026-02-08 19:31:32'),(858,305,'2026-02-11 12:00:00',35,0,0,0,NULL,91,1,NULL,'2026-02-08 19:32:05','2026-02-08 19:32:05'),(859,306,'2026-02-10 12:00:00',36,0,1,0,3,91,1,NULL,'2026-02-08 20:02:28','2026-02-08 20:02:28'),(860,307,'2026-02-10 13:00:00',35,0,0,0,NULL,91,1,NULL,'2026-02-08 21:15:59','2026-02-08 21:30:31'),(861,308,'2026-02-10 14:00:00',36,0,0,0,0,91,1,NULL,'2026-02-08 21:16:32','2026-02-08 21:30:50'),(862,309,'2026-02-20 13:00:00',35,0,0,0,NULL,91,1,NULL,'2026-02-08 21:41:14','2026-02-08 21:42:09'),(863,310,'2026-02-20 12:00:00',36,0,0,0,0,91,1,NULL,'2026-02-08 21:41:42','2026-02-08 21:42:25'),(864,311,'2026-02-20 12:00:00',35,0,0,0,NULL,91,1,NULL,'2026-02-08 21:45:06','2026-02-08 21:45:06'),(865,311,'2026-02-20 13:00:00',36,0,0,0,0,91,1,NULL,'2026-02-08 21:45:06','2026-02-08 21:45:06'),(866,311,'2026-02-20 14:00:00',35,0,0,0,NULL,91,1,NULL,'2026-02-08 21:45:06','2026-02-08 21:45:06'),(867,311,'2026-02-20 15:00:00',36,0,1,0,1,91,1,NULL,'2026-02-08 21:45:06','2026-02-08 21:45:06'),(868,312,'2026-02-12 12:00:00',35,0,0,0,NULL,91,1,NULL,'2026-02-08 22:37:50','2026-02-08 22:37:50'),(869,313,'2026-02-15 12:00:00',35,1,0,0,NULL,91,1,NULL,'2026-02-08 22:48:21','2026-02-08 22:48:21'),(870,314,'2026-02-12 12:00:00',35,1,0,0,NULL,91,1,NULL,'2026-02-09 00:17:23','2026-02-09 00:17:23'),(871,314,'2026-02-13 13:00:00',36,1,0,0,0,91,1,NULL,'2026-02-09 00:17:23','2026-02-09 00:17:23'),(872,314,'2026-02-14 12:00:00',35,1,0,0,NULL,91,1,NULL,'2026-02-09 00:17:23','2026-02-09 00:17:23'),(873,315,'2026-02-15 12:00:00',36,0,0,0,0,91,1,NULL,'2026-02-09 01:09:16','2026-02-09 01:09:16'),(874,316,'2026-02-12 15:00:00',36,0,0,0,0,91,1,NULL,'2026-02-09 01:10:03','2026-02-09 01:10:03'),(875,317,'2026-02-12 12:00:00',36,0,0,0,0,94,1,NULL,'2026-02-09 01:13:37','2026-02-09 01:13:37'),(876,318,'2026-02-10 12:00:00',36,0,0,0,0,94,1,NULL,'2026-02-09 01:21:13','2026-02-09 01:21:13'),(877,319,'2026-02-12 12:00:00',35,1,0,0,NULL,91,1,NULL,'2026-02-09 02:28:19','2026-02-09 02:28:19'),(878,320,'2026-02-14 16:00:00',36,1,0,0,0,91,1,NULL,'2026-02-09 02:28:51','2026-02-09 02:28:51'),(879,321,'2026-02-10 12:00:00',35,1,0,0,NULL,91,1,NULL,'2026-02-09 02:31:06','2026-02-09 02:31:06'),(880,321,'2026-02-11 14:00:00',36,1,0,0,0,91,1,NULL,'2026-02-09 02:31:06','2026-02-09 02:31:06'),(881,321,'2026-02-12 19:00:00',36,1,1,0,1,91,1,NULL,'2026-02-09 02:31:06','2026-02-09 15:54:46'),(882,324,'2026-02-10 12:00:00',35,1,0,0,NULL,94,1,NULL,'2026-02-09 14:03:11','2026-02-09 14:03:11'),(883,325,'2026-02-15 12:00:00',36,0,0,0,0,94,1,NULL,'2026-02-09 14:51:06','2026-02-09 14:51:06'),(884,326,'2026-02-16 12:00:00',35,1,0,0,NULL,94,1,NULL,'2026-02-09 14:51:49','2026-02-09 14:51:49'),(885,327,'2026-02-20 13:00:00',36,0,0,0,0,91,1,NULL,'2026-02-09 15:48:55','2026-02-09 15:53:44'),(886,328,'2026-02-15 12:00:00',36,0,0,0,0,94,1,NULL,'2026-02-09 19:50:12','2026-02-09 19:50:12'),(887,328,'2026-02-15 12:00:00',36,100,0,0,0,94,1,NULL,'2026-02-09 19:50:12','2026-02-09 19:50:12'),(888,328,'2026-02-20 12:00:00',36,200,1,0,200,94,1,NULL,'2026-02-09 19:50:12','2026-02-09 19:50:12'),(889,329,'2026-02-10 10:00:00',36,0,0,0,0,94,1,NULL,'2026-02-09 19:53:33','2026-02-09 19:53:33'),(890,329,'2026-02-12 12:00:00',36,100,0,0,0,94,1,NULL,'2026-02-09 19:53:33','2026-02-09 19:53:33'),(891,329,'2026-02-15 12:00:00',36,200,1,0,160,94,1,NULL,'2026-02-09 19:53:33','2026-02-09 19:53:33'),(892,330,'2026-03-01 12:00:00',35,300,0,0,NULL,95,1,NULL,'2026-02-10 15:51:54','2026-02-13 21:08:22'),(893,330,'2026-03-02 14:00:00',36,200,0,0,0,93,1,NULL,'2026-02-10 15:51:54','2026-02-13 21:06:13'),(894,330,'2026-03-03 16:00:00',36,100,1,0,10,93,1,NULL,'2026-02-10 15:51:54','2026-02-13 21:06:21'),(895,331,'2026-02-20 12:00:00',36,100,1,0,12,94,1,NULL,'2026-02-11 21:53:55','2026-02-12 19:20:05'),(896,332,'2026-02-21 12:00:00',36,100,1,0,16,94,1,NULL,'2026-02-11 22:12:23','2026-02-12 19:21:43'),(897,333,'2026-02-22 12:00:00',36,20,1,0,40,94,1,NULL,'2026-02-11 22:35:42','2026-02-12 19:22:57'),(898,334,'2026-02-20 12:00:00',36,200,0,0,0,95,1,NULL,'2026-02-12 19:24:09','2026-02-13 21:02:25'),(899,335,'2026-02-20 12:00:00',36,0,1,0,100,97,0,'Probando.','2026-02-12 19:47:25','2026-02-27 15:03:15');
/*!40000 ALTER TABLE `retiros` ENABLE KEYS */;
UNLOCK TABLES;

--
-- Table structure for table `retiros_comentarios`
--

DROP TABLE IF EXISTS `retiros_comentarios`;
/*!40101 SET @saved_cs_client     = @@character_set_client */;
/*!50503 SET character_set_client = utf8mb4 */;
CREATE TABLE `retiros_comentarios` (
  `id` bigint(20) unsigned NOT NULL AUTO_INCREMENT,
  `retiro_id` bigint(20) unsigned NOT NULL,
  `comentario` text DEFAULT NULL,
  `usuario_id` bigint(20) unsigned NOT NULL,
  `created_at` timestamp NOT NULL DEFAULT current_timestamp(),
  PRIMARY KEY (`id`),
  KEY `retiros_comentarios_usuario_id_foreign` (`usuario_id`),
  KEY `retiros_comentarios_retiro_id_index` (`retiro_id`),
  CONSTRAINT `retiros_comentarios_retiro_id_foreign` FOREIGN KEY (`retiro_id`) REFERENCES `retiros` (`id`) ON DELETE CASCADE ON UPDATE CASCADE,
  CONSTRAINT `retiros_comentarios_usuario_id_foreign` FOREIGN KEY (`usuario_id`) REFERENCES `users` (`id`) ON UPDATE CASCADE
) ENGINE=InnoDB AUTO_INCREMENT=180 DEFAULT CHARSET=utf8mb4 COLLATE=utf8mb4_unicode_ci;
/*!40101 SET character_set_client = @saved_cs_client */;

--
-- Dumping data for table `retiros_comentarios`
--

LOCK TABLES `retiros_comentarios` WRITE;
/*!40000 ALTER TABLE `retiros_comentarios` DISABLE KEYS */;
INSERT INTO `retiros_comentarios` VALUES (5,543,'Y como vamoh ahí ?',2,'2025-06-11 17:54:17'),(6,551,'Vamos a ver con cuanto se pone primero.',2,'2025-06-11 18:25:44'),(7,551,'Un corderito para comenzar a conversar.',2,'2025-06-11 18:26:01'),(8,551,'O un vaquilla.',2,'2025-06-11 18:26:14'),(9,551,'Es mejor un Bin que una Tolva.',2,'2025-06-11 21:13:15'),(10,568,'Minimo 200 Kilitos.',2,'2025-06-14 16:59:46'),(11,568,'De 300 Kilitos conversamos.',2,'2025-06-14 17:07:43'),(12,567,'Como vamos ahí ?',2,'2025-06-14 17:28:01'),(13,567,'Ahí le dupliqué pa que le corte la colix',121,'2025-06-14 17:30:34'),(14,567,'Ya, le triplique pa que saque 2 colitas.',121,'2025-06-14 20:46:48'),(15,567,'Le subimos 100 más.',121,'2025-06-14 20:52:37'),(16,567,'Vamos el media luca.',121,'2025-06-14 20:56:26'),(17,567,'Vamos en 600 !!!',121,'2025-06-14 21:00:17'),(18,567,'Ahora subimos a 700.',121,'2025-06-14 21:08:26'),(19,567,'Vamos en 800.',121,'2025-06-14 21:12:39'),(20,567,'900 Kilos !!!',121,'2025-06-14 21:14:52'),(21,567,'Liquita.',121,'2025-06-14 21:19:03'),(22,567,'2 luqiutas',121,'2025-06-14 21:21:50'),(23,567,'3 liquitas.',121,'2025-06-14 21:26:22'),(24,567,'Vamos en 3100',121,'2025-06-14 21:32:46'),(25,567,'3200 y subiendo',121,'2025-06-14 21:35:21'),(26,567,'Vamos en 3300.',121,'2025-06-14 21:39:41'),(27,567,'Ya vamos en 3400.',121,'2025-06-14 21:42:03'),(28,567,'Vamos con 3.500.',121,'2025-06-14 21:44:32'),(29,567,'Vamos 3600',121,'2025-06-14 21:47:09'),(30,567,'Vamos 3700',121,'2025-06-14 21:47:36'),(31,567,'Vamos 3800.',121,'2025-06-14 21:53:04'),(32,567,'Vamos con 3900.',121,'2025-06-14 21:57:56'),(33,567,'4 luquitas.',121,'2025-06-14 22:00:49'),(34,567,'Ahora 5 luquitas.',121,'2025-06-14 22:58:35'),(35,567,'Agregue 2 polaca y al menos 1 ucraniana.',2,'2025-06-14 23:03:08'),(36,567,'Como estamos ahora.',121,'2025-06-14 23:04:10'),(37,570,'Muy poco 100.',2,'2025-06-17 12:01:41'),(38,570,'Ahi le subimos a 200.',121,'2025-06-17 12:02:57'),(39,570,'Cambiamos de Tolva a BINs.',121,'2025-06-17 12:52:15'),(40,569,'Lo subimos a 300.',121,'2025-06-17 12:55:40'),(41,573,'Comentario de Supervisor 17:00.',2,'2025-06-17 16:01:00'),(42,573,'Otro Comentario - 17:04',2,'2025-06-17 16:04:55'),(43,572,'Subimos los kilos.',121,'2025-06-17 16:13:41'),(44,574,'Comentario poco.',2,'2025-06-17 16:33:47'),(45,575,'Este es comentario de prueba.',2,'2025-06-17 16:49:35'),(46,575,'Aquí va la respuesta.',121,'2025-06-17 16:51:27'),(47,575,'Segundo ajuste para probar notificación a coordinadores y Admins-IT.',121,'2025-06-17 17:15:25'),(48,574,'Otro comentario de prueba.',121,'2025-06-17 17:26:23'),(49,610,'Se me había olvidado detallar la cantidad de bins a reponer.',121,'2025-06-17 23:32:51'),(50,611,'Modificación de 1 kilito.',121,'2025-06-18 10:27:58'),(51,609,'1 kilo más',121,'2025-06-18 10:32:35'),(52,609,'Otro kilito más.',121,'2025-06-18 10:34:03'),(53,608,'1 kilito más.',121,'2025-06-18 10:36:00'),(54,611,'Otro kilito más.',121,'2025-06-18 10:36:39'),(55,610,'1 kilito más.',121,'2025-06-18 10:37:21'),(56,610,'Consígame un incentivo.',121,'2025-06-18 10:37:51'),(57,654,'Hola 02.',2,'2025-06-30 21:57:21'),(58,654,'Hola 03.',2,'2025-06-30 22:05:07'),(59,654,'Hola 04.',2,'2025-06-30 22:05:45'),(60,654,'Hola 05.',2,'2025-06-30 22:13:59'),(61,654,'Hola 06.',2,'2025-06-30 22:14:18'),(62,654,'Hola 07.',2,'2025-06-30 22:14:37'),(63,654,'Hola 08.',2,'2025-06-30 22:14:58'),(64,654,'Hola 09.',2,'2025-06-30 22:15:18'),(65,654,'Hola 09.',2,'2025-06-30 22:15:43'),(66,654,'Hola 10.',2,'2025-06-30 22:33:47'),(67,654,'Hola 11.',2,'2025-06-30 22:34:36'),(68,654,'Hola 12.',2,'2025-06-30 22:35:08'),(69,654,'Hola 14.',2,'2025-06-30 22:36:53'),(70,654,'Hola 15.',2,'2025-06-30 22:37:57'),(71,654,'Hola 16.',2,'2025-06-30 22:39:38'),(72,654,'Hola 17.',2,'2025-06-30 22:44:43'),(73,654,'Hola 18.',2,'2025-06-30 22:47:41'),(74,654,'Hola 19.',2,'2025-06-30 22:49:52'),(75,654,'Hola 20.',2,'2025-06-30 22:50:16'),(76,651,'Hola 21.',2,'2025-06-30 22:55:59'),(77,650,'Hola 22.',2,'2025-06-30 22:57:53'),(78,654,'Al fin.',2,'2025-06-30 23:30:14'),(79,654,'Al fin 3.',2,'2025-06-30 23:30:31'),(80,656,'Probando.',2,'2025-07-01 11:19:02'),(81,656,'Prueba.',2,'2025-07-01 15:05:47'),(82,656,'Prueba',2,'2025-07-01 15:09:07'),(83,661,'Probando.',2,'2025-07-03 20:39:08'),(84,667,'Me equivoqué',77,'2025-07-15 19:51:34'),(85,666,'Son 11 no 10',3,'2025-07-15 19:53:52'),(86,667,'son 4 no 3',3,'2025-07-15 19:57:14'),(87,609,'Actualización peso',3,'2025-07-17 16:44:32'),(88,671,'Cambio de Bins a 2',3,'2025-07-17 18:56:20'),(89,671,'cambio a 3 bins',121,'2025-07-17 18:59:55'),(90,670,'12345',3,'2025-07-17 19:04:53'),(91,672,'Cambio de hora y volumen',3,'2025-07-18 16:02:34'),(92,672,'Finalmente son 3000',121,'2025-07-18 16:04:34'),(93,664,'Probando emisión de comentario de Coordinador.\r\nSJara - 18-07-2025 - 12:08.',2,'2025-07-18 16:08:54'),(94,676,'Favor considerar retiro para mañana a primera hora',3,'2025-07-18 16:32:02'),(95,677,'deben ser 1000',3,'2025-07-22 18:43:12'),(96,677,'Se actualiza a 1000',77,'2025-07-22 18:44:47'),(97,610,'Probando el envío de correo.',2,'2025-07-31 00:03:24'),(98,701,'Deberían ser 2',3,'2025-08-01 11:02:24'),(99,701,'Se actualiza a 2',121,'2025-08-01 11:05:33'),(100,696,'Probando.',2,'2025-09-01 20:10:32'),(101,744,'Probando.',2,'2026-01-16 12:03:47'),(102,741,'Probando.',2,'2026-01-16 12:06:36'),(103,741,'Probando.',2,'2026-01-16 12:07:10'),(104,744,'Probando.',2,'2026-01-16 12:07:33'),(105,744,'Probando.',2,'2026-01-16 12:07:54'),(106,744,'Probando.',2,'2026-01-16 15:13:31'),(107,744,'Probando.',2,'2026-01-16 15:16:14'),(108,744,'Probando.',2,'2026-01-16 15:16:39'),(109,741,'Probando.',2,'2026-01-16 15:17:57'),(110,744,'Probando.',2,'2026-01-16 16:17:44'),(111,744,'Probando.',2,'2026-01-16 16:33:48'),(112,741,'Probando.',2,'2026-01-16 16:34:18'),(113,744,'Probando.',2,'2026-01-16 16:34:36'),(114,744,'Probando.',2,'2026-01-16 17:56:22'),(115,744,'Probando.',2,'2026-01-16 18:08:07'),(116,741,'Probando.',2,'2026-01-16 18:08:34'),(117,744,'Probando.',2,'2026-01-16 19:02:40'),(118,744,'Probando.',2,'2026-01-16 19:05:04'),(119,744,'Probando.',2,'2026-01-16 19:06:48'),(120,744,'Probando.',2,'2026-01-16 19:08:17'),(121,744,'selectorRegion',2,'2026-01-16 19:08:53'),(122,741,'Probando.',2,'2026-01-16 19:09:48'),(123,746,'Probando.',2,'2026-01-16 19:40:14'),(124,746,'Probando.',2,'2026-01-16 19:57:05'),(125,746,'Probando.',2,'2026-01-16 20:10:18'),(126,746,'Probando.',2,'2026-01-16 20:15:02'),(127,746,'Probando.',2,'2026-01-16 20:18:15'),(128,741,'Probando.',2,'2026-01-16 20:18:56'),(129,741,'Probando.',2,'2026-01-16 20:21:00'),(130,746,'Probando.',2,'2026-01-16 20:22:24'),(131,746,'Probando.',2,'2026-01-16 20:34:08'),(132,746,'Probando.',2,'2026-01-16 20:34:40'),(133,746,'Probando.',2,'2026-01-16 20:42:36'),(134,746,'Probando.',2,'2026-01-16 20:51:04'),(135,746,'Probando.',2,'2026-01-16 21:09:43'),(136,746,'Probando.',2,'2026-01-16 21:11:56'),(137,741,'Probando.',2,'2026-01-16 21:21:38'),(138,746,'Probando.',2,'2026-01-16 21:23:04'),(139,741,'Probando.',2,'2026-01-16 21:24:07'),(140,746,'Probando.',2,'2026-01-16 21:30:29'),(141,746,'Probando.',2,'2026-01-16 21:31:11'),(142,746,'Probando.',2,'2026-01-16 21:31:50'),(143,746,'Probando.',2,'2026-01-16 21:40:54'),(144,746,'Probando.',2,'2026-01-16 22:48:06'),(145,746,'Probando.',2,'2026-01-17 15:18:19'),(146,741,'Probando.',2,'2026-01-17 15:18:56'),(147,745,'Probando.',2,'2026-01-17 15:19:20'),(148,745,'Probando.',2,'2026-01-17 15:19:47'),(149,745,'Probando.',2,'2026-01-17 15:20:06'),(150,745,'Probando.',2,'2026-01-17 15:20:25'),(151,746,'Probando.',2,'2026-01-17 15:20:40'),(152,746,'Probando.',2,'2026-01-17 15:20:57'),(153,746,'Provecho.',2,'2026-01-17 15:28:00'),(154,746,'Probando.',2,'2026-01-17 15:35:11'),(155,746,'Probando.',2,'2026-01-17 15:38:35'),(156,746,'Probando.',2,'2026-01-17 15:38:49'),(157,746,'Probando.',2,'2026-01-17 15:50:30'),(158,745,'Probando.',2,'2026-01-17 15:50:49'),(159,744,'Probando.',2,'2026-01-17 15:51:57'),(160,745,'Podría poner kilos en 300 ?',2,'2026-01-17 15:54:40'),(161,745,'Listo, en 300 los kilos.',2,'2026-01-17 15:55:10'),(162,750,'Probando.',2,'2026-01-17 15:59:07'),(163,829,'Cambiamos de Tolva a Bins.',2,'2026-02-03 14:59:37'),(164,830,'Bajamos de 10 Bins a 0 Bins.',2,'2026-02-03 15:00:04'),(165,826,'Modifique la cantidad de Kilos a 500.',2,'2026-02-03 15:06:34'),(166,826,'Listo.',2,'2026-02-03 15:07:16'),(167,850,'Me equivoque en los kilos y los bines.',2,'2026-02-04 15:58:47'),(168,850,'Pongale 500 kilos.',2,'2026-02-04 15:59:48'),(169,850,'Listo.',2,'2026-02-04 16:00:19'),(170,860,'Probando.',2,'2026-02-08 21:30:31'),(171,861,'Probando.',2,'2026-02-08 21:30:50'),(172,862,'Probando.',2,'2026-02-08 21:42:09'),(173,863,'Probando.',2,'2026-02-08 21:42:25'),(174,881,'Probando.',2,'2026-02-09 02:31:56'),(175,885,'Probando.',2,'2026-02-09 15:53:44'),(176,881,'Probando.',2,'2026-02-09 15:54:22'),(177,881,'Probando.',2,'2026-02-09 15:54:46'),(178,895,'Pongale 100 Kilitos.',2,'2026-02-11 21:55:45'),(179,895,'Listo !!!',127,'2026-02-11 21:58:01');
/*!40000 ALTER TABLE `retiros_comentarios` ENABLE KEYS */;
UNLOCK TABLES;

--
-- Table structure for table `retiros_historial`
--

DROP TABLE IF EXISTS `retiros_historial`;
/*!40101 SET @saved_cs_client     = @@character_set_client */;
/*!50503 SET character_set_client = utf8mb4 */;
CREATE TABLE `retiros_historial` (
  `id` bigint(20) unsigned NOT NULL AUTO_INCREMENT,
  `retiro_id` bigint(20) unsigned NOT NULL,
  `fecha_retiro` datetime NOT NULL,
  `tipo_retiro_id` bigint(20) unsigned NOT NULL,
  `kilogramos_estimados` int(11) NOT NULL,
  `requiere_reposicion` tinyint(1) NOT NULL DEFAULT 0,
  `cantidad_bins` int(10) unsigned DEFAULT NULL,
  `estado_id` bigint(20) unsigned DEFAULT NULL,
  `activo` tinyint(1) NOT NULL DEFAULT 1,
  `created_at` timestamp NOT NULL DEFAULT current_timestamp(),
  `usuario_id` bigint(20) unsigned NOT NULL,
  `motivo_cambio` text DEFAULT NULL,
  PRIMARY KEY (`id`),
  KEY `retiros_historial_tipo_retiro_id_foreign` (`tipo_retiro_id`),
  KEY `retiros_historial_estado_id_foreign` (`estado_id`),
  KEY `retiros_historial_usuario_id_foreign` (`usuario_id`),
  KEY `retiros_historial_retiro_id_index` (`retiro_id`),
  CONSTRAINT `retiros_historial_estado_id_foreign` FOREIGN KEY (`estado_id`) REFERENCES `catalogos` (`id`) ON UPDATE CASCADE,
  CONSTRAINT `retiros_historial_retiro_id_foreign` FOREIGN KEY (`retiro_id`) REFERENCES `retiros` (`id`) ON DELETE CASCADE ON UPDATE CASCADE,
  CONSTRAINT `retiros_historial_tipo_retiro_id_foreign` FOREIGN KEY (`tipo_retiro_id`) REFERENCES `catalogos` (`id`) ON UPDATE CASCADE,
  CONSTRAINT `retiros_historial_usuario_id_foreign` FOREIGN KEY (`usuario_id`) REFERENCES `users` (`id`) ON UPDATE CASCADE
) ENGINE=InnoDB AUTO_INCREMENT=9717 DEFAULT CHARSET=utf8mb4 COLLATE=utf8mb4_unicode_ci;
/*!40101 SET character_set_client = @saved_cs_client */;

--
-- Dumping data for table `retiros_historial`
--

LOCK TABLES `retiros_historial` WRITE;
/*!40000 ALTER TABLE `retiros_historial` DISABLE KEYS */;
INSERT INTO `retiros_historial` VALUES (7399,9,'2025-02-05 00:00:00',36,133,1,0,95,1,'2025-02-01 01:02:00',2,'Cambio por presión popular en la planta.'),(7400,9,'2025-02-05 00:00:00',36,133,1,23,95,1,'2025-02-01 00:52:00',2,'El jefe dijo que lo hiciera, pero no explicó por qué.'),(7401,9,'2025-02-05 00:00:00',35,133,0,0,95,1,'2025-02-01 00:42:00',2,'El sistema tuvo un arrebato y decidió cambiarlo solo.'),(7402,9,'2025-02-05 00:00:00',36,133,0,0,95,1,'2025-02-01 00:32:00',2,'El jefe dijo que lo hiciera, pero no explicó por qué.'),(7403,9,'2025-02-05 00:00:00',35,133,0,0,95,1,'2025-02-01 00:22:00',2,'Ajuste por diferencia entre Tolva y Bins… otra vez.'),(7404,9,'2025-02-05 00:00:00',36,133,0,0,95,1,'2025-02-01 00:12:00',2,'El operador pestañeó y apretó el botón sin querer.'),(7405,9,'2025-02-04 23:36:00',36,128,0,0,95,1,'2025-02-01 01:02:00',2,'Simulación de terremoto causó variaciones aleatorias.'),(7406,10,'2025-02-02 00:14:00',35,944,0,0,91,1,'2025-02-01 00:35:00',2,'Cambio validado por la abuela experta en Tolvas.'),(7407,11,'2025-02-04 23:59:00',35,711,0,0,92,1,'2025-02-01 01:58:00',2,'Cambio por presión popular en la planta.'),(7408,11,'2025-02-04 23:59:00',36,683,0,0,92,1,'2025-02-01 00:59:00',2,'El jefe dijo que lo hiciera, pero no explicó por qué.'),(7409,11,'2025-02-04 23:59:00',35,683,0,0,92,1,'2025-02-01 01:58:00',2,'Se corrigió porque parecía sospechosamente perfecto.'),(7410,12,'2025-02-08 23:31:00',36,181,0,0,91,1,'2025-02-01 01:21:00',2,'El jefe dijo que lo hiciera, pero no explicó por qué.'),(7411,12,'2025-02-08 23:31:00',35,190,0,0,91,1,'2025-02-01 01:05:00',2,'Reajuste de kilogramos por interferencia cósmica.'),(7412,12,'2025-02-08 23:29:00',35,190,0,0,91,1,'2025-02-01 00:49:00',2,'El operador pestañeó y apretó el botón sin querer.'),(7413,12,'2025-02-08 23:14:00',36,190,0,0,91,1,'2025-02-01 00:33:00',2,'Se corrigió porque parecía sospechosamente perfecto.'),(7414,12,'2025-02-08 23:03:00',36,190,0,0,91,1,'2025-02-01 00:17:00',2,'Ajuste por diferencia entre Tolva y Bins… otra vez.'),(7415,12,'2025-02-08 22:42:00',36,190,0,0,91,1,'2025-02-01 01:21:00',2,'Se corrigió porque parecía sospechosamente perfecto.'),(7416,16,'2025-02-07 00:00:00',36,994,0,0,94,1,'2025-02-01 01:17:00',2,'El operador pestañeó y apretó el botón sin querer.'),(7417,16,'2025-02-06 23:53:00',36,994,0,0,94,1,'2025-02-01 00:52:00',2,'Ajuste por diferencia entre Tolva y Bins… otra vez.'),(7418,16,'2025-02-06 23:53:00',36,964,0,0,94,1,'2025-02-01 00:27:00',2,'Simulación de terremoto causó variaciones aleatorias.'),(7419,16,'2025-02-06 23:53:00',36,964,1,0,94,1,'2025-02-01 01:17:00',2,'El jefe dijo que lo hiciera, pero no explicó por qué.'),(7420,17,'2025-02-03 04:39:00',36,120,1,0,94,1,'2025-02-02 05:45:00',2,'Reajuste de kilogramos por interferencia cósmica.'),(7421,18,'2025-02-09 05:06:00',36,605,0,0,92,1,'2025-02-02 06:41:00',2,'Cambio validado por la abuela experta en Tolvas.'),(7422,18,'2025-02-09 05:06:00',35,605,0,0,92,1,'2025-02-02 06:28:00',2,'Reajuste de kilogramos por interferencia cósmica.'),(7423,18,'2025-02-09 05:06:00',35,611,0,0,92,1,'2025-02-02 06:15:00',2,'Se corrigió porque parecía sospechosamente perfecto.'),(7424,18,'2025-02-09 05:07:00',35,611,0,0,92,1,'2025-02-02 06:02:00',2,'Cambio por presión popular en la planta.'),(7425,18,'2025-02-09 05:07:00',36,611,0,0,92,1,'2025-02-02 05:49:00',2,'El sistema tuvo un arrebato y decidió cambiarlo solo.'),(7426,18,'2025-02-09 05:07:00',36,623,0,0,92,1,'2025-02-02 05:36:00',2,'El operador pestañeó y apretó el botón sin querer.'),(7427,18,'2025-02-09 05:07:00',36,623,1,0,92,1,'2025-02-02 05:23:00',2,'Se corrigió porque parecía sospechosamente perfecto.'),(7428,18,'2025-02-09 05:18:00',36,623,1,0,92,1,'2025-02-02 06:41:00',2,'Reajuste de kilogramos por interferencia cósmica.'),(7429,19,'2025-02-08 05:06:00',36,352,0,0,94,1,'2025-02-02 05:41:00',2,'El operador pestañeó y apretó el botón sin querer.'),(7430,20,'2025-02-06 05:06:00',35,970,0,0,94,1,'2025-02-02 05:46:00',2,'El jefe dijo que lo hiciera, pero no explicó por qué.'),(7431,20,'2025-02-06 05:06:00',35,989,0,0,94,1,'2025-02-02 05:33:00',2,'Ajuste por diferencia entre Tolva y Bins… otra vez.'),(7432,20,'2025-02-06 05:06:00',36,940,0,0,94,1,'2025-02-02 05:20:00',2,'Simulación de terremoto causó variaciones aleatorias.'),(7433,20,'2025-02-06 04:57:00',36,921,0,0,94,1,'2025-02-02 05:46:00',2,'El jefe dijo que lo hiciera, pero no explicó por qué.'),(7434,21,'2025-02-12 05:18:00',35,416,0,0,96,1,'2025-02-02 06:49:00',2,'Cambio por presión popular en la planta.'),(7435,21,'2025-02-12 05:45:00',35,416,0,0,96,1,'2025-02-02 06:37:00',2,'Ajuste por diferencia entre Tolva y Bins… otra vez.'),(7436,21,'2025-02-12 05:45:00',35,404,0,0,96,1,'2025-02-02 06:25:00',2,'El sistema tuvo un arrebato y decidió cambiarlo solo.'),(7437,21,'2025-02-12 05:53:00',35,404,0,0,96,1,'2025-02-02 06:13:00',2,'El operador pestañeó y apretó el botón sin querer.'),(7438,21,'2025-02-12 05:43:00',35,404,0,0,96,1,'2025-02-02 06:01:00',2,'Cambio validado por la abuela experta en Tolvas.'),(7439,21,'2025-02-12 05:43:00',35,404,0,0,96,1,'2025-02-02 05:49:00',2,'El jefe dijo que lo hiciera, pero no explicó por qué.'),(7440,21,'2025-02-12 06:02:00',36,404,0,0,96,1,'2025-02-02 05:37:00',2,'El operador pestañeó y apretó el botón sin querer.'),(7441,21,'2025-02-12 06:03:00',35,404,0,0,96,1,'2025-02-02 05:25:00',2,'Simulación de terremoto causó variaciones aleatorias.'),(7442,21,'2025-02-12 06:03:00',35,392,0,0,96,1,'2025-02-02 06:49:00',2,'El operador pestañeó y apretó el botón sin querer.'),(7443,22,'2025-02-11 05:13:00',36,579,0,0,92,1,'2025-02-02 06:55:00',2,'El operador pestañeó y apretó el botón sin querer.'),(7444,22,'2025-02-11 05:17:00',36,579,0,0,92,1,'2025-02-02 06:01:00',2,'El operador pestañeó y apretó el botón sin querer.'),(7445,22,'2025-02-11 05:17:00',35,579,0,0,92,1,'2025-02-02 06:55:00',2,'Modificación motivada por la mística del sistema.'),(7446,24,'2025-02-04 10:30:00',35,109,0,0,91,1,'2025-02-03 11:54:00',2,'Modificación motivada por la mística del sistema.'),(7447,24,'2025-02-04 10:30:00',35,111,0,0,91,1,'2025-02-03 11:20:00',2,'Simulación de terremoto causó variaciones aleatorias.'),(7448,24,'2025-02-04 10:30:00',36,111,1,0,91,1,'2025-02-03 10:46:00',2,'Ajuste por diferencia entre Tolva y Bins… otra vez.'),(7449,24,'2025-02-04 10:30:00',36,117,1,0,91,1,'2025-02-03 11:54:00',2,'Se corrigió porque parecía sospechosamente perfecto.'),(7450,27,'2025-02-10 10:12:00',35,537,0,0,92,1,'2025-02-03 11:29:00',2,'Se corrigió porque parecía sospechosamente perfecto.'),(7451,27,'2025-02-10 10:12:00',35,532,0,0,92,1,'2025-02-03 11:18:00',2,'Se corrigió porque parecía sospechosamente perfecto.'),(7452,27,'2025-02-10 10:14:00',35,532,0,0,92,1,'2025-02-03 11:07:00',2,'Reajuste de kilogramos por interferencia cósmica.'),(7453,27,'2025-02-10 10:44:00',35,532,0,0,92,1,'2025-02-03 10:56:00',2,'Cambio validado por la abuela experta en Tolvas.'),(7454,27,'2025-02-10 10:44:00',35,532,0,0,92,1,'2025-02-03 10:45:00',2,'Reajuste de kilogramos por interferencia cósmica.'),(7455,27,'2025-02-10 10:42:00',36,532,0,0,92,1,'2025-02-03 10:34:00',2,'Cambio validado por la abuela experta en Tolvas.'),(7456,27,'2025-02-10 10:20:00',36,532,0,0,92,1,'2025-02-03 10:23:00',2,'El sistema tuvo un arrebato y decidió cambiarlo solo.'),(7457,27,'2025-02-10 10:20:00',36,532,1,0,92,1,'2025-02-03 11:29:00',2,'El sistema tuvo un arrebato y decidió cambiarlo solo.'),(7458,28,'2025-02-07 10:12:00',35,740,0,0,91,1,'2025-02-03 12:12:00',2,'Se corrigió porque parecía sospechosamente perfecto.'),(7459,28,'2025-02-07 10:12:00',36,740,0,0,91,1,'2025-02-03 11:42:00',2,'Reajuste de kilogramos por interferencia cósmica.'),(7460,28,'2025-02-07 10:12:00',36,755,0,0,91,1,'2025-02-03 11:12:00',2,'Reajuste de kilogramos por interferencia cósmica.'),(7461,28,'2025-02-07 10:12:00',36,755,1,27,91,1,'2025-02-03 10:42:00',2,'El jefe dijo que lo hiciera, pero no explicó por qué.'),(7462,28,'2025-02-07 10:25:00',36,755,1,27,91,1,'2025-02-03 12:12:00',2,'El sistema tuvo un arrebato y decidió cambiarlo solo.'),(7463,29,'2025-02-09 10:22:00',35,226,0,0,92,1,'2025-02-03 10:57:00',2,'Ajuste por diferencia entre Tolva y Bins… otra vez.'),(7464,30,'2025-02-09 10:12:00',35,193,0,0,91,1,'2025-02-03 10:49:00',2,'Ajuste por diferencia entre Tolva y Bins… otra vez.'),(7465,30,'2025-02-09 10:12:00',36,185,0,0,91,1,'2025-02-03 10:49:00',2,'Modificación motivada por la mística del sistema.'),(7466,31,'2025-02-05 10:12:00',36,195,1,0,92,1,'2025-02-03 11:35:00',2,'Simulación de terremoto causó variaciones aleatorias.'),(7467,32,'2025-02-09 10:12:00',36,783,0,0,94,1,'2025-02-03 11:00:00',2,'Se corrigió porque parecía sospechosamente perfecto.'),(7468,33,'2025-02-07 15:18:00',36,482,0,0,93,1,'2025-02-04 16:04:00',2,'El jefe dijo que lo hiciera, pero no explicó por qué.'),(7469,33,'2025-02-07 15:18:00',36,501,0,0,93,1,'2025-02-04 15:57:00',2,'Ajuste por diferencia entre Tolva y Bins… otra vez.'),(7470,33,'2025-02-07 15:18:00',35,501,0,0,93,1,'2025-02-04 15:50:00',2,'El sistema tuvo un arrebato y decidió cambiarlo solo.'),(7471,33,'2025-02-07 15:18:00',35,516,0,0,93,1,'2025-02-04 15:43:00',2,'Reajuste de kilogramos por interferencia cósmica.'),(7472,33,'2025-02-07 15:43:00',35,516,0,0,93,1,'2025-02-04 15:36:00',2,'Cambio validado por la abuela experta en Tolvas.'),(7473,33,'2025-02-07 15:43:00',36,516,1,0,93,1,'2025-02-04 15:29:00',2,'Modificación motivada por la mística del sistema.'),(7474,33,'2025-02-07 15:43:00',35,511,0,0,93,1,'2025-02-04 16:04:00',2,'Reajuste de kilogramos por interferencia cósmica.'),(7475,35,'2025-02-05 15:33:00',35,238,0,0,92,1,'2025-02-04 16:33:00',2,'Reajuste de kilogramos por interferencia cósmica.'),(7476,35,'2025-02-05 15:24:00',35,240,0,0,92,1,'2025-02-04 16:24:00',2,'El sistema tuvo un arrebato y decidió cambiarlo solo.'),(7477,35,'2025-02-05 15:24:00',36,250,1,0,92,1,'2025-02-04 16:15:00',2,'Cambio por presión popular en la planta.'),(7478,35,'2025-02-05 15:24:00',35,250,0,0,92,1,'2025-02-04 16:06:00',2,'Modificación motivada por la mística del sistema.'),(7479,35,'2025-02-05 15:24:00',35,237,0,0,92,1,'2025-02-04 15:57:00',2,'Simulación de terremoto causó variaciones aleatorias.'),(7480,35,'2025-02-05 15:52:00',35,237,0,0,92,1,'2025-02-04 15:48:00',2,'Se corrigió porque parecía sospechosamente perfecto.'),(7481,35,'2025-02-05 15:42:00',35,237,0,0,92,1,'2025-02-04 15:39:00',2,'El operador pestañeó y apretó el botón sin querer.'),(7482,35,'2025-02-05 15:50:00',35,237,0,0,92,1,'2025-02-04 15:30:00',2,'Simulación de terremoto causó variaciones aleatorias.'),(7483,35,'2025-02-05 15:50:00',36,237,1,0,92,1,'2025-02-04 16:33:00',2,'Cambio por presión popular en la planta.'),(7484,36,'2025-02-12 15:18:00',35,844,0,0,91,1,'2025-02-04 15:50:00',2,'Cambio validado por la abuela experta en Tolvas.'),(7485,37,'2025-02-13 20:24:00',35,397,0,0,91,1,'2025-02-05 20:57:00',2,'Cambio validado por la abuela experta en Tolvas.'),(7486,37,'2025-02-13 20:24:00',36,397,0,0,91,1,'2025-02-05 20:53:00',2,'El sistema tuvo un arrebato y decidió cambiarlo solo.'),(7487,37,'2025-02-13 20:42:00',36,401,0,0,91,1,'2025-02-05 20:49:00',2,'El operador pestañeó y apretó el botón sin querer.'),(7488,37,'2025-02-13 20:42:00',36,381,0,0,91,1,'2025-02-05 20:45:00',2,'Modificación motivada por la mística del sistema.'),(7489,37,'2025-02-13 20:42:00',36,366,0,0,91,1,'2025-02-05 20:41:00',2,'Ajuste por diferencia entre Tolva y Bins… otra vez.'),(7490,37,'2025-02-13 20:42:00',36,366,1,0,91,1,'2025-02-05 20:37:00',2,'El jefe dijo que lo hiciera, pero no explicó por qué.'),(7491,37,'2025-02-13 20:42:00',36,366,0,0,91,1,'2025-02-05 20:33:00',2,'Reajuste de kilogramos por interferencia cósmica.'),(7492,37,'2025-02-13 20:42:00',35,366,0,0,91,1,'2025-02-05 20:29:00',2,'El jefe dijo que lo hiciera, pero no explicó por qué.'),(7493,37,'2025-02-13 20:50:00',35,366,0,0,91,1,'2025-02-05 20:57:00',2,'Modificación motivada por la mística del sistema.'),(7494,39,'2025-02-11 20:48:00',36,202,0,0,92,1,'2025-02-05 21:49:00',2,'El operador pestañeó y apretó el botón sin querer.'),(7495,39,'2025-02-11 20:48:00',35,200,0,0,92,1,'2025-02-05 21:37:00',2,'Ajuste por diferencia entre Tolva y Bins… otra vez.'),(7496,39,'2025-02-11 20:40:00',35,204,0,0,92,1,'2025-02-05 21:25:00',2,'Ajuste por diferencia entre Tolva y Bins… otra vez.'),(7497,39,'2025-02-11 20:30:00',35,204,0,0,92,1,'2025-02-05 21:13:00',2,'El operador pestañeó y apretó el botón sin querer.'),(7498,39,'2025-02-11 20:39:00',35,212,0,0,92,1,'2025-02-05 21:01:00',2,'Se corrigió porque parecía sospechosamente perfecto.'),(7499,39,'2025-02-11 20:50:00',35,212,0,0,92,1,'2025-02-05 20:49:00',2,'El jefe dijo que lo hiciera, pero no explicó por qué.'),(7500,39,'2025-02-11 21:06:00',35,212,0,0,92,1,'2025-02-05 20:37:00',2,'Cambio validado por la abuela experta en Tolvas.'),(7501,39,'2025-02-11 21:01:00',35,212,0,0,92,1,'2025-02-05 21:49:00',2,'El sistema tuvo un arrebato y decidió cambiarlo solo.'),(7502,40,'2025-02-09 20:12:00',35,244,0,0,92,1,'2025-02-05 22:20:00',2,'Cambio validado por la abuela experta en Tolvas.'),(7503,40,'2025-02-09 20:12:00',35,251,0,0,92,1,'2025-02-05 22:06:00',2,'El operador pestañeó y apretó el botón sin querer.'),(7504,40,'2025-02-09 20:12:00',35,259,0,0,92,1,'2025-02-05 21:52:00',2,'Ajuste por diferencia entre Tolva y Bins… otra vez.'),(7505,40,'2025-02-09 20:39:00',35,261,0,0,92,1,'2025-02-05 21:38:00',2,'Ajuste por diferencia entre Tolva y Bins… otra vez.'),(7506,40,'2025-02-09 21:05:00',35,261,0,0,92,1,'2025-02-05 21:24:00',2,'Simulación de terremoto causó variaciones aleatorias.'),(7507,40,'2025-02-09 21:05:00',36,261,0,0,92,1,'2025-02-05 21:10:00',2,'Cambio por presión popular en la planta.'),(7508,40,'2025-02-09 21:05:00',36,267,1,0,92,1,'2025-02-05 20:56:00',2,'El operador pestañeó y apretó el botón sin querer.'),(7509,40,'2025-02-09 20:51:00',36,267,0,0,92,1,'2025-02-05 20:42:00',2,'Se corrigió porque parecía sospechosamente perfecto.'),(7510,40,'2025-02-09 20:51:00',35,267,0,0,92,1,'2025-02-05 22:20:00',2,'Se corrigió porque parecía sospechosamente perfecto.'),(7511,42,'2025-02-06 20:24:00',36,632,0,0,95,1,'2025-02-05 21:05:00',2,'Ajuste por diferencia entre Tolva y Bins… otra vez.'),(7512,42,'2025-02-06 20:22:00',36,632,0,0,95,1,'2025-02-05 20:55:00',2,'El operador pestañeó y apretó el botón sin querer.'),(7513,42,'2025-02-06 20:32:00',36,632,0,0,95,1,'2025-02-05 20:45:00',2,'El jefe dijo que lo hiciera, pero no explicó por qué.'),(7514,42,'2025-02-06 20:32:00',36,651,0,0,95,1,'2025-02-05 20:35:00',2,'El operador pestañeó y apretó el botón sin querer.'),(7515,42,'2025-02-06 20:32:00',35,651,0,0,95,1,'2025-02-05 21:05:00',2,'Cambio por presión popular en la planta.'),(7516,43,'2025-02-14 20:44:00',36,611,0,0,91,1,'2025-02-05 21:40:00',2,'Simulación de terremoto causó variaciones aleatorias.'),(7517,43,'2025-02-14 20:44:00',35,611,0,0,91,1,'2025-02-05 21:31:00',2,'Reajuste de kilogramos por interferencia cósmica.'),(7518,43,'2025-02-14 20:44:00',36,611,0,0,91,1,'2025-02-05 21:22:00',2,'Se corrigió porque parecía sospechosamente perfecto.'),(7519,43,'2025-02-14 20:44:00',35,611,0,0,91,1,'2025-02-05 21:13:00',2,'Cambio por presión popular en la planta.'),(7520,43,'2025-02-14 20:44:00',36,611,0,0,91,1,'2025-02-05 21:04:00',2,'Ajuste por diferencia entre Tolva y Bins… otra vez.'),(7521,43,'2025-02-14 20:44:00',35,635,0,0,91,1,'2025-02-05 20:55:00',2,'El operador pestañeó y apretó el botón sin querer.'),(7522,43,'2025-02-14 20:44:00',35,655,0,0,91,1,'2025-02-05 20:46:00',2,'El jefe dijo que lo hiciera, pero no explicó por qué.'),(7523,43,'2025-02-14 20:44:00',36,681,0,0,91,1,'2025-02-05 20:37:00',2,'El operador pestañeó y apretó el botón sin querer.'),(7524,43,'2025-02-14 20:44:00',36,681,1,1,91,1,'2025-02-05 21:40:00',2,'Ajuste por diferencia entre Tolva y Bins… otra vez.'),(7525,44,'2025-02-15 19:54:00',35,359,0,0,91,1,'2025-02-05 21:10:00',2,'Cambio por presión popular en la planta.'),(7526,44,'2025-02-15 19:54:00',35,345,0,0,91,1,'2025-02-05 21:01:00',2,'El jefe dijo que lo hiciera, pero no explicó por qué.'),(7527,44,'2025-02-15 20:05:00',35,345,0,0,91,1,'2025-02-05 20:52:00',2,'El operador pestañeó y apretó el botón sin querer.'),(7528,44,'2025-02-15 20:05:00',35,338,0,0,91,1,'2025-02-05 20:43:00',2,'Simulación de terremoto causó variaciones aleatorias.'),(7529,44,'2025-02-15 20:05:00',36,338,0,0,91,1,'2025-02-05 20:34:00',2,'El sistema tuvo un arrebato y decidió cambiarlo solo.'),(7530,44,'2025-02-15 20:05:00',36,331,0,0,91,1,'2025-02-05 21:10:00',2,'Cambio por presión popular en la planta.'),(7531,45,'2025-02-11 01:30:00',35,619,0,0,94,1,'2025-02-07 02:19:00',2,'Modificación motivada por la mística del sistema.'),(7532,45,'2025-02-11 01:16:00',35,619,0,0,94,1,'2025-02-07 02:03:00',2,'El sistema tuvo un arrebato y decidió cambiarlo solo.'),(7533,45,'2025-02-11 01:11:00',36,619,0,0,94,1,'2025-02-07 01:47:00',2,'Se corrigió porque parecía sospechosamente perfecto.'),(7534,45,'2025-02-11 01:11:00',36,588,0,0,94,1,'2025-02-07 02:19:00',2,'Simulación de terremoto causó variaciones aleatorias.'),(7535,46,'2025-02-13 01:30:00',35,953,0,0,93,1,'2025-02-07 02:44:00',2,'El sistema tuvo un arrebato y decidió cambiarlo solo.'),(7536,47,'2025-02-17 01:31:00',36,264,1,7,95,1,'2025-02-07 02:33:00',2,'El jefe dijo que lo hiciera, pero no explicó por qué.'),(7537,47,'2025-02-17 01:31:00',36,264,0,0,95,1,'2025-02-07 02:33:00',2,'Reajuste de kilogramos por interferencia cósmica.'),(7538,49,'2025-02-17 01:30:00',35,185,0,0,91,1,'2025-02-07 03:07:00',2,'El sistema tuvo un arrebato y decidió cambiarlo solo.'),(7539,49,'2025-02-17 01:30:00',35,180,0,0,91,1,'2025-02-07 02:54:00',2,'Cambio por presión popular en la planta.'),(7540,49,'2025-02-17 01:30:00',35,189,0,0,91,1,'2025-02-07 02:41:00',2,'Simulación de terremoto causó variaciones aleatorias.'),(7541,49,'2025-02-17 01:30:00',36,189,1,10,91,1,'2025-02-07 02:28:00',2,'Cambio validado por la abuela experta en Tolvas.'),(7542,49,'2025-02-17 01:14:00',36,189,1,10,91,1,'2025-02-07 02:15:00',2,'Reajuste de kilogramos por interferencia cósmica.'),(7543,49,'2025-02-17 01:14:00',35,189,0,0,91,1,'2025-02-07 02:02:00',2,'El sistema tuvo un arrebato y decidió cambiarlo solo.'),(7544,49,'2025-02-17 00:58:00',35,189,0,0,91,1,'2025-02-07 01:49:00',2,'Reajuste de kilogramos por interferencia cósmica.'),(7545,49,'2025-02-17 00:29:00',36,181,1,6,91,1,'2025-02-07 03:07:00',2,'El operador pestañeó y apretó el botón sin querer.'),(7546,50,'2025-02-10 01:30:00',36,957,1,20,92,1,'2025-02-07 03:29:00',2,'El operador pestañeó y apretó el botón sin querer.'),(7547,50,'2025-02-10 01:48:00',35,919,0,0,92,1,'2025-02-07 03:29:00',2,'El jefe dijo que lo hiciera, pero no explicó por qué.'),(7548,51,'2025-02-13 01:42:00',35,590,0,0,92,1,'2025-02-07 02:41:00',2,'El jefe dijo que lo hiciera, pero no explicó por qué.'),(7549,51,'2025-02-13 02:00:00',35,590,0,0,92,1,'2025-02-07 02:27:00',2,'Cambio validado por la abuela experta en Tolvas.'),(7550,51,'2025-02-13 02:00:00',35,578,0,0,92,1,'2025-02-07 02:13:00',2,'El operador pestañeó y apretó el botón sin querer.'),(7551,51,'2025-02-13 02:00:00',35,561,0,0,92,1,'2025-02-07 01:59:00',2,'Simulación de terremoto causó variaciones aleatorias.'),(7552,51,'2025-02-13 02:00:00',35,561,0,0,92,1,'2025-02-07 01:45:00',2,'Simulación de terremoto causó variaciones aleatorias.'),(7553,51,'2025-02-13 02:00:00',36,561,0,0,92,1,'2025-02-07 02:41:00',2,'Ajuste por diferencia entre Tolva y Bins… otra vez.'),(7554,52,'2025-02-16 07:03:00',35,632,0,0,92,1,'2025-02-08 07:25:00',2,'Modificación motivada por la mística del sistema.'),(7555,52,'2025-02-16 07:03:00',36,632,0,0,92,1,'2025-02-08 07:09:00',2,'Se corrigió porque parecía sospechosamente perfecto.'),(7556,52,'2025-02-16 06:59:00',36,632,0,0,92,1,'2025-02-08 06:53:00',2,'Simulación de terremoto causó variaciones aleatorias.'),(7557,52,'2025-02-16 06:57:00',36,632,0,0,92,1,'2025-02-08 07:25:00',2,'Se corrigió porque parecía sospechosamente perfecto.'),(7558,53,'2025-02-16 06:28:00',35,809,0,0,94,1,'2025-02-08 07:41:00',2,'Simulación de terremoto causó variaciones aleatorias.'),(7559,53,'2025-02-16 06:25:00',35,809,0,0,94,1,'2025-02-08 07:41:00',2,'Reajuste de kilogramos por interferencia cósmica.'),(7560,54,'2025-02-09 06:49:00',35,736,0,0,91,1,'2025-02-08 07:46:00',2,'El sistema tuvo un arrebato y decidió cambiarlo solo.'),(7561,54,'2025-02-09 06:49:00',35,751,0,0,91,1,'2025-02-08 07:36:00',2,'Modificación motivada por la mística del sistema.'),(7562,54,'2025-02-09 07:15:00',35,751,0,0,91,1,'2025-02-08 07:26:00',2,'Se corrigió porque parecía sospechosamente perfecto.'),(7563,54,'2025-02-09 07:28:00',36,713,0,0,91,1,'2025-02-08 07:16:00',2,'Ajuste por diferencia entre Tolva y Bins… otra vez.'),(7564,54,'2025-02-09 07:28:00',35,713,0,0,91,1,'2025-02-08 07:06:00',2,'El jefe dijo que lo hiciera, pero no explicó por qué.'),(7565,54,'2025-02-09 07:15:00',35,713,0,0,91,1,'2025-02-08 06:56:00',2,'Ajuste por diferencia entre Tolva y Bins… otra vez.'),(7566,54,'2025-02-09 07:15:00',35,749,0,0,91,1,'2025-02-08 06:46:00',2,'El operador pestañeó y apretó el botón sin querer.'),(7567,54,'2025-02-09 07:15:00',35,749,0,0,91,1,'2025-02-08 07:46:00',2,'Simulación de terremoto causó variaciones aleatorias.'),(7568,55,'2025-02-09 06:36:00',35,731,0,0,95,1,'2025-02-08 07:25:00',2,'El sistema tuvo un arrebato y decidió cambiarlo solo.'),(7569,55,'2025-02-09 06:40:00',36,731,1,0,95,1,'2025-02-08 07:18:00',2,'Reajuste de kilogramos por interferencia cósmica.'),(7570,55,'2025-02-09 07:00:00',36,731,1,8,95,1,'2025-02-08 07:11:00',2,'Simulación de terremoto causó variaciones aleatorias.'),(7571,55,'2025-02-09 07:00:00',36,731,0,0,95,1,'2025-02-08 07:04:00',2,'Reajuste de kilogramos por interferencia cósmica.'),(7572,55,'2025-02-09 07:00:00',35,731,0,0,95,1,'2025-02-08 06:57:00',2,'Ajuste por diferencia entre Tolva y Bins… otra vez.'),(7573,55,'2025-02-09 07:00:00',35,717,0,0,95,1,'2025-02-08 06:50:00',2,'Simulación de terremoto causó variaciones aleatorias.'),(7574,55,'2025-02-09 07:00:00',35,717,0,0,95,1,'2025-02-08 06:43:00',2,'El sistema tuvo un arrebato y decidió cambiarlo solo.'),(7575,55,'2025-02-09 06:55:00',35,717,0,0,95,1,'2025-02-08 07:25:00',2,'Cambio por presión popular en la planta.'),(7576,57,'2025-02-11 06:58:00',35,624,0,0,94,1,'2025-02-08 07:15:00',2,'El jefe dijo que lo hiciera, pero no explicó por qué.'),(7577,57,'2025-02-11 06:58:00',35,649,0,0,94,1,'2025-02-08 07:02:00',2,'El jefe dijo que lo hiciera, pero no explicó por qué.'),(7578,57,'2025-02-11 06:35:00',35,649,0,0,94,1,'2025-02-08 06:49:00',2,'Modificación motivada por la mística del sistema.'),(7579,57,'2025-02-11 06:35:00',35,623,0,0,94,1,'2025-02-08 07:15:00',2,'Reajuste de kilogramos por interferencia cósmica.'),(7580,58,'2025-02-15 06:08:00',35,781,0,0,94,1,'2025-02-08 07:24:00',2,'Ajuste por diferencia entre Tolva y Bins… otra vez.'),(7581,58,'2025-02-15 06:08:00',35,757,0,0,94,1,'2025-02-08 07:00:00',2,'Ajuste por diferencia entre Tolva y Bins… otra vez.'),(7582,58,'2025-02-15 06:35:00',35,757,0,0,94,1,'2025-02-08 07:24:00',2,'Cambio validado por la abuela experta en Tolvas.'),(7583,59,'2025-02-11 11:42:00',35,319,0,0,94,1,'2025-02-09 13:17:00',2,'Ajuste por diferencia entre Tolva y Bins… otra vez.'),(7584,59,'2025-02-11 11:44:00',36,319,1,0,94,1,'2025-02-09 12:46:00',2,'El operador pestañeó y apretó el botón sin querer.'),(7585,59,'2025-02-11 11:44:00',35,319,0,0,94,1,'2025-02-09 12:15:00',2,'Simulación de terremoto causó variaciones aleatorias.'),(7586,59,'2025-02-11 11:44:00',36,319,0,0,94,1,'2025-02-09 13:17:00',2,'El jefe dijo que lo hiciera, pero no explicó por qué.'),(7587,60,'2025-02-15 11:42:00',36,266,0,0,96,1,'2025-02-09 13:07:00',2,'Se corrigió porque parecía sospechosamente perfecto.'),(7588,60,'2025-02-15 11:42:00',35,263,0,0,96,1,'2025-02-09 12:55:00',2,'Modificación motivada por la mística del sistema.'),(7589,60,'2025-02-15 11:42:00',36,263,0,0,96,1,'2025-02-09 12:43:00',2,'El operador pestañeó y apretó el botón sin querer.'),(7590,60,'2025-02-15 11:42:00',35,263,0,0,96,1,'2025-02-09 12:31:00',2,'Cambio por presión popular en la planta.'),(7591,60,'2025-02-15 11:23:00',35,263,0,0,96,1,'2025-02-09 12:19:00',2,'Modificación motivada por la mística del sistema.'),(7592,60,'2025-02-15 11:23:00',36,263,0,0,96,1,'2025-02-09 12:07:00',2,'El jefe dijo que lo hiciera, pero no explicó por qué.'),(7593,60,'2025-02-15 11:23:00',35,263,0,0,96,1,'2025-02-09 11:55:00',2,'El jefe dijo que lo hiciera, pero no explicó por qué.'),(7594,60,'2025-02-15 11:23:00',36,263,0,0,96,1,'2025-02-09 13:07:00',2,'Ajuste por diferencia entre Tolva y Bins… otra vez.'),(7595,61,'2025-02-13 11:40:00',36,251,1,0,91,1,'2025-02-09 12:18:00',2,'Cambio por presión popular en la planta.'),(7596,61,'2025-02-13 11:40:00',35,251,0,0,91,1,'2025-02-09 12:06:00',2,'Reajuste de kilogramos por interferencia cósmica.'),(7597,61,'2025-02-13 11:40:00',36,251,0,0,91,1,'2025-02-09 11:54:00',2,'Se corrigió porque parecía sospechosamente perfecto.'),(7598,61,'2025-02-13 11:40:00',36,259,0,0,91,1,'2025-02-09 12:18:00',2,'El jefe dijo que lo hiciera, pero no explicó por qué.'),(7599,62,'2025-02-19 11:18:00',35,517,0,0,95,1,'2025-02-09 13:28:00',2,'El jefe dijo que lo hiciera, pero no explicó por qué.'),(7600,62,'2025-02-19 11:18:00',35,501,0,0,95,1,'2025-02-09 12:35:00',2,'Ajuste por diferencia entre Tolva y Bins… otra vez.'),(7601,62,'2025-02-19 11:18:00',35,481,0,0,95,1,'2025-02-09 13:28:00',2,'El jefe dijo que lo hiciera, pero no explicó por qué.'),(7602,64,'2025-02-21 21:54:00',35,976,0,0,94,1,'2025-02-11 22:31:00',2,'Cambio validado por la abuela experta en Tolvas.'),(7603,64,'2025-02-21 22:22:00',35,976,0,0,94,1,'2025-02-11 22:22:00',2,'Modificación motivada por la mística del sistema.'),(7604,64,'2025-02-21 22:22:00',35,947,0,0,94,1,'2025-02-11 22:13:00',2,'El jefe dijo que lo hiciera, pero no explicó por qué.'),(7605,64,'2025-02-21 22:41:00',35,947,0,0,94,1,'2025-02-11 22:04:00',2,'El operador pestañeó y apretó el botón sin querer.'),(7606,64,'2025-02-21 22:41:00',35,966,0,0,94,1,'2025-02-11 22:31:00',2,'El jefe dijo que lo hiciera, pero no explicó por qué.'),(7607,66,'2025-02-17 03:00:00',35,800,0,0,91,1,'2025-02-13 04:07:00',2,'Ajuste por diferencia entre Tolva y Bins… otra vez.'),(7608,66,'2025-02-17 03:00:00',35,816,0,0,91,1,'2025-02-13 03:45:00',2,'El jefe dijo que lo hiciera, pero no explicó por qué.'),(7609,66,'2025-02-17 03:00:00',36,816,0,0,91,1,'2025-02-13 03:23:00',2,'El sistema tuvo un arrebato y decidió cambiarlo solo.'),(7610,66,'2025-02-17 03:00:00',36,816,1,0,91,1,'2025-02-13 04:07:00',2,'El jefe dijo que lo hiciera, pero no explicó por qué.'),(7611,67,'2025-02-22 03:00:00',35,346,0,0,92,1,'2025-02-13 04:43:00',2,'Cambio por presión popular en la planta.'),(7612,67,'2025-02-22 03:00:00',36,346,1,0,92,1,'2025-02-13 04:18:00',2,'Cambio validado por la abuela experta en Tolvas.'),(7613,67,'2025-02-22 03:03:00',36,346,0,0,92,1,'2025-02-13 03:53:00',2,'Ajuste por diferencia entre Tolva y Bins… otra vez.'),(7614,67,'2025-02-22 02:49:00',35,346,0,0,92,1,'2025-02-13 03:28:00',2,'Modificación motivada por la mística del sistema.'),(7615,67,'2025-02-22 02:49:00',36,335,0,0,92,1,'2025-02-13 04:43:00',2,'Simulación de terremoto causó variaciones aleatorias.'),(7616,70,'2025-02-24 08:06:00',35,850,0,0,94,1,'2025-02-14 09:39:00',2,'Cambio por presión popular en la planta.'),(7617,70,'2025-02-24 08:06:00',36,850,1,0,94,1,'2025-02-14 09:39:00',2,'El operador pestañeó y apretó el botón sin querer.'),(7618,71,'2025-02-24 08:06:00',35,350,0,0,94,1,'2025-02-14 09:28:00',2,'Simulación de terremoto causó variaciones aleatorias.'),(7619,71,'2025-02-24 08:04:00',36,350,0,0,94,1,'2025-02-14 09:08:00',2,'Ajuste por diferencia entre Tolva y Bins… otra vez.'),(7620,71,'2025-02-24 07:51:00',36,350,0,0,94,1,'2025-02-14 08:48:00',2,'Se corrigió porque parecía sospechosamente perfecto.'),(7621,71,'2025-02-24 07:51:00',35,340,0,0,94,1,'2025-02-14 08:28:00',2,'El operador pestañeó y apretó el botón sin querer.'),(7622,71,'2025-02-24 07:51:00',35,330,0,0,94,1,'2025-02-14 09:28:00',2,'Cambio validado por la abuela experta en Tolvas.'),(7623,72,'2025-02-21 08:06:00',36,364,0,0,92,1,'2025-02-14 08:38:00',2,'Modificación motivada por la mística del sistema.'),(7624,72,'2025-02-21 08:06:00',36,364,1,0,92,1,'2025-02-14 08:33:00',2,'Se corrigió porque parecía sospechosamente perfecto.'),(7625,72,'2025-02-21 08:00:00',36,364,1,0,92,1,'2025-02-14 08:28:00',2,'Simulación de terremoto causó variaciones aleatorias.'),(7626,72,'2025-02-21 08:00:00',36,364,1,0,92,1,'2025-02-14 08:23:00',2,'Modificación motivada por la mística del sistema.'),(7627,72,'2025-02-21 08:00:00',36,371,1,0,92,1,'2025-02-14 08:18:00',2,'Reajuste de kilogramos por interferencia cósmica.'),(7628,72,'2025-02-21 07:40:00',36,371,1,0,92,1,'2025-02-14 08:13:00',2,'Se corrigió porque parecía sospechosamente perfecto.'),(7629,72,'2025-02-21 07:40:00',36,371,1,13,92,1,'2025-02-14 08:38:00',2,'Se corrigió porque parecía sospechosamente perfecto.'),(7630,73,'2025-02-16 08:13:00',36,409,1,0,95,1,'2025-02-14 08:47:00',2,'El operador pestañeó y apretó el botón sin querer.'),(7631,73,'2025-02-16 08:13:00',36,409,0,0,95,1,'2025-02-14 08:34:00',2,'El jefe dijo que lo hiciera, pero no explicó por qué.'),(7632,73,'2025-02-16 08:13:00',36,409,1,0,95,1,'2025-02-14 08:21:00',2,'Ajuste por diferencia entre Tolva y Bins… otra vez.'),(7633,73,'2025-02-16 08:13:00',36,409,1,27,95,1,'2025-02-14 08:47:00',2,'El sistema tuvo un arrebato y decidió cambiarlo solo.'),(7634,74,'2025-02-17 13:12:00',36,376,0,0,94,1,'2025-02-15 14:58:00',2,'Reajuste de kilogramos por interferencia cósmica.'),(7635,74,'2025-02-17 12:46:00',35,376,0,0,94,1,'2025-02-15 14:05:00',2,'Modificación motivada por la mística del sistema.'),(7636,74,'2025-02-17 12:41:00',35,376,0,0,94,1,'2025-02-15 14:58:00',2,'Se corrigió porque parecía sospechosamente perfecto.'),(7637,75,'2025-02-23 13:13:00',36,915,1,17,94,1,'2025-02-15 14:27:00',2,'Cambio validado por la abuela experta en Tolvas.'),(7638,75,'2025-02-23 13:34:00',36,915,1,17,94,1,'2025-02-15 14:02:00',2,'Cambio validado por la abuela experta en Tolvas.'),(7639,75,'2025-02-23 13:34:00',36,915,1,8,94,1,'2025-02-15 13:37:00',2,'El operador pestañeó y apretó el botón sin querer.'),(7640,75,'2025-02-23 13:18:00',35,915,0,0,94,1,'2025-02-15 14:27:00',2,'Cambio validado por la abuela experta en Tolvas.'),(7641,76,'2025-02-18 13:12:00',36,443,0,0,95,1,'2025-02-15 13:56:00',2,'El jefe dijo que lo hiciera, pero no explicó por qué.'),(7642,76,'2025-02-18 13:12:00',35,443,0,0,95,1,'2025-02-15 13:50:00',2,'El sistema tuvo un arrebato y decidió cambiarlo solo.'),(7643,76,'2025-02-18 13:12:00',36,443,0,0,95,1,'2025-02-15 13:44:00',2,'Cambio validado por la abuela experta en Tolvas.'),(7644,76,'2025-02-18 13:12:00',35,443,0,0,95,1,'2025-02-15 13:38:00',2,'El jefe dijo que lo hiciera, pero no explicó por qué.'),(7645,76,'2025-02-18 13:12:00',36,443,0,0,95,1,'2025-02-15 13:32:00',2,'Cambio validado por la abuela experta en Tolvas.'),(7646,76,'2025-02-18 13:12:00',36,443,1,0,95,1,'2025-02-15 13:26:00',2,'Reajuste de kilogramos por interferencia cósmica.'),(7647,76,'2025-02-18 13:12:00',35,443,0,0,95,1,'2025-02-15 13:20:00',2,'El sistema tuvo un arrebato y decidió cambiarlo solo.'),(7648,76,'2025-02-18 13:12:00',36,443,0,0,95,1,'2025-02-15 13:56:00',2,'El jefe dijo que lo hiciera, pero no explicó por qué.'),(7649,77,'2025-02-21 13:12:00',36,711,0,0,94,1,'2025-02-15 14:00:00',2,'Cambio por presión popular en la planta.'),(7650,77,'2025-02-21 13:24:00',35,711,0,0,94,1,'2025-02-15 13:52:00',2,'El jefe dijo que lo hiciera, pero no explicó por qué.'),(7651,77,'2025-02-21 13:24:00',36,711,1,0,94,1,'2025-02-15 13:44:00',2,'Cambio por presión popular en la planta.'),(7652,77,'2025-02-21 13:43:00',35,711,0,0,94,1,'2025-02-15 13:36:00',2,'El sistema tuvo un arrebato y decidió cambiarlo solo.'),(7653,77,'2025-02-21 13:43:00',35,675,0,0,94,1,'2025-02-15 13:28:00',2,'El sistema tuvo un arrebato y decidió cambiarlo solo.'),(7654,77,'2025-02-21 13:43:00',35,669,0,0,94,1,'2025-02-15 13:20:00',2,'Cambio por presión popular en la planta.'),(7655,77,'2025-02-21 13:58:00',35,669,0,0,94,1,'2025-02-15 14:00:00',2,'Reajuste de kilogramos por interferencia cósmica.'),(7656,78,'2025-02-19 12:44:00',36,641,1,11,93,1,'2025-02-15 14:44:00',2,'Reajuste de kilogramos por interferencia cósmica.'),(7657,78,'2025-02-19 12:44:00',36,641,0,0,93,1,'2025-02-15 14:26:00',2,'Cambio por presión popular en la planta.'),(7658,78,'2025-02-19 12:44:00',35,641,0,0,93,1,'2025-02-15 14:08:00',2,'Modificación motivada por la mística del sistema.'),(7659,78,'2025-02-19 12:32:00',35,641,0,0,93,1,'2025-02-15 13:50:00',2,'Simulación de terremoto causó variaciones aleatorias.'),(7660,78,'2025-02-19 12:32:00',36,641,0,0,93,1,'2025-02-15 13:32:00',2,'El operador pestañeó y apretó el botón sin querer.'),(7661,78,'2025-02-19 12:43:00',36,609,1,0,93,1,'2025-02-15 14:44:00',2,'El jefe dijo que lo hiciera, pero no explicó por qué.'),(7662,79,'2025-02-19 13:12:00',36,351,1,29,91,1,'2025-02-15 14:16:00',2,'Se corrigió porque parecía sospechosamente perfecto.'),(7663,79,'2025-02-19 13:39:00',36,351,1,29,91,1,'2025-02-15 13:44:00',2,'Cambio validado por la abuela experta en Tolvas.'),(7664,79,'2025-02-19 13:39:00',35,355,0,0,91,1,'2025-02-15 14:16:00',2,'Ajuste por diferencia entre Tolva y Bins… otra vez.'),(7665,80,'2025-02-18 13:12:00',36,824,1,0,91,1,'2025-02-15 14:42:00',2,'Cambio por presión popular en la planta.'),(7666,80,'2025-02-18 13:12:00',35,824,0,0,91,1,'2025-02-15 14:30:00',2,'Ajuste por diferencia entre Tolva y Bins… otra vez.'),(7667,80,'2025-02-18 13:12:00',36,824,0,0,91,1,'2025-02-15 14:18:00',2,'El operador pestañeó y apretó el botón sin querer.'),(7668,80,'2025-02-18 13:12:00',36,849,0,0,91,1,'2025-02-15 14:06:00',2,'El operador pestañeó y apretó el botón sin querer.'),(7669,80,'2025-02-18 13:12:00',35,849,0,0,91,1,'2025-02-15 13:54:00',2,'El sistema tuvo un arrebato y decidió cambiarlo solo.'),(7670,80,'2025-02-18 13:39:00',35,840,0,0,91,1,'2025-02-15 13:42:00',2,'Modificación motivada por la mística del sistema.'),(7671,80,'2025-02-18 13:39:00',36,840,1,0,91,1,'2025-02-15 13:30:00',2,'El operador pestañeó y apretó el botón sin querer.'),(7672,80,'2025-02-18 14:00:00',36,840,1,0,91,1,'2025-02-15 14:42:00',2,'El sistema tuvo un arrebato y decidió cambiarlo solo.'),(7673,81,'2025-02-21 13:12:00',35,736,0,0,91,1,'2025-02-15 14:24:00',2,'El jefe dijo que lo hiciera, pero no explicó por qué.'),(7674,81,'2025-02-21 13:12:00',36,736,0,0,91,1,'2025-02-15 14:06:00',2,'Se corrigió porque parecía sospechosamente perfecto.'),(7675,81,'2025-02-21 13:13:00',36,736,0,0,91,1,'2025-02-15 13:48:00',2,'Cambio validado por la abuela experta en Tolvas.'),(7676,81,'2025-02-21 13:13:00',35,699,0,0,91,1,'2025-02-15 13:30:00',2,'Simulación de terremoto causó variaciones aleatorias.'),(7677,81,'2025-02-21 13:13:00',36,699,0,0,91,1,'2025-02-15 14:24:00',2,'El operador pestañeó y apretó el botón sin querer.'),(7678,82,'2025-02-24 18:40:00',35,219,0,0,92,1,'2025-02-16 18:48:00',2,'Ajuste por diferencia entre Tolva y Bins… otra vez.'),(7679,82,'2025-02-24 18:40:00',35,210,0,0,92,1,'2025-02-16 18:41:00',2,'Cambio por presión popular en la planta.'),(7680,82,'2025-02-24 18:28:00',36,206,0,0,92,1,'2025-02-16 18:34:00',2,'Cambio por presión popular en la planta.'),(7681,82,'2025-02-24 18:32:00',36,206,0,0,92,1,'2025-02-16 18:27:00',2,'Reajuste de kilogramos por interferencia cósmica.'),(7682,82,'2025-02-24 18:40:00',36,202,0,0,92,1,'2025-02-16 18:48:00',2,'Se corrigió porque parecía sospechosamente perfecto.'),(7683,83,'2025-02-26 18:18:00',36,387,1,0,91,1,'2025-02-16 19:24:00',2,'Cambio por presión popular en la planta.'),(7684,83,'2025-02-26 18:06:00',35,387,0,0,91,1,'2025-02-16 19:02:00',2,'Simulación de terremoto causó variaciones aleatorias.'),(7685,83,'2025-02-26 18:06:00',36,387,1,0,91,1,'2025-02-16 18:40:00',2,'Ajuste por diferencia entre Tolva y Bins… otra vez.'),(7686,83,'2025-02-26 18:02:00',36,375,1,27,91,1,'2025-02-16 19:24:00',2,'El operador pestañeó y apretó el botón sin querer.'),(7687,84,'2025-02-19 18:18:00',36,314,0,0,91,1,'2025-02-16 18:59:00',2,'Modificación motivada por la mística del sistema.'),(7688,84,'2025-02-19 18:06:00',36,304,1,0,91,1,'2025-02-16 18:51:00',2,'El operador pestañeó y apretó el botón sin querer.'),(7689,84,'2025-02-19 18:06:00',36,304,0,0,91,1,'2025-02-16 18:43:00',2,'Modificación motivada por la mística del sistema.'),(7690,84,'2025-02-19 18:06:00',35,304,0,0,91,1,'2025-02-16 18:35:00',2,'Cambio validado por la abuela experta en Tolvas.'),(7691,84,'2025-02-19 18:06:00',35,301,0,0,91,1,'2025-02-16 18:27:00',2,'Cambio validado por la abuela experta en Tolvas.'),(7692,84,'2025-02-19 18:06:00',35,292,0,0,91,1,'2025-02-16 18:59:00',2,'Ajuste por diferencia entre Tolva y Bins… otra vez.'),(7693,85,'2025-02-26 18:18:00',36,860,0,0,92,1,'2025-02-16 20:16:00',2,'Modificación motivada por la mística del sistema.'),(7694,85,'2025-02-26 18:18:00',35,860,0,0,92,1,'2025-02-16 19:53:00',2,'El operador pestañeó y apretó el botón sin querer.'),(7695,85,'2025-02-26 18:18:00',35,851,0,0,92,1,'2025-02-16 19:30:00',2,'Ajuste por diferencia entre Tolva y Bins… otra vez.'),(7696,85,'2025-02-26 18:18:00',36,851,1,0,92,1,'2025-02-16 19:07:00',2,'Se corrigió porque parecía sospechosamente perfecto.'),(7697,85,'2025-02-26 18:04:00',36,851,1,0,92,1,'2025-02-16 18:44:00',2,'El operador pestañeó y apretó el botón sin querer.'),(7698,85,'2025-02-26 18:04:00',36,851,1,15,92,1,'2025-02-16 20:16:00',2,'El jefe dijo que lo hiciera, pero no explicó por qué.'),(7699,86,'2025-02-23 18:18:00',35,959,0,0,94,1,'2025-02-16 19:22:00',2,'Se corrigió porque parecía sospechosamente perfecto.'),(7700,86,'2025-02-23 18:39:00',35,959,0,0,94,1,'2025-02-16 19:12:00',2,'Cambio por presión popular en la planta.'),(7701,86,'2025-02-23 18:15:00',35,959,0,0,94,1,'2025-02-16 19:02:00',2,'Se corrigió porque parecía sospechosamente perfecto.'),(7702,86,'2025-02-23 18:15:00',35,1007,0,0,94,1,'2025-02-16 18:52:00',2,'El sistema tuvo un arrebato y decidió cambiarlo solo.'),(7703,86,'2025-02-23 18:15:00',36,1007,0,0,94,1,'2025-02-16 18:42:00',2,'Reajuste de kilogramos por interferencia cósmica.'),(7704,86,'2025-02-23 18:15:00',35,1007,0,0,94,1,'2025-02-16 18:32:00',2,'Se corrigió porque parecía sospechosamente perfecto.'),(7705,86,'2025-02-23 18:15:00',35,1007,0,0,94,1,'2025-02-16 19:22:00',2,'Se corrigió porque parecía sospechosamente perfecto.'),(7706,87,'2025-02-21 18:18:00',36,472,1,0,92,1,'2025-02-16 20:07:00',2,'Modificación motivada por la mística del sistema.'),(7707,87,'2025-02-21 18:18:00',36,491,0,0,92,1,'2025-02-16 19:31:00',2,'Simulación de terremoto causó variaciones aleatorias.'),(7708,87,'2025-02-21 18:07:00',36,491,0,0,92,1,'2025-02-16 18:55:00',2,'Reajuste de kilogramos por interferencia cósmica.'),(7709,87,'2025-02-21 17:46:00',36,491,1,23,92,1,'2025-02-16 20:07:00',2,'El sistema tuvo un arrebato y decidió cambiarlo solo.'),(7710,88,'2025-02-21 18:18:00',36,767,1,9,94,1,'2025-02-16 20:02:00',2,'Modificación motivada por la mística del sistema.'),(7711,88,'2025-02-21 18:18:00',35,767,0,0,94,1,'2025-02-16 19:36:00',2,'Cambio por presión popular en la planta.'),(7712,88,'2025-02-21 17:57:00',35,767,0,0,94,1,'2025-02-16 19:10:00',2,'Reajuste de kilogramos por interferencia cósmica.'),(7713,88,'2025-02-21 17:42:00',36,805,0,0,94,1,'2025-02-16 18:44:00',2,'Cambio por presión popular en la planta.'),(7714,88,'2025-02-21 17:22:00',36,805,0,0,94,1,'2025-02-16 20:02:00',2,'El jefe dijo que lo hiciera, pero no explicó por qué.'),(7715,89,'2025-02-24 18:18:00',35,603,0,0,93,1,'2025-02-16 18:50:00',2,'Ajuste por diferencia entre Tolva y Bins… otra vez.'),(7716,90,'2025-02-26 18:18:00',36,148,0,0,94,1,'2025-02-16 19:29:00',2,'Simulación de terremoto causó variaciones aleatorias.'),(7717,90,'2025-02-26 18:18:00',35,148,0,0,94,1,'2025-02-16 19:15:00',2,'Simulación de terremoto causó variaciones aleatorias.'),(7718,90,'2025-02-26 17:53:00',36,148,0,0,94,1,'2025-02-16 19:01:00',2,'El sistema tuvo un arrebato y decidió cambiarlo solo.'),(7719,90,'2025-02-26 17:29:00',35,148,0,0,94,1,'2025-02-16 18:47:00',2,'Modificación motivada por la mística del sistema.'),(7720,90,'2025-02-26 17:22:00',35,148,0,0,94,1,'2025-02-16 18:33:00',2,'Ajuste por diferencia entre Tolva y Bins… otra vez.'),(7721,90,'2025-02-26 17:11:00',35,148,0,0,94,1,'2025-02-16 19:29:00',2,'Cambio por presión popular en la planta.'),(7722,92,'2025-02-18 23:24:00',36,480,0,0,94,1,'2025-02-18 01:06:00',2,'Cambio por presión popular en la planta.'),(7723,92,'2025-02-18 23:24:00',36,494,1,0,94,1,'2025-02-18 00:54:00',2,'Modificación motivada por la mística del sistema.'),(7724,92,'2025-02-18 23:24:00',36,480,1,0,94,1,'2025-02-18 00:42:00',2,'Modificación motivada por la mística del sistema.'),(7725,92,'2025-02-18 23:14:00',36,480,0,0,94,1,'2025-02-18 00:30:00',2,'Cambio validado por la abuela experta en Tolvas.'),(7726,92,'2025-02-18 23:43:00',36,480,0,0,94,1,'2025-02-18 00:18:00',2,'El operador pestañeó y apretó el botón sin querer.'),(7727,92,'2025-02-18 23:43:00',35,480,0,0,94,1,'2025-02-18 00:06:00',2,'El sistema tuvo un arrebato y decidió cambiarlo solo.'),(7728,92,'2025-02-18 23:43:00',36,480,1,0,94,1,'2025-02-17 23:54:00',2,'Cambio por presión popular en la planta.'),(7729,92,'2025-02-18 23:43:00',36,494,1,0,94,1,'2025-02-17 23:42:00',2,'Ajuste por diferencia entre Tolva y Bins… otra vez.'),(7730,92,'2025-02-18 23:43:00',35,494,0,0,94,1,'2025-02-18 01:06:00',2,'El jefe dijo que lo hiciera, pero no explicó por qué.'),(7731,93,'2025-02-19 23:03:00',35,322,0,0,95,1,'2025-02-18 01:19:00',2,'Modificación motivada por la mística del sistema.'),(7732,93,'2025-02-19 23:03:00',36,322,1,0,95,1,'2025-02-18 00:41:00',2,'Cambio por presión popular en la planta.'),(7733,93,'2025-02-19 22:46:00',36,322,1,0,95,1,'2025-02-18 00:03:00',2,'Modificación motivada por la mística del sistema.'),(7734,93,'2025-02-19 23:02:00',36,322,1,0,95,1,'2025-02-18 01:19:00',2,'El sistema tuvo un arrebato y decidió cambiarlo solo.'),(7735,94,'2025-02-22 23:24:00',35,333,0,0,94,1,'2025-02-18 01:03:00',2,'Cambio validado por la abuela experta en Tolvas.'),(7736,94,'2025-02-22 23:52:00',35,333,0,0,94,1,'2025-02-18 00:30:00',2,'Simulación de terremoto causó variaciones aleatorias.'),(7737,94,'2025-02-22 23:52:00',35,337,0,0,94,1,'2025-02-17 23:57:00',2,'Cambio validado por la abuela experta en Tolvas.'),(7738,94,'2025-02-22 23:32:00',35,337,0,0,94,1,'2025-02-18 01:03:00',2,'Cambio por presión popular en la planta.'),(7739,95,'2025-02-23 23:24:00',36,489,1,29,91,1,'2025-02-18 01:07:00',2,'Cambio por presión popular en la planta.'),(7740,95,'2025-02-23 23:44:00',36,489,0,0,91,1,'2025-02-18 00:33:00',2,'El operador pestañeó y apretó el botón sin querer.'),(7741,95,'2025-02-23 23:44:00',36,489,1,0,91,1,'2025-02-17 23:59:00',2,'El operador pestañeó y apretó el botón sin querer.'),(7742,95,'2025-02-23 23:44:00',35,489,0,0,91,1,'2025-02-18 01:07:00',2,'Modificación motivada por la mística del sistema.'),(7743,96,'2025-02-26 23:26:00',35,584,0,0,93,1,'2025-02-18 00:58:00',2,'El jefe dijo que lo hiciera, pero no explicó por qué.'),(7744,96,'2025-02-26 23:24:00',35,584,0,0,93,1,'2025-02-18 00:45:00',2,'Reajuste de kilogramos por interferencia cósmica.'),(7745,96,'2025-02-26 23:06:00',36,584,1,0,93,1,'2025-02-18 00:32:00',2,'Reajuste de kilogramos por interferencia cósmica.'),(7746,96,'2025-02-26 22:40:00',36,584,1,0,93,1,'2025-02-18 00:19:00',2,'Ajuste por diferencia entre Tolva y Bins… otra vez.'),(7747,96,'2025-02-26 22:40:00',35,607,0,0,93,1,'2025-02-18 00:06:00',2,'Cambio validado por la abuela experta en Tolvas.'),(7748,96,'2025-02-26 22:40:00',36,607,1,0,93,1,'2025-02-17 23:53:00',2,'Se corrigió porque parecía sospechosamente perfecto.'),(7749,96,'2025-02-26 22:40:00',36,607,1,2,93,1,'2025-02-17 23:40:00',2,'Ajuste por diferencia entre Tolva y Bins… otra vez.'),(7750,96,'2025-02-26 22:40:00',36,607,0,0,93,1,'2025-02-18 00:58:00',2,'Simulación de terremoto causó variaciones aleatorias.'),(7751,97,'2025-02-20 23:24:00',35,862,0,0,94,1,'2025-02-18 01:13:00',2,'El sistema tuvo un arrebato y decidió cambiarlo solo.'),(7752,97,'2025-02-20 23:24:00',35,819,0,0,94,1,'2025-02-18 01:00:00',2,'El sistema tuvo un arrebato y decidió cambiarlo solo.'),(7753,97,'2025-02-20 23:24:00',35,811,0,0,94,1,'2025-02-18 00:47:00',2,'Modificación motivada por la mística del sistema.'),(7754,97,'2025-02-20 23:27:00',35,795,0,0,94,1,'2025-02-18 00:34:00',2,'Simulación de terremoto causó variaciones aleatorias.'),(7755,97,'2025-02-20 23:21:00',35,795,0,0,94,1,'2025-02-18 00:21:00',2,'Ajuste por diferencia entre Tolva y Bins… otra vez.'),(7756,97,'2025-02-20 23:29:00',36,795,0,0,94,1,'2025-02-18 00:08:00',2,'Cambio validado por la abuela experta en Tolvas.'),(7757,97,'2025-02-20 23:52:00',36,795,0,0,94,1,'2025-02-17 23:55:00',2,'El jefe dijo que lo hiciera, pero no explicó por qué.'),(7758,97,'2025-02-20 23:52:00',36,810,0,0,94,1,'2025-02-17 23:42:00',2,'Ajuste por diferencia entre Tolva y Bins… otra vez.'),(7759,97,'2025-02-20 23:52:00',35,810,0,0,94,1,'2025-02-18 01:13:00',2,'El operador pestañeó y apretó el botón sin querer.'),(7760,98,'2025-02-24 23:24:00',36,901,0,0,94,1,'2025-02-18 01:05:00',2,'Modificación motivada por la mística del sistema.'),(7761,98,'2025-02-24 23:24:00',35,892,0,0,94,1,'2025-02-18 00:45:00',2,'El operador pestañeó y apretó el botón sin querer.'),(7762,98,'2025-02-24 23:30:00',35,892,0,0,94,1,'2025-02-18 00:25:00',2,'Ajuste por diferencia entre Tolva y Bins… otra vez.'),(7763,98,'2025-02-24 23:30:00',35,901,0,0,94,1,'2025-02-18 00:05:00',2,'Reajuste de kilogramos por interferencia cósmica.'),(7764,98,'2025-02-24 23:38:00',35,901,0,0,94,1,'2025-02-17 23:45:00',2,'Se corrigió porque parecía sospechosamente perfecto.'),(7765,98,'2025-02-24 23:38:00',36,901,1,7,94,1,'2025-02-18 01:05:00',2,'El jefe dijo que lo hiciera, pero no explicó por qué.'),(7766,99,'2025-02-22 04:30:00',36,192,0,0,95,1,'2025-02-19 05:31:00',2,'Se corrigió porque parecía sospechosamente perfecto.'),(7767,99,'2025-02-22 04:30:00',35,192,0,0,95,1,'2025-02-19 05:01:00',2,'El sistema tuvo un arrebato y decidió cambiarlo solo.'),(7768,99,'2025-02-22 04:19:00',36,190,0,0,95,1,'2025-02-19 05:31:00',2,'Se corrigió porque parecía sospechosamente perfecto.'),(7769,101,'2025-02-22 04:47:00',35,960,0,0,95,1,'2025-02-19 05:31:00',2,'Se corrigió porque parecía sospechosamente perfecto.'),(7770,101,'2025-02-22 04:47:00',36,960,0,0,95,1,'2025-02-19 05:01:00',2,'Ajuste por diferencia entre Tolva y Bins… otra vez.'),(7771,101,'2025-02-22 04:47:00',35,960,0,0,95,1,'2025-02-19 05:31:00',2,'Modificación motivada por la mística del sistema.'),(7772,102,'2025-03-01 04:30:00',35,197,0,0,91,1,'2025-02-19 05:37:00',2,'Se corrigió porque parecía sospechosamente perfecto.'),(7773,102,'2025-03-01 04:33:00',35,197,0,0,91,1,'2025-02-19 05:26:00',2,'Reajuste de kilogramos por interferencia cósmica.'),(7774,102,'2025-03-01 04:55:00',36,197,0,0,91,1,'2025-02-19 05:15:00',2,'Se corrigió porque parecía sospechosamente perfecto.'),(7775,102,'2025-03-01 04:47:00',35,197,0,0,91,1,'2025-02-19 05:04:00',2,'El sistema tuvo un arrebato y decidió cambiarlo solo.'),(7776,102,'2025-03-01 04:47:00',36,197,0,0,91,1,'2025-02-19 04:53:00',2,'Cambio validado por la abuela experta en Tolvas.'),(7777,102,'2025-03-01 04:47:00',36,197,1,7,91,1,'2025-02-19 04:42:00',2,'Reajuste de kilogramos por interferencia cósmica.'),(7778,102,'2025-03-01 04:47:00',36,189,1,7,91,1,'2025-02-19 05:37:00',2,'El sistema tuvo un arrebato y decidió cambiarlo solo.'),(7779,103,'2025-02-22 04:30:00',35,687,0,0,92,1,'2025-02-19 05:51:00',2,'El sistema tuvo un arrebato y decidió cambiarlo solo.'),(7780,103,'2025-02-22 04:44:00',35,687,0,0,92,1,'2025-02-19 05:11:00',2,'El sistema tuvo un arrebato y decidió cambiarlo solo.'),(7781,103,'2025-02-22 04:42:00',36,687,1,0,92,1,'2025-02-19 05:51:00',2,'Reajuste de kilogramos por interferencia cósmica.'),(7782,104,'2025-02-22 04:30:00',36,168,0,0,93,1,'2025-02-19 05:55:00',2,'Simulación de terremoto causó variaciones aleatorias.'),(7783,104,'2025-02-22 04:30:00',36,166,1,0,93,1,'2025-02-19 05:55:00',2,'Simulación de terremoto causó variaciones aleatorias.'),(7784,105,'2025-02-20 04:30:00',36,746,1,0,91,1,'2025-02-19 05:49:00',2,'El jefe dijo que lo hiciera, pero no explicó por qué.'),(7785,105,'2025-02-20 04:30:00',36,724,1,0,91,1,'2025-02-19 05:49:00',2,'Cambio por presión popular en la planta.'),(7786,106,'2025-02-23 04:30:00',36,400,1,0,91,1,'2025-02-19 06:24:00',2,'Se corrigió porque parecía sospechosamente perfecto.'),(7787,106,'2025-02-23 04:30:00',35,392,0,0,91,1,'2025-02-19 06:05:00',2,'El operador pestañeó y apretó el botón sin querer.'),(7788,106,'2025-02-23 04:50:00',35,392,0,0,91,1,'2025-02-19 05:46:00',2,'El operador pestañeó y apretó el botón sin querer.'),(7789,106,'2025-02-23 04:23:00',36,392,0,0,91,1,'2025-02-19 05:27:00',2,'El jefe dijo que lo hiciera, pero no explicó por qué.'),(7790,106,'2025-02-23 04:23:00',36,392,1,0,91,1,'2025-02-19 05:08:00',2,'Se corrigió porque parecía sospechosamente perfecto.'),(7791,106,'2025-02-23 04:23:00',36,388,1,0,91,1,'2025-02-19 04:49:00',2,'Ajuste por diferencia entre Tolva y Bins… otra vez.'),(7792,106,'2025-02-23 04:23:00',36,388,1,19,91,1,'2025-02-19 06:24:00',2,'Reajuste de kilogramos por interferencia cósmica.'),(7793,107,'2025-02-23 04:31:00',36,208,0,0,91,1,'2025-02-19 05:49:00',2,'Modificación motivada por la mística del sistema.'),(7794,107,'2025-02-23 04:26:00',36,208,0,0,91,1,'2025-02-19 05:30:00',2,'Se corrigió porque parecía sospechosamente perfecto.'),(7795,107,'2025-02-23 04:26:00',35,208,0,0,91,1,'2025-02-19 05:11:00',2,'Ajuste por diferencia entre Tolva y Bins… otra vez.'),(7796,107,'2025-02-23 04:26:00',35,214,0,0,91,1,'2025-02-19 04:52:00',2,'Reajuste de kilogramos por interferencia cósmica.'),(7797,107,'2025-02-23 04:26:00',35,223,0,0,91,1,'2025-02-19 05:49:00',2,'Simulación de terremoto causó variaciones aleatorias.'),(7798,108,'2025-03-01 09:36:00',35,843,0,0,91,1,'2025-02-20 10:55:00',2,'Reajuste de kilogramos por interferencia cósmica.'),(7799,108,'2025-03-01 09:10:00',35,843,0,0,91,1,'2025-02-20 10:46:00',2,'Reajuste de kilogramos por interferencia cósmica.'),(7800,108,'2025-03-01 08:43:00',35,843,0,0,91,1,'2025-02-20 10:37:00',2,'El jefe dijo que lo hiciera, pero no explicó por qué.'),(7801,108,'2025-03-01 08:51:00',35,843,0,0,91,1,'2025-02-20 10:28:00',2,'El jefe dijo que lo hiciera, pero no explicó por qué.'),(7802,108,'2025-03-01 08:51:00',36,843,0,0,91,1,'2025-02-20 10:19:00',2,'El sistema tuvo un arrebato y decidió cambiarlo solo.'),(7803,108,'2025-03-01 08:51:00',35,877,0,0,91,1,'2025-02-20 10:10:00',2,'Se corrigió porque parecía sospechosamente perfecto.'),(7804,108,'2025-03-01 08:51:00',36,877,0,0,91,1,'2025-02-20 10:01:00',2,'Cambio validado por la abuela experta en Tolvas.'),(7805,108,'2025-03-01 08:51:00',36,877,1,0,91,1,'2025-02-20 09:52:00',2,'Modificación motivada por la mística del sistema.'),(7806,108,'2025-03-01 08:51:00',36,877,0,0,91,1,'2025-02-20 10:55:00',2,'Cambio validado por la abuela experta en Tolvas.'),(7807,110,'2025-02-25 09:52:00',36,719,1,3,95,1,'2025-02-20 11:22:00',2,'Se corrigió porque parecía sospechosamente perfecto.'),(7808,111,'2025-02-28 09:36:00',35,756,0,0,93,1,'2025-02-20 11:30:00',2,'Cambio por presión popular en la planta.'),(7809,111,'2025-02-28 09:36:00',36,756,1,0,93,1,'2025-02-20 11:30:00',2,'El jefe dijo que lo hiciera, pero no explicó por qué.'),(7810,112,'2025-02-25 14:32:00',36,614,0,0,91,1,'2025-02-21 15:45:00',2,'Cambio validado por la abuela experta en Tolvas.'),(7811,112,'2025-02-25 14:58:00',36,614,0,0,91,1,'2025-02-21 15:33:00',2,'Cambio por presión popular en la planta.'),(7812,112,'2025-02-25 15:09:00',36,614,0,0,91,1,'2025-02-21 15:21:00',2,'El operador pestañeó y apretó el botón sin querer.'),(7813,112,'2025-02-25 15:13:00',36,620,0,0,91,1,'2025-02-21 15:09:00',2,'El jefe dijo que lo hiciera, pero no explicó por qué.'),(7814,112,'2025-02-25 15:13:00',36,602,1,0,91,1,'2025-02-21 14:57:00',2,'El sistema tuvo un arrebato y decidió cambiarlo solo.'),(7815,112,'2025-02-25 15:13:00',35,602,0,0,91,1,'2025-02-21 15:45:00',2,'El operador pestañeó y apretó el botón sin querer.'),(7816,115,'2025-02-28 06:00:00',35,376,0,0,91,1,'2025-02-25 06:30:00',2,'Cambio por presión popular en la planta.'),(7817,115,'2025-02-28 06:00:00',35,372,0,0,91,1,'2025-02-25 06:30:00',2,'El operador pestañeó y apretó el botón sin querer.'),(7818,116,'2025-03-07 06:00:00',36,571,1,0,94,1,'2025-02-25 07:30:00',2,'Se corrigió porque parecía sospechosamente perfecto.'),(7819,116,'2025-03-07 06:00:00',35,571,0,0,94,1,'2025-02-25 07:00:00',2,'Cambio validado por la abuela experta en Tolvas.'),(7820,116,'2025-03-07 06:00:00',36,542,0,0,94,1,'2025-02-25 06:30:00',2,'Cambio validado por la abuela experta en Tolvas.'),(7821,116,'2025-03-07 06:30:00',35,542,0,0,94,1,'2025-02-25 07:30:00',2,'El jefe dijo que lo hiciera, pero no explicó por qué.'),(7822,117,'2025-03-05 06:00:00',36,455,0,0,94,1,'2025-02-25 06:45:00',2,'Modificación motivada por la mística del sistema.'),(7823,118,'2025-03-03 06:00:00',35,804,0,0,94,1,'2025-02-25 07:30:00',2,'El sistema tuvo un arrebato y decidió cambiarlo solo.'),(7824,118,'2025-03-03 06:22:00',35,804,0,0,94,1,'2025-02-25 07:30:00',2,'Reajuste de kilogramos por interferencia cósmica.'),(7825,119,'2025-03-05 06:00:00',35,746,0,0,92,1,'2025-02-25 06:51:00',2,'El jefe dijo que lo hiciera, pero no explicó por qué.'),(7826,119,'2025-03-05 06:00:00',36,746,0,0,92,1,'2025-02-25 06:41:00',2,'El sistema tuvo un arrebato y decidió cambiarlo solo.'),(7827,119,'2025-03-05 05:53:00',36,746,0,0,92,1,'2025-02-25 06:31:00',2,'Modificación motivada por la mística del sistema.'),(7828,119,'2025-03-05 05:53:00',35,746,0,0,92,1,'2025-02-25 06:21:00',2,'Modificación motivada por la mística del sistema.'),(7829,119,'2025-03-05 05:53:00',36,746,0,0,92,1,'2025-02-25 06:11:00',2,'Cambio por presión popular en la planta.'),(7830,119,'2025-03-05 05:46:00',36,746,0,0,92,1,'2025-02-25 06:51:00',2,'Cambio validado por la abuela experta en Tolvas.'),(7831,120,'2025-03-07 06:00:00',36,518,1,16,95,1,'2025-02-25 07:11:00',2,'Ajuste por diferencia entre Tolva y Bins… otra vez.'),(7832,120,'2025-03-07 06:00:00',36,518,0,0,95,1,'2025-02-25 06:48:00',2,'El sistema tuvo un arrebato y decidió cambiarlo solo.'),(7833,120,'2025-03-07 06:21:00',36,518,0,0,95,1,'2025-02-25 06:25:00',2,'El sistema tuvo un arrebato y decidió cambiarlo solo.'),(7834,120,'2025-03-07 06:21:00',36,518,1,23,95,1,'2025-02-25 07:11:00',2,'Se corrigió porque parecía sospechosamente perfecto.'),(7835,121,'2025-03-02 05:39:00',35,342,0,0,91,1,'2025-02-25 07:46:00',2,'Reajuste de kilogramos por interferencia cósmica.'),(7836,121,'2025-03-02 05:39:00',35,335,0,0,91,1,'2025-02-25 07:25:00',2,'El jefe dijo que lo hiciera, pero no explicó por qué.'),(7837,121,'2025-03-02 05:39:00',36,335,0,0,91,1,'2025-02-25 07:04:00',2,'Ajuste por diferencia entre Tolva y Bins… otra vez.'),(7838,121,'2025-03-02 05:39:00',36,322,0,0,91,1,'2025-02-25 06:43:00',2,'Ajuste por diferencia entre Tolva y Bins… otra vez.'),(7839,121,'2025-03-02 05:39:00',36,322,1,0,91,1,'2025-02-25 06:22:00',2,'Simulación de terremoto causó variaciones aleatorias.'),(7840,121,'2025-03-02 05:39:00',36,331,1,0,91,1,'2025-02-25 07:46:00',2,'Cambio por presión popular en la planta.'),(7841,122,'2025-02-28 06:00:00',35,516,0,0,92,1,'2025-02-25 07:30:00',2,'El operador pestañeó y apretó el botón sin querer.'),(7842,122,'2025-02-28 06:01:00',35,516,0,0,92,1,'2025-02-25 07:15:00',2,'Cambio validado por la abuela experta en Tolvas.'),(7843,122,'2025-02-28 06:01:00',35,516,0,0,92,1,'2025-02-25 07:00:00',2,'Se corrigió porque parecía sospechosamente perfecto.'),(7844,122,'2025-02-28 06:01:00',35,501,0,0,92,1,'2025-02-25 06:45:00',2,'Ajuste por diferencia entre Tolva y Bins… otra vez.'),(7845,122,'2025-02-28 06:01:00',36,501,0,0,92,1,'2025-02-25 06:30:00',2,'Reajuste de kilogramos por interferencia cósmica.'),(7846,122,'2025-02-28 06:24:00',35,501,0,0,92,1,'2025-02-25 06:15:00',2,'El operador pestañeó y apretó el botón sin querer.'),(7847,122,'2025-02-28 06:52:00',35,501,0,0,92,1,'2025-02-25 07:30:00',2,'El jefe dijo que lo hiciera, pero no explicó por qué.'),(7848,123,'2025-03-08 11:06:00',36,928,0,0,94,1,'2025-02-26 12:41:00',2,'El jefe dijo que lo hiciera, pero no explicó por qué.'),(7849,123,'2025-03-08 11:06:00',35,928,0,0,94,1,'2025-02-26 12:18:00',2,'Reajuste de kilogramos por interferencia cósmica.'),(7850,123,'2025-03-08 11:06:00',36,928,0,0,94,1,'2025-02-26 11:55:00',2,'El jefe dijo que lo hiciera, pero no explicó por qué.'),(7851,123,'2025-03-08 11:06:00',35,928,0,0,94,1,'2025-02-26 11:32:00',2,'Cambio por presión popular en la planta.'),(7852,123,'2025-03-08 11:06:00',36,928,1,0,94,1,'2025-02-26 12:41:00',2,'Reajuste de kilogramos por interferencia cósmica.'),(7853,124,'2025-02-28 11:01:00',35,834,0,0,91,1,'2025-02-26 13:06:00',2,'Cambio validado por la abuela experta en Tolvas.'),(7854,124,'2025-02-28 11:01:00',36,834,0,0,91,1,'2025-02-26 12:36:00',2,'Ajuste por diferencia entre Tolva y Bins… otra vez.'),(7855,124,'2025-02-28 11:01:00',36,834,1,0,91,1,'2025-02-26 12:06:00',2,'Cambio por presión popular en la planta.'),(7856,124,'2025-02-28 11:01:00',36,834,1,17,91,1,'2025-02-26 11:36:00',2,'Reajuste de kilogramos por interferencia cósmica.'),(7857,124,'2025-02-28 11:01:00',36,834,1,1,91,1,'2025-02-26 13:06:00',2,'Se corrigió porque parecía sospechosamente perfecto.'),(7858,125,'2025-03-04 11:06:00',36,207,0,0,95,1,'2025-02-26 12:28:00',2,'El sistema tuvo un arrebato y decidió cambiarlo solo.'),(7859,126,'2025-02-27 11:06:00',35,884,0,0,95,1,'2025-02-26 12:22:00',2,'Se corrigió porque parecía sospechosamente perfecto.'),(7860,126,'2025-02-27 11:06:00',36,884,0,0,95,1,'2025-02-26 12:07:00',2,'El operador pestañeó y apretó el botón sin querer.'),(7861,126,'2025-02-27 11:33:00',36,884,0,0,95,1,'2025-02-26 11:52:00',2,'Se corrigió porque parecía sospechosamente perfecto.'),(7862,126,'2025-02-27 11:33:00',35,928,0,0,95,1,'2025-02-26 11:37:00',2,'Modificación motivada por la mística del sistema.'),(7863,126,'2025-02-27 11:54:00',35,928,0,0,95,1,'2025-02-26 11:22:00',2,'El sistema tuvo un arrebato y decidió cambiarlo solo.'),(7864,126,'2025-02-27 11:54:00',36,956,0,0,95,1,'2025-02-26 12:22:00',2,'Se corrigió porque parecía sospechosamente perfecto.'),(7865,127,'2025-03-05 11:26:00',35,725,0,0,92,1,'2025-02-26 11:46:00',2,'Cambio validado por la abuela experta en Tolvas.'),(7866,127,'2025-03-05 11:26:00',36,725,0,0,92,1,'2025-02-26 11:41:00',2,'El operador pestañeó y apretó el botón sin querer.'),(7867,127,'2025-03-05 11:26:00',35,725,0,0,92,1,'2025-02-26 11:36:00',2,'Se corrigió porque parecía sospechosamente perfecto.'),(7868,127,'2025-03-05 11:26:00',36,725,0,0,92,1,'2025-02-26 11:31:00',2,'El jefe dijo que lo hiciera, pero no explicó por qué.'),(7869,127,'2025-03-05 11:26:00',36,725,1,0,92,1,'2025-02-26 11:26:00',2,'El operador pestañeó y apretó el botón sin querer.'),(7870,127,'2025-03-05 11:40:00',36,725,1,30,92,1,'2025-02-26 11:21:00',2,'El jefe dijo que lo hiciera, pero no explicó por qué.'),(7871,127,'2025-03-05 11:40:00',35,739,0,0,92,1,'2025-02-26 11:16:00',2,'Reajuste de kilogramos por interferencia cósmica.'),(7872,127,'2025-03-05 11:39:00',35,739,0,0,92,1,'2025-02-26 11:46:00',2,'Cambio por presión popular en la planta.'),(7873,128,'2025-03-08 11:06:00',35,757,0,0,94,1,'2025-02-26 12:33:00',2,'El sistema tuvo un arrebato y decidió cambiarlo solo.'),(7874,128,'2025-03-08 11:06:00',36,757,0,0,94,1,'2025-02-26 12:16:00',2,'El sistema tuvo un arrebato y decidió cambiarlo solo.'),(7875,128,'2025-03-08 11:06:00',35,794,0,0,94,1,'2025-02-26 11:59:00',2,'Reajuste de kilogramos por interferencia cósmica.'),(7876,128,'2025-03-08 11:20:00',35,794,0,0,94,1,'2025-02-26 11:42:00',2,'El sistema tuvo un arrebato y decidió cambiarlo solo.'),(7877,128,'2025-03-08 11:20:00',35,771,0,0,94,1,'2025-02-26 11:25:00',2,'Cambio validado por la abuela experta en Tolvas.'),(7878,128,'2025-03-08 11:27:00',36,771,0,0,94,1,'2025-02-26 12:33:00',2,'Modificación motivada por la mística del sistema.'),(7879,131,'2025-03-05 16:12:00',36,501,1,0,93,1,'2025-02-27 16:46:00',2,'El sistema tuvo un arrebato y decidió cambiarlo solo.'),(7880,131,'2025-03-05 16:12:00',36,521,1,0,93,1,'2025-02-27 16:42:00',2,'Ajuste por diferencia entre Tolva y Bins… otra vez.'),(7881,131,'2025-03-05 16:12:00',35,521,0,0,93,1,'2025-02-27 16:38:00',2,'Modificación motivada por la mística del sistema.'),(7882,131,'2025-03-05 16:12:00',35,531,0,0,93,1,'2025-02-27 16:34:00',2,'Modificación motivada por la mística del sistema.'),(7883,131,'2025-03-05 16:22:00',35,531,0,0,93,1,'2025-02-27 16:30:00',2,'El sistema tuvo un arrebato y decidió cambiarlo solo.'),(7884,131,'2025-03-05 16:22:00',35,526,0,0,93,1,'2025-02-27 16:26:00',2,'Reajuste de kilogramos por interferencia cósmica.'),(7885,131,'2025-03-05 16:30:00',35,526,0,0,93,1,'2025-02-27 16:22:00',2,'Se corrigió porque parecía sospechosamente perfecto.'),(7886,131,'2025-03-05 16:30:00',36,526,0,0,93,1,'2025-02-27 16:18:00',2,'Se corrigió porque parecía sospechosamente perfecto.'),(7887,131,'2025-03-05 16:51:00',36,500,0,0,93,1,'2025-02-27 16:46:00',2,'El operador pestañeó y apretó el botón sin querer.'),(7888,133,'2025-02-28 15:50:00',35,130,0,0,95,1,'2025-02-27 18:12:00',2,'Cambio validado por la abuela experta en Tolvas.'),(7889,134,'2025-03-08 16:12:00',35,787,0,0,91,1,'2025-02-27 17:16:00',2,'El sistema tuvo un arrebato y decidió cambiarlo solo.'),(7890,134,'2025-03-08 16:31:00',35,756,0,0,91,1,'2025-02-27 16:55:00',2,'Se corrigió porque parecía sospechosamente perfecto.'),(7891,134,'2025-03-08 16:31:00',36,778,0,0,91,1,'2025-02-27 16:34:00',2,'Reajuste de kilogramos por interferencia cósmica.'),(7892,134,'2025-03-08 16:31:00',36,778,0,0,91,1,'2025-02-27 17:16:00',2,'Se corrigió porque parecía sospechosamente perfecto.'),(7893,135,'2025-03-08 16:12:00',35,492,0,0,95,1,'2025-02-27 17:46:00',2,'Ajuste por diferencia entre Tolva y Bins… otra vez.'),(7894,135,'2025-03-08 15:56:00',35,492,0,0,95,1,'2025-02-27 17:28:00',2,'Cambio validado por la abuela experta en Tolvas.'),(7895,135,'2025-03-08 15:56:00',36,477,0,0,95,1,'2025-02-27 17:10:00',2,'Modificación motivada por la mística del sistema.'),(7896,135,'2025-03-08 15:56:00',36,477,1,0,95,1,'2025-02-27 16:52:00',2,'El sistema tuvo un arrebato y decidió cambiarlo solo.'),(7897,135,'2025-03-08 15:56:00',35,468,0,0,95,1,'2025-02-27 16:34:00',2,'El operador pestañeó y apretó el botón sin querer.'),(7898,135,'2025-03-08 15:56:00',35,444,0,0,95,1,'2025-02-27 17:46:00',2,'Modificación motivada por la mística del sistema.'),(7899,138,'2025-03-09 21:36:00',36,983,1,16,95,1,'2025-02-28 23:11:00',2,'Cambio validado por la abuela experta en Tolvas.'),(7900,138,'2025-03-09 21:36:00',36,983,0,0,95,1,'2025-02-28 22:43:00',2,'Reajuste de kilogramos por interferencia cósmica.'),(7901,138,'2025-03-09 21:36:00',36,983,1,0,95,1,'2025-02-28 22:15:00',2,'Cambio validado por la abuela experta en Tolvas.'),(7902,138,'2025-03-09 21:17:00',36,983,1,0,95,1,'2025-02-28 21:47:00',2,'Reajuste de kilogramos por interferencia cósmica.'),(7903,138,'2025-03-09 21:23:00',36,983,1,16,95,1,'2025-02-28 23:11:00',2,'El operador pestañeó y apretó el botón sin querer.'),(7904,139,'2025-03-03 21:18:00',35,630,0,0,92,1,'2025-02-28 21:50:00',2,'Reajuste de kilogramos por interferencia cósmica.'),(7905,140,'2025-03-03 21:18:00',36,519,1,0,95,1,'2025-02-28 23:18:00',2,'Se corrigió porque parecía sospechosamente perfecto.'),(7906,140,'2025-03-03 21:41:00',36,519,1,0,95,1,'2025-02-28 22:18:00',2,'Simulación de terremoto causó variaciones aleatorias.'),(7907,140,'2025-03-03 21:41:00',36,545,0,0,95,1,'2025-02-28 23:18:00',2,'Cambio por presión popular en la planta.'),(7908,142,'2025-03-06 21:10:00',35,471,0,0,92,1,'2025-02-28 22:20:00',2,'Se corrigió porque parecía sospechosamente perfecto.'),(7909,142,'2025-03-06 21:38:00',35,471,0,0,92,1,'2025-02-28 22:08:00',2,'Reajuste de kilogramos por interferencia cósmica.'),(7910,142,'2025-03-06 21:46:00',35,471,0,0,92,1,'2025-02-28 21:56:00',2,'Reajuste de kilogramos por interferencia cósmica.'),(7911,142,'2025-03-06 21:29:00',35,471,0,0,92,1,'2025-02-28 21:44:00',2,'Modificación motivada por la mística del sistema.'),(7912,142,'2025-03-06 21:29:00',36,471,0,0,92,1,'2025-02-28 21:32:00',2,'Cambio validado por la abuela experta en Tolvas.'),(7913,142,'2025-03-06 21:29:00',36,457,0,0,92,1,'2025-02-28 22:20:00',2,'Ajuste por diferencia entre Tolva y Bins… otra vez.'),(7914,143,'2025-03-03 21:16:00',36,130,0,0,95,1,'2025-02-28 22:54:00',2,'Reajuste de kilogramos por interferencia cósmica.'),(7915,143,'2025-03-03 20:52:00',36,130,0,0,95,1,'2025-02-28 22:42:00',2,'Simulación de terremoto causó variaciones aleatorias.'),(7916,143,'2025-03-03 20:52:00',35,136,0,0,95,1,'2025-02-28 22:30:00',2,'Se corrigió porque parecía sospechosamente perfecto.'),(7917,143,'2025-03-03 20:52:00',35,142,0,0,95,1,'2025-02-28 22:18:00',2,'Simulación de terremoto causó variaciones aleatorias.'),(7918,143,'2025-03-03 20:52:00',35,137,0,0,95,1,'2025-02-28 22:06:00',2,'El operador pestañeó y apretó el botón sin querer.'),(7919,143,'2025-03-03 20:52:00',35,135,0,0,95,1,'2025-02-28 21:54:00',2,'Ajuste por diferencia entre Tolva y Bins… otra vez.'),(7920,143,'2025-03-03 20:52:00',35,132,0,0,95,1,'2025-02-28 21:42:00',2,'Modificación motivada por la mística del sistema.'),(7921,143,'2025-03-03 20:34:00',36,132,1,0,95,1,'2025-02-28 21:30:00',2,'Cambio por presión popular en la planta.'),(7922,143,'2025-03-03 20:34:00',36,136,1,18,95,1,'2025-02-28 22:54:00',2,'Cambio validado por la abuela experta en Tolvas.'),(7923,144,'2025-03-04 21:18:00',36,216,0,0,92,1,'2025-02-28 23:10:00',2,'Reajuste de kilogramos por interferencia cósmica.'),(7924,144,'2025-03-04 21:33:00',36,216,0,0,92,1,'2025-02-28 22:54:00',2,'Cambio validado por la abuela experta en Tolvas.'),(7925,144,'2025-03-04 21:33:00',36,220,0,0,92,1,'2025-02-28 22:38:00',2,'El sistema tuvo un arrebato y decidió cambiarlo solo.'),(7926,144,'2025-03-04 21:33:00',35,220,0,0,92,1,'2025-02-28 22:22:00',2,'El sistema tuvo un arrebato y decidió cambiarlo solo.'),(7927,144,'2025-03-04 21:33:00',36,220,0,0,92,1,'2025-02-28 22:06:00',2,'El jefe dijo que lo hiciera, pero no explicó por qué.'),(7928,144,'2025-03-04 21:33:00',36,220,1,0,92,1,'2025-02-28 21:50:00',2,'El sistema tuvo un arrebato y decidió cambiarlo solo.'),(7929,144,'2025-03-04 21:33:00',36,220,1,21,92,1,'2025-02-28 21:34:00',2,'El jefe dijo que lo hiciera, pero no explicó por qué.'),(7930,144,'2025-03-04 21:33:00',35,220,0,0,92,1,'2025-02-28 23:10:00',2,'El operador pestañeó y apretó el botón sin querer.'),(7931,145,'2025-03-06 02:30:00',36,271,1,11,92,1,'2025-03-02 03:55:00',2,'El jefe dijo que lo hiciera, pero no explicó por qué.'),(7932,145,'2025-03-06 02:30:00',35,271,0,0,92,1,'2025-03-02 03:25:00',2,'El jefe dijo que lo hiciera, pero no explicó por qué.'),(7933,145,'2025-03-06 02:07:00',36,271,0,0,92,1,'2025-03-02 02:55:00',2,'Modificación motivada por la mística del sistema.'),(7934,145,'2025-03-06 02:03:00',35,271,0,0,92,1,'2025-03-02 03:55:00',2,'Ajuste por diferencia entre Tolva y Bins… otra vez.'),(7935,146,'2025-03-07 02:24:00',35,840,0,0,92,1,'2025-03-02 03:47:00',2,'Se corrigió porque parecía sospechosamente perfecto.'),(7936,146,'2025-03-07 02:24:00',36,840,1,24,92,1,'2025-03-02 03:37:00',2,'Cambio validado por la abuela experta en Tolvas.'),(7937,146,'2025-03-07 02:24:00',36,840,0,0,92,1,'2025-03-02 03:27:00',2,'Cambio validado por la abuela experta en Tolvas.'),(7938,146,'2025-03-07 02:00:00',36,840,0,0,92,1,'2025-03-02 03:17:00',2,'Reajuste de kilogramos por interferencia cósmica.'),(7939,146,'2025-03-07 02:00:00',36,806,0,0,92,1,'2025-03-02 03:07:00',2,'El sistema tuvo un arrebato y decidió cambiarlo solo.'),(7940,146,'2025-03-07 02:00:00',35,806,0,0,92,1,'2025-03-02 02:57:00',2,'Simulación de terremoto causó variaciones aleatorias.'),(7941,146,'2025-03-07 01:31:00',35,806,0,0,92,1,'2025-03-02 02:47:00',2,'Modificación motivada por la mística del sistema.'),(7942,146,'2025-03-07 01:46:00',36,806,0,0,92,1,'2025-03-02 02:37:00',2,'El operador pestañeó y apretó el botón sin querer.'),(7943,146,'2025-03-07 01:46:00',36,806,1,0,92,1,'2025-03-02 03:47:00',2,'Se corrigió porque parecía sospechosamente perfecto.'),(7944,147,'2025-03-07 02:24:00',36,405,0,0,94,1,'2025-03-02 04:05:00',2,'Cambio por presión popular en la planta.'),(7945,147,'2025-03-07 02:24:00',35,405,0,0,94,1,'2025-03-02 04:05:00',2,'Simulación de terremoto causó variaciones aleatorias.'),(7946,148,'2025-03-10 02:54:00',35,525,0,0,93,1,'2025-03-02 03:37:00',2,'Cambio validado por la abuela experta en Tolvas.'),(7947,148,'2025-03-10 02:54:00',36,525,0,0,93,1,'2025-03-02 03:28:00',2,'Ajuste por diferencia entre Tolva y Bins… otra vez.'),(7948,148,'2025-03-10 02:54:00',36,536,0,0,93,1,'2025-03-02 03:19:00',2,'Ajuste por diferencia entre Tolva y Bins… otra vez.'),(7949,148,'2025-03-10 02:54:00',36,536,1,0,93,1,'2025-03-02 03:10:00',2,'El jefe dijo que lo hiciera, pero no explicó por qué.'),(7950,148,'2025-03-10 02:54:00',35,536,0,0,93,1,'2025-03-02 03:01:00',2,'Ajuste por diferencia entre Tolva y Bins… otra vez.'),(7951,148,'2025-03-10 02:54:00',35,519,0,0,93,1,'2025-03-02 02:52:00',2,'Ajuste por diferencia entre Tolva y Bins… otra vez.'),(7952,148,'2025-03-10 03:21:00',35,519,0,0,93,1,'2025-03-02 02:43:00',2,'Cambio por presión popular en la planta.'),(7953,148,'2025-03-10 03:21:00',36,519,0,0,93,1,'2025-03-02 02:34:00',2,'Reajuste de kilogramos por interferencia cósmica.'),(7954,148,'2025-03-10 03:17:00',36,519,0,0,93,1,'2025-03-02 03:37:00',2,'El sistema tuvo un arrebato y decidió cambiarlo solo.'),(7955,150,'2025-03-07 02:24:00',35,911,0,0,92,1,'2025-03-02 02:59:00',2,'Modificación motivada por la mística del sistema.'),(7956,150,'2025-03-07 02:31:00',35,911,0,0,92,1,'2025-03-02 02:54:00',2,'El operador pestañeó y apretó el botón sin querer.'),(7957,150,'2025-03-07 02:31:00',35,938,0,0,92,1,'2025-03-02 02:49:00',2,'Modificación motivada por la mística del sistema.'),(7958,150,'2025-03-07 02:01:00',35,938,0,0,92,1,'2025-03-02 02:44:00',2,'Ajuste por diferencia entre Tolva y Bins… otra vez.'),(7959,150,'2025-03-07 02:01:00',36,938,0,0,92,1,'2025-03-02 02:39:00',2,'El operador pestañeó y apretó el botón sin querer.'),(7960,150,'2025-03-07 02:01:00',36,910,0,0,92,1,'2025-03-02 02:34:00',2,'El operador pestañeó y apretó el botón sin querer.'),(7961,150,'2025-03-07 02:09:00',36,910,0,0,92,1,'2025-03-02 02:29:00',2,'Cambio validado por la abuela experta en Tolvas.'),(7962,150,'2025-03-07 02:09:00',36,910,0,0,92,1,'2025-03-02 02:59:00',2,'Cambio validado por la abuela experta en Tolvas.'),(7963,151,'2025-03-12 07:15:00',36,271,0,0,95,1,'2025-03-03 08:49:00',2,'Cambio por presión popular en la planta.'),(7964,151,'2025-03-12 06:57:00',36,271,0,0,95,1,'2025-03-03 08:23:00',2,'Simulación de terremoto causó variaciones aleatorias.'),(7965,151,'2025-03-12 06:57:00',35,271,0,0,95,1,'2025-03-03 07:57:00',2,'Modificación motivada por la mística del sistema.'),(7966,151,'2025-03-12 07:22:00',35,271,0,0,95,1,'2025-03-03 08:49:00',2,'Se corrigió porque parecía sospechosamente perfecto.'),(7967,152,'2025-03-11 07:30:00',36,616,0,0,91,1,'2025-03-03 09:16:00',2,'Se corrigió porque parecía sospechosamente perfecto.'),(7968,153,'2025-03-08 07:56:00',35,861,0,0,92,1,'2025-03-03 08:04:00',2,'Simulación de terremoto causó variaciones aleatorias.'),(7969,153,'2025-03-08 07:29:00',35,861,0,0,92,1,'2025-03-03 07:59:00',2,'El jefe dijo que lo hiciera, pero no explicó por qué.'),(7970,153,'2025-03-08 07:29:00',35,844,0,0,92,1,'2025-03-03 07:54:00',2,'El jefe dijo que lo hiciera, pero no explicó por qué.'),(7971,153,'2025-03-08 07:29:00',36,844,0,0,92,1,'2025-03-03 07:49:00',2,'Cambio validado por la abuela experta en Tolvas.'),(7972,153,'2025-03-08 07:08:00',36,844,0,0,92,1,'2025-03-03 07:44:00',2,'El jefe dijo que lo hiciera, pero no explicó por qué.'),(7973,153,'2025-03-08 07:08:00',35,844,0,0,92,1,'2025-03-03 07:39:00',2,'Reajuste de kilogramos por interferencia cósmica.'),(7974,153,'2025-03-08 07:08:00',35,852,0,0,92,1,'2025-03-03 08:04:00',2,'Se corrigió porque parecía sospechosamente perfecto.'),(7975,154,'2025-03-09 07:21:00',36,655,0,0,95,1,'2025-03-03 08:00:00',2,'El operador pestañeó y apretó el botón sin querer.'),(7976,154,'2025-03-09 07:03:00',36,655,0,0,95,1,'2025-03-03 07:57:00',2,'Reajuste de kilogramos por interferencia cósmica.'),(7977,154,'2025-03-09 07:03:00',36,681,0,0,95,1,'2025-03-03 07:54:00',2,'Modificación motivada por la mística del sistema.'),(7978,154,'2025-03-09 07:14:00',36,681,0,0,95,1,'2025-03-03 07:51:00',2,'Ajuste por diferencia entre Tolva y Bins… otra vez.'),(7979,154,'2025-03-09 07:02:00',36,681,0,0,95,1,'2025-03-03 07:48:00',2,'Cambio por presión popular en la planta.'),(7980,154,'2025-03-09 07:02:00',35,681,0,0,95,1,'2025-03-03 07:45:00',2,'Cambio validado por la abuela experta en Tolvas.'),(7981,154,'2025-03-09 07:02:00',36,681,1,0,95,1,'2025-03-03 07:42:00',2,'El operador pestañeó y apretó el botón sin querer.'),(7982,154,'2025-03-09 07:02:00',35,681,0,0,95,1,'2025-03-03 07:39:00',2,'Ajuste por diferencia entre Tolva y Bins… otra vez.'),(7983,154,'2025-03-09 07:02:00',36,681,0,0,95,1,'2025-03-03 08:00:00',2,'Simulación de terremoto causó variaciones aleatorias.'),(7984,155,'2025-03-12 07:30:00',35,277,0,0,91,1,'2025-03-03 08:04:00',2,'Ajuste por diferencia entre Tolva y Bins… otra vez.'),(7985,155,'2025-03-12 07:30:00',36,277,0,0,91,1,'2025-03-03 08:00:00',2,'El operador pestañeó y apretó el botón sin querer.'),(7986,155,'2025-03-12 07:30:00',35,277,0,0,91,1,'2025-03-03 07:56:00',2,'Se corrigió porque parecía sospechosamente perfecto.'),(7987,155,'2025-03-12 07:30:00',36,277,0,0,91,1,'2025-03-03 07:52:00',2,'Cambio por presión popular en la planta.'),(7988,155,'2025-03-12 07:02:00',36,283,1,0,91,1,'2025-03-03 07:48:00',2,'Se corrigió porque parecía sospechosamente perfecto.'),(7989,155,'2025-03-12 07:02:00',35,283,0,0,91,1,'2025-03-03 07:44:00',2,'Reajuste de kilogramos por interferencia cósmica.'),(7990,155,'2025-03-12 06:57:00',35,283,0,0,91,1,'2025-03-03 07:40:00',2,'Cambio por presión popular en la planta.'),(7991,155,'2025-03-12 06:56:00',35,283,0,0,91,1,'2025-03-03 07:36:00',2,'El jefe dijo que lo hiciera, pero no explicó por qué.'),(7992,155,'2025-03-12 06:33:00',35,291,0,0,91,1,'2025-03-03 08:04:00',2,'El jefe dijo que lo hiciera, pero no explicó por qué.'),(7993,156,'2025-03-06 07:30:00',36,632,1,0,92,1,'2025-03-03 08:11:00',2,'Cambio validado por la abuela experta en Tolvas.'),(7994,156,'2025-03-06 07:30:00',36,613,1,0,92,1,'2025-03-03 07:51:00',2,'El sistema tuvo un arrebato y decidió cambiarlo solo.'),(7995,156,'2025-03-06 07:30:00',36,613,1,14,92,1,'2025-03-03 08:11:00',2,'Cambio por presión popular en la planta.'),(7996,159,'2025-03-04 07:13:00',35,143,0,0,94,1,'2025-03-03 09:21:00',2,'Simulación de terremoto causó variaciones aleatorias.'),(7997,159,'2025-03-04 07:13:00',36,143,0,0,94,1,'2025-03-03 08:26:00',2,'Modificación motivada por la mística del sistema.'),(7998,159,'2025-03-04 07:14:00',36,143,0,0,94,1,'2025-03-03 09:21:00',2,'Simulación de terremoto causó variaciones aleatorias.'),(7999,160,'2025-03-13 12:36:00',35,938,0,0,94,1,'2025-03-04 13:48:00',2,'Se corrigió porque parecía sospechosamente perfecto.'),(8000,163,'2025-03-08 12:36:00',36,118,1,0,93,1,'2025-03-04 13:40:00',2,'El operador pestañeó y apretó el botón sin querer.'),(8001,163,'2025-03-08 12:36:00',35,118,0,0,93,1,'2025-03-04 13:31:00',2,'Simulación de terremoto causó variaciones aleatorias.'),(8002,163,'2025-03-08 12:22:00',36,118,1,0,93,1,'2025-03-04 13:22:00',2,'Modificación motivada por la mística del sistema.'),(8003,163,'2025-03-08 12:22:00',36,118,0,0,93,1,'2025-03-04 13:13:00',2,'Ajuste por diferencia entre Tolva y Bins… otra vez.'),(8004,163,'2025-03-08 12:22:00',35,118,0,0,93,1,'2025-03-04 13:04:00',2,'Ajuste por diferencia entre Tolva y Bins… otra vez.'),(8005,163,'2025-03-08 11:56:00',35,118,0,0,93,1,'2025-03-04 12:55:00',2,'El operador pestañeó y apretó el botón sin querer.'),(8006,163,'2025-03-08 12:14:00',35,118,0,0,93,1,'2025-03-04 12:46:00',2,'Se corrigió porque parecía sospechosamente perfecto.'),(8007,163,'2025-03-08 12:30:00',35,118,0,0,93,1,'2025-03-04 13:40:00',2,'Simulación de terremoto causó variaciones aleatorias.'),(8008,164,'2025-03-14 12:36:00',36,929,0,0,95,1,'2025-03-04 13:17:00',2,'El operador pestañeó y apretó el botón sin querer.'),(8009,164,'2025-03-14 12:36:00',35,929,0,0,95,1,'2025-03-04 12:57:00',2,'Cambio por presión popular en la planta.'),(8010,164,'2025-03-14 12:30:00',35,929,0,0,95,1,'2025-03-04 13:17:00',2,'El jefe dijo que lo hiciera, pero no explicó por qué.'),(8011,165,'2025-03-07 12:36:00',35,631,0,0,92,1,'2025-03-04 13:59:00',2,'Cambio por presión popular en la planta.'),(8012,165,'2025-03-07 12:14:00',36,631,0,0,92,1,'2025-03-04 13:48:00',2,'El jefe dijo que lo hiciera, pero no explicó por qué.'),(8013,165,'2025-03-07 12:14:00',36,657,0,0,92,1,'2025-03-04 13:37:00',2,'Se corrigió porque parecía sospechosamente perfecto.'),(8014,165,'2025-03-07 12:14:00',36,657,1,11,92,1,'2025-03-04 13:26:00',2,'El sistema tuvo un arrebato y decidió cambiarlo solo.'),(8015,165,'2025-03-07 12:14:00',36,657,0,0,92,1,'2025-03-04 13:15:00',2,'Reajuste de kilogramos por interferencia cósmica.'),(8016,165,'2025-03-07 12:14:00',35,670,0,0,92,1,'2025-03-04 13:04:00',2,'Modificación motivada por la mística del sistema.'),(8017,165,'2025-03-07 12:14:00',35,696,0,0,92,1,'2025-03-04 12:53:00',2,'El sistema tuvo un arrebato y decidió cambiarlo solo.'),(8018,165,'2025-03-07 12:14:00',35,717,0,0,92,1,'2025-03-04 13:59:00',2,'Cambio por presión popular en la planta.'),(8019,167,'2025-03-07 17:42:00',36,251,0,0,94,1,'2025-03-05 18:30:00',2,'Simulación de terremoto causó variaciones aleatorias.'),(8020,167,'2025-03-07 17:54:00',36,251,0,0,94,1,'2025-03-05 18:24:00',2,'El sistema tuvo un arrebato y decidió cambiarlo solo.'),(8021,167,'2025-03-07 17:29:00',36,251,0,0,94,1,'2025-03-05 18:18:00',2,'Cambio validado por la abuela experta en Tolvas.'),(8022,167,'2025-03-07 17:46:00',35,241,0,0,94,1,'2025-03-05 18:12:00',2,'Ajuste por diferencia entre Tolva y Bins… otra vez.'),(8023,167,'2025-03-07 17:46:00',36,241,0,0,94,1,'2025-03-05 18:06:00',2,'El operador pestañeó y apretó el botón sin querer.'),(8024,167,'2025-03-07 17:33:00',36,241,1,0,94,1,'2025-03-05 18:00:00',2,'Cambio por presión popular en la planta.'),(8025,167,'2025-03-07 17:33:00',36,251,1,0,94,1,'2025-03-05 17:54:00',2,'Cambio por presión popular en la planta.'),(8026,167,'2025-03-07 17:33:00',36,251,1,14,94,1,'2025-03-05 17:48:00',2,'Reajuste de kilogramos por interferencia cósmica.'),(8027,167,'2025-03-07 18:02:00',36,251,1,14,94,1,'2025-03-05 18:30:00',2,'Se corrigió porque parecía sospechosamente perfecto.'),(8028,168,'2025-03-13 17:42:00',36,622,0,0,96,1,'2025-03-05 19:09:00',2,'Se corrigió porque parecía sospechosamente perfecto.'),(8029,168,'2025-03-13 17:42:00',36,622,1,0,96,1,'2025-03-05 18:55:00',2,'Ajuste por diferencia entre Tolva y Bins… otra vez.'),(8030,168,'2025-03-13 17:24:00',36,622,1,0,96,1,'2025-03-05 18:41:00',2,'Se corrigió porque parecía sospechosamente perfecto.'),(8031,168,'2025-03-13 17:24:00',36,603,1,0,96,1,'2025-03-05 18:27:00',2,'El sistema tuvo un arrebato y decidió cambiarlo solo.'),(8032,168,'2025-03-13 17:24:00',35,603,0,0,96,1,'2025-03-05 18:13:00',2,'Cambio validado por la abuela experta en Tolvas.'),(8033,168,'2025-03-13 17:24:00',36,603,0,0,96,1,'2025-03-05 17:59:00',2,'Se corrigió porque parecía sospechosamente perfecto.'),(8034,168,'2025-03-13 17:44:00',36,603,0,0,96,1,'2025-03-05 19:09:00',2,'Cambio validado por la abuela experta en Tolvas.'),(8035,169,'2025-03-11 18:09:00',35,244,0,0,92,1,'2025-03-05 18:55:00',2,'El jefe dijo que lo hiciera, pero no explicó por qué.'),(8036,169,'2025-03-11 18:35:00',35,244,0,0,92,1,'2025-03-05 18:45:00',2,'Simulación de terremoto causó variaciones aleatorias.'),(8037,169,'2025-03-11 18:35:00',36,244,0,0,92,1,'2025-03-05 18:35:00',2,'Reajuste de kilogramos por interferencia cósmica.'),(8038,169,'2025-03-11 18:35:00',36,244,1,24,92,1,'2025-03-05 18:25:00',2,'Cambio por presión popular en la planta.'),(8039,169,'2025-03-11 18:14:00',36,242,1,24,92,1,'2025-03-05 18:15:00',2,'El sistema tuvo un arrebato y decidió cambiarlo solo.'),(8040,169,'2025-03-11 17:54:00',36,242,1,16,92,1,'2025-03-05 18:05:00',2,'Modificación motivada por la mística del sistema.'),(8041,169,'2025-03-11 18:14:00',36,242,1,27,92,1,'2025-03-05 17:55:00',2,'Simulación de terremoto causó variaciones aleatorias.'),(8042,169,'2025-03-11 17:49:00',36,242,1,27,92,1,'2025-03-05 18:55:00',2,'Cambio validado por la abuela experta en Tolvas.'),(8043,170,'2025-03-06 17:42:00',35,276,0,0,94,1,'2025-03-05 19:25:00',2,'Ajuste por diferencia entre Tolva y Bins… otra vez.'),(8044,170,'2025-03-06 17:42:00',35,279,0,0,94,1,'2025-03-05 19:00:00',2,'Ajuste por diferencia entre Tolva y Bins… otra vez.'),(8045,170,'2025-03-06 17:19:00',35,279,0,0,94,1,'2025-03-05 18:35:00',2,'Cambio validado por la abuela experta en Tolvas.'),(8046,170,'2025-03-06 17:37:00',35,279,0,0,94,1,'2025-03-05 18:10:00',2,'Cambio validado por la abuela experta en Tolvas.'),(8047,170,'2025-03-06 17:25:00',35,279,0,0,94,1,'2025-03-05 19:25:00',2,'El jefe dijo que lo hiciera, pero no explicó por qué.'),(8048,172,'2025-03-14 17:42:00',36,226,1,14,91,1,'2025-03-05 19:35:00',2,'Simulación de terremoto causó variaciones aleatorias.'),(8049,172,'2025-03-14 17:42:00',36,235,1,14,91,1,'2025-03-05 19:19:00',2,'Modificación motivada por la mística del sistema.'),(8050,172,'2025-03-14 17:42:00',36,247,1,14,91,1,'2025-03-05 19:03:00',2,'El jefe dijo que lo hiciera, pero no explicó por qué.'),(8051,172,'2025-03-14 17:42:00',36,252,1,10,91,1,'2025-03-05 18:47:00',2,'Modificación motivada por la mística del sistema.'),(8052,172,'2025-03-14 18:07:00',36,242,1,10,91,1,'2025-03-05 18:31:00',2,'Simulación de terremoto causó variaciones aleatorias.'),(8053,172,'2025-03-14 18:07:00',36,242,1,8,91,1,'2025-03-05 18:15:00',2,'Simulación de terremoto causó variaciones aleatorias.'),(8054,172,'2025-03-14 18:07:00',36,242,0,0,91,1,'2025-03-05 17:59:00',2,'El sistema tuvo un arrebato y decidió cambiarlo solo.'),(8055,172,'2025-03-14 18:07:00',36,249,0,0,91,1,'2025-03-05 19:35:00',2,'Modificación motivada por la mística del sistema.'),(8056,174,'2025-03-15 22:48:00',35,423,0,0,91,1,'2025-03-07 00:28:00',2,'Simulación de terremoto causó variaciones aleatorias.'),(8057,174,'2025-03-15 22:48:00',36,423,0,0,91,1,'2025-03-07 00:14:00',2,'El jefe dijo que lo hiciera, pero no explicó por qué.'),(8058,174,'2025-03-15 22:48:00',35,423,0,0,91,1,'2025-03-07 00:00:00',2,'Reajuste de kilogramos por interferencia cósmica.'),(8059,174,'2025-03-15 23:06:00',35,427,0,0,91,1,'2025-03-06 23:46:00',2,'El sistema tuvo un arrebato y decidió cambiarlo solo.'),(8060,174,'2025-03-15 22:53:00',35,427,0,0,91,1,'2025-03-06 23:32:00',2,'El sistema tuvo un arrebato y decidió cambiarlo solo.'),(8061,174,'2025-03-15 23:08:00',36,427,0,0,91,1,'2025-03-06 23:18:00',2,'Simulación de terremoto causó variaciones aleatorias.'),(8062,174,'2025-03-15 23:08:00',35,427,0,0,91,1,'2025-03-06 23:04:00',2,'Se corrigió porque parecía sospechosamente perfecto.'),(8063,174,'2025-03-15 23:08:00',35,440,0,0,91,1,'2025-03-07 00:28:00',2,'Simulación de terremoto causó variaciones aleatorias.'),(8064,175,'2025-03-08 23:08:00',35,575,0,0,91,1,'2025-03-06 23:45:00',2,'Cambio por presión popular en la planta.'),(8065,176,'2025-03-10 22:48:00',35,939,0,0,91,1,'2025-03-06 23:40:00',2,'Cambio por presión popular en la planta.'),(8066,176,'2025-03-10 22:23:00',35,939,0,0,91,1,'2025-03-06 23:33:00',2,'Reajuste de kilogramos por interferencia cósmica.'),(8067,176,'2025-03-10 22:23:00',36,939,0,0,91,1,'2025-03-06 23:26:00',2,'Reajuste de kilogramos por interferencia cósmica.'),(8068,176,'2025-03-10 22:23:00',36,910,0,0,91,1,'2025-03-06 23:19:00',2,'Ajuste por diferencia entre Tolva y Bins… otra vez.'),(8069,176,'2025-03-10 22:23:00',36,910,0,0,91,1,'2025-03-06 23:12:00',2,'El sistema tuvo un arrebato y decidió cambiarlo solo.'),(8070,176,'2025-03-10 22:27:00',36,910,0,0,91,1,'2025-03-06 23:05:00',2,'Modificación motivada por la mística del sistema.'),(8071,176,'2025-03-10 22:18:00',36,910,0,0,91,1,'2025-03-06 22:58:00',2,'El sistema tuvo un arrebato y decidió cambiarlo solo.'),(8072,176,'2025-03-10 22:18:00',36,910,1,0,91,1,'2025-03-06 23:40:00',2,'Reajuste de kilogramos por interferencia cósmica.'),(8073,177,'2025-03-14 22:48:00',35,495,0,0,91,1,'2025-03-06 23:34:00',2,'Se corrigió porque parecía sospechosamente perfecto.'),(8074,177,'2025-03-14 22:48:00',36,495,0,0,91,1,'2025-03-06 23:19:00',2,'Se corrigió porque parecía sospechosamente perfecto.'),(8075,177,'2025-03-14 22:48:00',36,495,1,0,91,1,'2025-03-06 23:04:00',2,'El sistema tuvo un arrebato y decidió cambiarlo solo.'),(8076,177,'2025-03-14 22:48:00',35,495,0,0,91,1,'2025-03-06 23:34:00',2,'Reajuste de kilogramos por interferencia cósmica.'),(8077,178,'2025-03-13 22:48:00',36,111,0,0,92,1,'2025-03-07 00:38:00',2,'Simulación de terremoto causó variaciones aleatorias.'),(8078,178,'2025-03-13 22:38:00',36,111,0,0,92,1,'2025-03-07 00:23:00',2,'Cambio validado por la abuela experta en Tolvas.'),(8079,178,'2025-03-13 22:41:00',35,111,0,0,92,1,'2025-03-07 00:08:00',2,'Se corrigió porque parecía sospechosamente perfecto.'),(8080,178,'2025-03-13 22:41:00',36,111,0,0,92,1,'2025-03-06 23:53:00',2,'Simulación de terremoto causó variaciones aleatorias.'),(8081,178,'2025-03-13 22:41:00',36,111,1,0,92,1,'2025-03-06 23:38:00',2,'Ajuste por diferencia entre Tolva y Bins… otra vez.'),(8082,178,'2025-03-13 22:37:00',36,111,1,17,92,1,'2025-03-06 23:23:00',2,'El operador pestañeó y apretó el botón sin querer.'),(8083,178,'2025-03-13 22:37:00',36,111,0,0,92,1,'2025-03-06 23:08:00',2,'Cambio validado por la abuela experta en Tolvas.'),(8084,178,'2025-03-13 22:37:00',36,113,0,0,92,1,'2025-03-07 00:38:00',2,'Modificación motivada por la mística del sistema.'),(8085,179,'2025-03-07 22:48:00',35,625,0,0,92,1,'2025-03-07 00:33:00',2,'Modificación motivada por la mística del sistema.'),(8086,179,'2025-03-07 22:48:00',35,606,0,0,92,1,'2025-03-07 00:18:00',2,'Modificación motivada por la mística del sistema.'),(8087,179,'2025-03-07 22:48:00',36,606,0,0,92,1,'2025-03-07 00:03:00',2,'Simulación de terremoto causó variaciones aleatorias.'),(8088,179,'2025-03-07 22:48:00',36,631,1,0,92,1,'2025-03-06 23:48:00',2,'Reajuste de kilogramos por interferencia cósmica.'),(8089,179,'2025-03-07 22:48:00',36,649,1,0,92,1,'2025-03-06 23:33:00',2,'Modificación motivada por la mística del sistema.'),(8090,179,'2025-03-07 23:16:00',36,649,1,21,92,1,'2025-03-06 23:18:00',2,'Cambio por presión popular en la planta.'),(8091,179,'2025-03-07 23:16:00',36,649,1,21,92,1,'2025-03-06 23:03:00',2,'Simulación de terremoto causó variaciones aleatorias.'),(8092,179,'2025-03-07 23:16:00',36,649,1,3,92,1,'2025-03-07 00:33:00',2,'Simulación de terremoto causó variaciones aleatorias.'),(8093,180,'2025-03-16 22:48:00',36,744,1,30,91,1,'2025-03-07 00:22:00',2,'Simulación de terremoto causó variaciones aleatorias.'),(8094,180,'2025-03-16 23:18:00',36,744,1,30,91,1,'2025-03-07 00:11:00',2,'Cambio por presión popular en la planta.'),(8095,180,'2025-03-16 23:12:00',36,744,1,30,91,1,'2025-03-07 00:00:00',2,'Cambio por presión popular en la planta.'),(8096,180,'2025-03-16 23:12:00',35,744,0,0,91,1,'2025-03-06 23:49:00',2,'Se corrigió porque parecía sospechosamente perfecto.'),(8097,180,'2025-03-16 23:12:00',35,729,0,0,91,1,'2025-03-06 23:38:00',2,'Cambio validado por la abuela experta en Tolvas.'),(8098,180,'2025-03-16 23:12:00',36,729,0,0,91,1,'2025-03-06 23:27:00',2,'Cambio por presión popular en la planta.'),(8099,180,'2025-03-16 23:33:00',35,729,0,0,91,1,'2025-03-06 23:16:00',2,'Cambio por presión popular en la planta.'),(8100,180,'2025-03-16 23:50:00',36,729,0,0,91,1,'2025-03-06 23:05:00',2,'Cambio validado por la abuela experta en Tolvas.'),(8101,180,'2025-03-16 23:56:00',36,736,0,0,91,1,'2025-03-07 00:22:00',2,'Reajuste de kilogramos por interferencia cósmica.'),(8102,181,'2025-03-12 22:48:00',36,428,0,0,91,1,'2025-03-07 00:37:00',2,'El jefe dijo que lo hiciera, pero no explicó por qué.'),(8103,181,'2025-03-12 22:43:00',36,428,0,0,91,1,'2025-03-07 00:22:00',2,'Ajuste por diferencia entre Tolva y Bins… otra vez.'),(8104,181,'2025-03-12 22:13:00',36,428,0,0,91,1,'2025-03-07 00:07:00',2,'El jefe dijo que lo hiciera, pero no explicó por qué.'),(8105,181,'2025-03-12 21:51:00',36,428,1,0,91,1,'2025-03-06 23:52:00',2,'Se corrigió porque parecía sospechosamente perfecto.'),(8106,181,'2025-03-12 21:51:00',36,424,1,0,91,1,'2025-03-06 23:37:00',2,'Se corrigió porque parecía sospechosamente perfecto.'),(8107,181,'2025-03-12 21:51:00',36,424,1,29,91,1,'2025-03-06 23:22:00',2,'El jefe dijo que lo hiciera, pero no explicó por qué.'),(8108,181,'2025-03-12 21:51:00',35,424,0,0,91,1,'2025-03-06 23:07:00',2,'El operador pestañeó y apretó el botón sin querer.'),(8109,181,'2025-03-12 21:51:00',35,428,0,0,91,1,'2025-03-07 00:37:00',2,'El jefe dijo que lo hiciera, pero no explicó por qué.'),(8110,182,'2025-03-15 23:12:00',36,492,0,0,92,1,'2025-03-06 23:39:00',2,'Se corrigió porque parecía sospechosamente perfecto.'),(8111,182,'2025-03-15 23:25:00',36,492,0,0,92,1,'2025-03-06 23:33:00',2,'El sistema tuvo un arrebato y decidió cambiarlo solo.'),(8112,182,'2025-03-15 23:25:00',36,477,1,0,92,1,'2025-03-06 23:27:00',2,'El sistema tuvo un arrebato y decidió cambiarlo solo.'),(8113,182,'2025-03-15 23:25:00',36,477,1,27,92,1,'2025-03-06 23:21:00',2,'Cambio validado por la abuela experta en Tolvas.'),(8114,182,'2025-03-15 23:25:00',36,477,0,0,92,1,'2025-03-06 23:15:00',2,'El sistema tuvo un arrebato y decidió cambiarlo solo.'),(8115,182,'2025-03-15 23:25:00',35,477,0,0,92,1,'2025-03-06 23:09:00',2,'Simulación de terremoto causó variaciones aleatorias.'),(8116,182,'2025-03-15 23:25:00',35,477,0,0,92,1,'2025-03-06 23:03:00',2,'Cambio validado por la abuela experta en Tolvas.'),(8117,182,'2025-03-15 23:25:00',36,477,1,0,92,1,'2025-03-06 22:57:00',2,'Simulación de terremoto causó variaciones aleatorias.'),(8118,182,'2025-03-15 23:21:00',36,477,1,0,92,1,'2025-03-06 23:39:00',2,'El sistema tuvo un arrebato y decidió cambiarlo solo.'),(8119,183,'2025-03-09 23:17:00',36,648,0,0,91,1,'2025-03-07 00:32:00',2,'Ajuste por diferencia entre Tolva y Bins… otra vez.'),(8120,183,'2025-03-09 23:10:00',36,648,0,0,91,1,'2025-03-07 00:15:00',2,'Cambio validado por la abuela experta en Tolvas.'),(8121,183,'2025-03-09 23:15:00',36,648,1,0,91,1,'2025-03-06 23:58:00',2,'Ajuste por diferencia entre Tolva y Bins… otra vez.'),(8122,183,'2025-03-09 23:15:00',35,661,0,0,91,1,'2025-03-06 23:41:00',2,'Cambio validado por la abuela experta en Tolvas.'),(8123,183,'2025-03-09 23:15:00',36,628,0,0,91,1,'2025-03-06 23:24:00',2,'El jefe dijo que lo hiciera, pero no explicó por qué.'),(8124,183,'2025-03-09 23:15:00',36,628,1,0,91,1,'2025-03-06 23:07:00',2,'Reajuste de kilogramos por interferencia cósmica.'),(8125,183,'2025-03-09 23:15:00',35,628,0,0,91,1,'2025-03-07 00:32:00',2,'Ajuste por diferencia entre Tolva y Bins… otra vez.'),(8126,184,'2025-03-18 03:38:00',36,308,1,16,91,1,'2025-03-08 04:36:00',2,'El sistema tuvo un arrebato y decidió cambiarlo solo.'),(8127,184,'2025-03-18 03:38:00',35,308,0,0,91,1,'2025-03-08 04:26:00',2,'Modificación motivada por la mística del sistema.'),(8128,184,'2025-03-18 03:38:00',35,305,0,0,91,1,'2025-03-08 04:16:00',2,'Cambio validado por la abuela experta en Tolvas.'),(8129,184,'2025-03-18 03:38:00',36,305,0,0,91,1,'2025-03-08 04:06:00',2,'El operador pestañeó y apretó el botón sin querer.'),(8130,184,'2025-03-18 03:38:00',35,305,0,0,91,1,'2025-03-08 04:36:00',2,'El jefe dijo que lo hiciera, pero no explicó por qué.'),(8131,185,'2025-03-09 03:54:00',36,810,1,0,91,1,'2025-03-08 04:41:00',2,'Ajuste por diferencia entre Tolva y Bins… otra vez.'),(8132,185,'2025-03-09 03:54:00',36,810,1,20,91,1,'2025-03-08 04:34:00',2,'Cambio validado por la abuela experta en Tolvas.'),(8133,185,'2025-03-09 04:13:00',35,810,0,0,91,1,'2025-03-08 04:27:00',2,'Cambio validado por la abuela experta en Tolvas.'),(8134,185,'2025-03-09 04:13:00',36,786,0,0,91,1,'2025-03-08 04:20:00',2,'Modificación motivada por la mística del sistema.'),(8135,185,'2025-03-09 03:57:00',36,786,0,0,91,1,'2025-03-08 04:13:00',2,'Ajuste por diferencia entre Tolva y Bins… otra vez.'),(8136,185,'2025-03-09 03:57:00',35,786,0,0,91,1,'2025-03-08 04:06:00',2,'El operador pestañeó y apretó el botón sin querer.'),(8137,185,'2025-03-09 03:57:00',36,746,0,0,91,1,'2025-03-08 04:41:00',2,'Ajuste por diferencia entre Tolva y Bins… otra vez.'),(8138,186,'2025-03-19 09:00:00',36,461,1,0,92,1,'2025-03-09 09:05:00',2,'Cambio validado por la abuela experta en Tolvas.'),(8139,186,'2025-03-19 09:00:00',36,461,1,3,92,1,'2025-03-09 08:44:00',2,'Simulación de terremoto causó variaciones aleatorias.'),(8140,186,'2025-03-19 09:00:00',35,461,0,0,92,1,'2025-03-09 08:23:00',2,'Cambio validado por la abuela experta en Tolvas.'),(8141,186,'2025-03-19 09:20:00',36,447,0,0,92,1,'2025-03-09 09:05:00',2,'El operador pestañeó y apretó el botón sin querer.'),(8142,188,'2025-03-13 08:38:00',35,816,0,0,92,1,'2025-03-09 09:03:00',2,'El sistema tuvo un arrebato y decidió cambiarlo solo.'),(8143,188,'2025-03-13 08:10:00',35,816,0,0,92,1,'2025-03-09 08:42:00',2,'Modificación motivada por la mística del sistema.'),(8144,188,'2025-03-13 07:45:00',36,816,0,0,92,1,'2025-03-09 08:21:00',2,'El operador pestañeó y apretó el botón sin querer.'),(8145,188,'2025-03-13 07:45:00',36,800,0,0,92,1,'2025-03-09 09:03:00',2,'Cambio por presión popular en la planta.'),(8146,189,'2025-03-10 08:42:00',36,849,0,0,91,1,'2025-03-09 09:26:00',2,'Cambio validado por la abuela experta en Tolvas.'),(8147,189,'2025-03-10 08:42:00',36,849,1,0,91,1,'2025-03-09 09:09:00',2,'Cambio validado por la abuela experta en Tolvas.'),(8148,189,'2025-03-10 08:42:00',35,849,0,0,91,1,'2025-03-09 08:52:00',2,'Cambio por presión popular en la planta.'),(8149,189,'2025-03-10 09:04:00',35,849,0,0,91,1,'2025-03-09 08:35:00',2,'Cambio por presión popular en la planta.'),(8150,189,'2025-03-10 09:22:00',35,849,0,0,91,1,'2025-03-09 08:18:00',2,'El operador pestañeó y apretó el botón sin querer.'),(8151,189,'2025-03-10 09:22:00',35,857,0,0,91,1,'2025-03-09 09:26:00',2,'Reajuste de kilogramos por interferencia cósmica.'),(8152,190,'2025-03-19 09:09:00',35,123,0,0,94,1,'2025-03-09 09:15:00',2,'Modificación motivada por la mística del sistema.'),(8153,190,'2025-03-19 09:11:00',35,123,0,0,94,1,'2025-03-09 09:03:00',2,'Simulación de terremoto causó variaciones aleatorias.'),(8154,190,'2025-03-19 09:11:00',36,123,0,0,94,1,'2025-03-09 08:51:00',2,'El sistema tuvo un arrebato y decidió cambiarlo solo.'),(8155,190,'2025-03-19 09:26:00',36,123,0,0,94,1,'2025-03-09 08:39:00',2,'El operador pestañeó y apretó el botón sin querer.'),(8156,190,'2025-03-19 09:26:00',35,123,0,0,94,1,'2025-03-09 08:27:00',2,'Simulación de terremoto causó variaciones aleatorias.'),(8157,190,'2025-03-19 09:26:00',36,123,0,0,94,1,'2025-03-09 08:15:00',2,'El operador pestañeó y apretó el botón sin querer.'),(8158,190,'2025-03-19 09:17:00',36,127,0,0,94,1,'2025-03-09 09:15:00',2,'Cambio validado por la abuela experta en Tolvas.'),(8159,191,'2025-03-13 14:24:00',35,352,0,0,91,1,'2025-03-10 14:01:00',2,'Cambio por presión popular en la planta.'),(8160,191,'2025-03-13 14:37:00',35,352,0,0,91,1,'2025-03-10 13:43:00',2,'Reajuste de kilogramos por interferencia cósmica.'),(8161,191,'2025-03-13 14:37:00',35,352,0,0,91,1,'2025-03-10 13:25:00',2,'Simulación de terremoto causó variaciones aleatorias.'),(8162,191,'2025-03-13 14:37:00',36,352,0,0,91,1,'2025-03-10 14:01:00',2,'El jefe dijo que lo hiciera, pero no explicó por qué.'),(8163,192,'2025-03-17 14:06:00',35,528,0,0,94,1,'2025-03-10 14:42:00',2,'El sistema tuvo un arrebato y decidió cambiarlo solo.'),(8164,192,'2025-03-17 14:22:00',35,523,0,0,94,1,'2025-03-10 14:26:00',2,'Reajuste de kilogramos por interferencia cósmica.'),(8165,192,'2025-03-17 14:22:00',35,497,0,0,94,1,'2025-03-10 14:10:00',2,'El sistema tuvo un arrebato y decidió cambiarlo solo.'),(8166,192,'2025-03-17 14:22:00',35,487,0,0,94,1,'2025-03-10 13:54:00',2,'Simulación de terremoto causó variaciones aleatorias.'),(8167,192,'2025-03-17 14:22:00',36,487,0,0,94,1,'2025-03-10 13:38:00',2,'El jefe dijo que lo hiciera, pero no explicó por qué.'),(8168,192,'2025-03-17 14:22:00',35,487,0,0,94,1,'2025-03-10 13:22:00',2,'Reajuste de kilogramos por interferencia cósmica.'),(8169,192,'2025-03-17 14:41:00',35,487,0,0,94,1,'2025-03-10 14:42:00',2,'El sistema tuvo un arrebato y decidió cambiarlo solo.'),(8170,193,'2025-03-17 14:06:00',36,361,0,0,94,1,'2025-03-10 14:13:00',2,'Cambio validado por la abuela experta en Tolvas.'),(8171,193,'2025-03-17 14:18:00',36,361,0,0,94,1,'2025-03-10 14:02:00',2,'Cambio por presión popular en la planta.'),(8172,193,'2025-03-17 14:18:00',36,372,0,0,94,1,'2025-03-10 13:51:00',2,'Ajuste por diferencia entre Tolva y Bins… otra vez.'),(8173,193,'2025-03-17 14:36:00',36,372,0,0,94,1,'2025-03-10 13:40:00',2,'El jefe dijo que lo hiciera, pero no explicó por qué.'),(8174,193,'2025-03-17 14:36:00',36,372,1,0,94,1,'2025-03-10 13:29:00',2,'Reajuste de kilogramos por interferencia cósmica.'),(8175,193,'2025-03-17 14:36:00',35,372,0,0,94,1,'2025-03-10 13:18:00',2,'El operador pestañeó y apretó el botón sin querer.'),(8176,193,'2025-03-17 14:36:00',36,372,0,0,94,1,'2025-03-10 14:13:00',2,'Cambio por presión popular en la planta.'),(8177,194,'2025-03-15 19:12:00',36,615,1,6,92,1,'2025-03-11 18:51:00',2,'Cambio por presión popular en la planta.'),(8178,195,'2025-03-13 19:12:00',36,494,0,0,95,1,'2025-03-11 19:41:00',2,'Cambio por presión popular en la planta.'),(8179,195,'2025-03-13 19:12:00',36,494,1,10,95,1,'2025-03-11 19:19:00',2,'El jefe dijo que lo hiciera, pero no explicó por qué.'),(8180,195,'2025-03-13 19:09:00',36,485,1,10,95,1,'2025-03-11 18:57:00',2,'Simulación de terremoto causó variaciones aleatorias.'),(8181,195,'2025-03-13 19:09:00',36,485,0,0,95,1,'2025-03-11 18:35:00',2,'Modificación motivada por la mística del sistema.'),(8182,195,'2025-03-13 19:09:00',36,489,0,0,95,1,'2025-03-11 19:41:00',2,'Se corrigió porque parecía sospechosamente perfecto.'),(8183,196,'2025-03-20 19:12:00',36,734,1,0,92,1,'2025-03-11 19:34:00',2,'El operador pestañeó y apretó el botón sin querer.'),(8184,196,'2025-03-20 19:12:00',35,734,0,0,92,1,'2025-03-11 19:18:00',2,'Se corrigió porque parecía sospechosamente perfecto.'),(8185,196,'2025-03-20 19:03:00',35,734,0,0,92,1,'2025-03-11 19:02:00',2,'Ajuste por diferencia entre Tolva y Bins… otra vez.'),(8186,196,'2025-03-20 18:36:00',35,734,0,0,92,1,'2025-03-11 18:46:00',2,'Cambio validado por la abuela experta en Tolvas.'),(8187,196,'2025-03-20 18:32:00',36,727,0,0,92,1,'2025-03-11 18:30:00',2,'El sistema tuvo un arrebato y decidió cambiarlo solo.'),(8188,196,'2025-03-20 18:32:00',36,727,1,13,92,1,'2025-03-11 19:34:00',2,'El sistema tuvo un arrebato y decidió cambiarlo solo.'),(8189,197,'2025-03-18 18:56:00',36,272,0,0,94,1,'2025-03-11 19:39:00',2,'Ajuste por diferencia entre Tolva y Bins… otra vez.'),(8190,197,'2025-03-18 18:56:00',35,272,0,0,94,1,'2025-03-11 19:39:00',2,'Se corrigió porque parecía sospechosamente perfecto.'),(8191,198,'2025-03-16 18:50:00',35,1028,0,0,92,1,'2025-03-11 19:42:00',2,'Reajuste de kilogramos por interferencia cósmica.'),(8192,198,'2025-03-16 18:50:00',36,1028,0,0,92,1,'2025-03-11 19:20:00',2,'Modificación motivada por la mística del sistema.'),(8193,198,'2025-03-16 18:50:00',35,1028,0,0,92,1,'2025-03-11 18:58:00',2,'Modificación motivada por la mística del sistema.'),(8194,198,'2025-03-16 18:50:00',36,1028,1,25,92,1,'2025-03-11 18:36:00',2,'El jefe dijo que lo hiciera, pero no explicó por qué.'),(8195,198,'2025-03-16 19:10:00',36,1028,1,25,92,1,'2025-03-11 19:42:00',2,'Se corrigió porque parecía sospechosamente perfecto.'),(8196,199,'2025-03-16 00:06:00',36,929,0,0,95,1,'2025-03-13 00:46:00',2,'Ajuste por diferencia entre Tolva y Bins… otra vez.'),(8197,199,'2025-03-16 00:06:00',36,883,0,0,95,1,'2025-03-13 00:24:00',2,'Simulación de terremoto causó variaciones aleatorias.'),(8198,199,'2025-03-16 00:06:00',36,883,1,0,95,1,'2025-03-13 00:02:00',2,'Modificación motivada por la mística del sistema.'),(8199,199,'2025-03-16 00:06:00',36,909,1,0,95,1,'2025-03-12 23:40:00',2,'Reajuste de kilogramos por interferencia cósmica.'),(8200,199,'2025-03-16 00:06:00',35,909,0,0,95,1,'2025-03-13 00:46:00',2,'El operador pestañeó y apretó el botón sin querer.'),(8201,200,'2025-03-18 00:18:00',36,533,1,27,92,1,'2025-03-13 00:16:00',2,'El jefe dijo que lo hiciera, pero no explicó por qué.'),(8202,200,'2025-03-18 00:18:00',35,533,0,0,92,1,'2025-03-13 00:05:00',2,'Simulación de terremoto causó variaciones aleatorias.'),(8203,200,'2025-03-18 00:06:00',35,533,0,0,92,1,'2025-03-12 23:54:00',2,'Cambio por presión popular en la planta.'),(8204,200,'2025-03-18 00:06:00',36,533,0,0,92,1,'2025-03-12 23:43:00',2,'El jefe dijo que lo hiciera, pero no explicó por qué.'),(8205,200,'2025-03-18 00:06:00',36,506,0,0,92,1,'2025-03-12 23:32:00',2,'Modificación motivada por la mística del sistema.'),(8206,200,'2025-03-18 00:06:00',35,516,0,0,92,1,'2025-03-13 00:16:00',2,'Modificación motivada por la mística del sistema.'),(8207,203,'2025-03-22 00:18:00',35,296,0,0,92,1,'2025-03-12 23:55:00',2,'El jefe dijo que lo hiciera, pero no explicó por qué.'),(8208,203,'2025-03-22 00:18:00',36,296,0,0,92,1,'2025-03-12 23:51:00',2,'El sistema tuvo un arrebato y decidió cambiarlo solo.'),(8209,203,'2025-03-22 00:18:00',36,287,0,0,92,1,'2025-03-12 23:47:00',2,'Modificación motivada por la mística del sistema.'),(8210,203,'2025-03-22 00:18:00',36,287,1,0,92,1,'2025-03-12 23:43:00',2,'Cambio por presión popular en la planta.'),(8211,203,'2025-03-22 00:18:00',35,287,0,0,92,1,'2025-03-12 23:39:00',2,'El jefe dijo que lo hiciera, pero no explicó por qué.'),(8212,203,'2025-03-22 00:18:00',36,273,0,0,92,1,'2025-03-12 23:35:00',2,'El operador pestañeó y apretó el botón sin querer.'),(8213,203,'2025-03-22 00:18:00',36,286,0,0,92,1,'2025-03-12 23:31:00',2,'Cambio por presión popular en la planta.'),(8214,203,'2025-03-22 00:18:00',36,286,0,0,92,1,'2025-03-12 23:27:00',2,'Simulación de terremoto causó variaciones aleatorias.'),(8215,203,'2025-03-22 00:18:00',36,286,1,0,92,1,'2025-03-12 23:55:00',2,'Ajuste por diferencia entre Tolva y Bins… otra vez.'),(8216,204,'2025-03-16 00:01:00',35,128,0,0,91,1,'2025-03-13 00:01:00',2,'Simulación de terremoto causó variaciones aleatorias.'),(8217,204,'2025-03-16 00:01:00',36,128,0,0,91,1,'2025-03-12 23:47:00',2,'Reajuste de kilogramos por interferencia cósmica.'),(8218,204,'2025-03-16 00:11:00',35,128,0,0,91,1,'2025-03-12 23:33:00',2,'Cambio por presión popular en la planta.'),(8219,204,'2025-03-16 00:00:00',35,128,0,0,91,1,'2025-03-13 00:01:00',2,'Se corrigió porque parecía sospechosamente perfecto.'),(8220,205,'2025-03-18 00:18:00',36,654,0,0,93,1,'2025-03-13 00:54:00',2,'El sistema tuvo un arrebato y decidió cambiarlo solo.'),(8221,205,'2025-03-18 00:18:00',35,654,0,0,93,1,'2025-03-13 00:38:00',2,'El operador pestañeó y apretó el botón sin querer.'),(8222,205,'2025-03-18 00:18:00',36,680,0,0,93,1,'2025-03-13 00:22:00',2,'Ajuste por diferencia entre Tolva y Bins… otra vez.'),(8223,205,'2025-03-18 00:18:00',36,653,1,0,93,1,'2025-03-13 00:06:00',2,'Simulación de terremoto causó variaciones aleatorias.'),(8224,205,'2025-03-18 00:18:00',36,653,1,2,93,1,'2025-03-12 23:50:00',2,'Ajuste por diferencia entre Tolva y Bins… otra vez.'),(8225,205,'2025-03-18 00:38:00',35,653,0,0,93,1,'2025-03-12 23:34:00',2,'El operador pestañeó y apretó el botón sin querer.'),(8226,205,'2025-03-18 00:38:00',36,653,0,0,93,1,'2025-03-13 00:54:00',2,'Ajuste por diferencia entre Tolva y Bins… otra vez.'),(8227,207,'2025-03-23 05:16:00',35,725,0,0,91,1,'2025-03-14 06:13:00',2,'Cambio por presión popular en la planta.'),(8228,207,'2025-03-23 05:16:00',35,739,0,0,91,1,'2025-03-14 06:13:00',2,'Reajuste de kilogramos por interferencia cósmica.'),(8229,208,'2025-03-24 04:55:00',35,241,0,0,94,1,'2025-03-14 05:13:00',2,'Ajuste por diferencia entre Tolva y Bins… otra vez.'),(8230,208,'2025-03-24 04:55:00',36,241,0,0,94,1,'2025-03-14 05:04:00',2,'El operador pestañeó y apretó el botón sin querer.'),(8231,208,'2025-03-24 05:11:00',36,253,0,0,94,1,'2025-03-14 04:55:00',2,'Se corrigió porque parecía sospechosamente perfecto.'),(8232,208,'2025-03-24 05:11:00',36,253,1,0,94,1,'2025-03-14 04:46:00',2,'El operador pestañeó y apretó el botón sin querer.'),(8233,208,'2025-03-24 04:58:00',36,260,1,0,94,1,'2025-03-14 04:37:00',2,'Ajuste por diferencia entre Tolva y Bins… otra vez.'),(8234,208,'2025-03-24 04:58:00',36,260,1,30,94,1,'2025-03-14 05:13:00',2,'El jefe dijo que lo hiciera, pero no explicó por qué.'),(8235,209,'2025-03-19 05:02:00',36,127,0,0,91,1,'2025-03-14 06:20:00',2,'Cambio por presión popular en la planta.'),(8236,209,'2025-03-19 05:02:00',35,127,0,0,91,1,'2025-03-14 06:06:00',2,'El sistema tuvo un arrebato y decidió cambiarlo solo.'),(8237,209,'2025-03-19 05:18:00',35,127,0,0,91,1,'2025-03-14 05:52:00',2,'Se corrigió porque parecía sospechosamente perfecto.'),(8238,209,'2025-03-19 05:18:00',35,130,0,0,91,1,'2025-03-14 05:38:00',2,'Cambio por presión popular en la planta.'),(8239,209,'2025-03-19 04:57:00',35,130,0,0,91,1,'2025-03-14 05:24:00',2,'Se corrigió porque parecía sospechosamente perfecto.'),(8240,209,'2025-03-19 04:57:00',35,130,0,0,91,1,'2025-03-14 05:10:00',2,'El sistema tuvo un arrebato y decidió cambiarlo solo.'),(8241,209,'2025-03-19 04:57:00',35,124,0,0,91,1,'2025-03-14 04:56:00',2,'Cambio validado por la abuela experta en Tolvas.'),(8242,209,'2025-03-19 04:57:00',36,124,0,0,91,1,'2025-03-14 04:42:00',2,'Cambio validado por la abuela experta en Tolvas.'),(8243,209,'2025-03-19 04:57:00',36,118,0,0,91,1,'2025-03-14 06:20:00',2,'Modificación motivada por la mística del sistema.'),(8244,210,'2025-03-19 05:29:00',35,895,0,0,91,1,'2025-03-14 05:57:00',2,'El operador pestañeó y apretó el botón sin querer.'),(8245,211,'2025-03-19 05:24:00',35,210,0,0,91,1,'2025-03-14 05:27:00',2,'El jefe dijo que lo hiciera, pero no explicó por qué.'),(8246,211,'2025-03-19 05:24:00',35,208,0,0,91,1,'2025-03-14 04:56:00',2,'Reajuste de kilogramos por interferencia cósmica.'),(8247,211,'2025-03-19 05:11:00',35,208,0,0,91,1,'2025-03-14 05:27:00',2,'El sistema tuvo un arrebato y decidió cambiarlo solo.'),(8248,212,'2025-03-23 05:24:00',35,531,0,0,91,1,'2025-03-14 05:35:00',2,'Reajuste de kilogramos por interferencia cósmica.'),(8249,212,'2025-03-23 05:24:00',35,510,0,0,91,1,'2025-03-14 05:25:00',2,'El jefe dijo que lo hiciera, pero no explicó por qué.'),(8250,212,'2025-03-23 05:24:00',36,510,0,0,91,1,'2025-03-14 05:15:00',2,'Cambio validado por la abuela experta en Tolvas.'),(8251,212,'2025-03-23 05:24:00',36,510,1,0,91,1,'2025-03-14 05:05:00',2,'Cambio validado por la abuela experta en Tolvas.'),(8252,212,'2025-03-23 05:43:00',35,510,0,0,91,1,'2025-03-14 04:55:00',2,'Se corrigió porque parecía sospechosamente perfecto.'),(8253,212,'2025-03-23 05:41:00',35,510,0,0,91,1,'2025-03-14 04:45:00',2,'El sistema tuvo un arrebato y decidió cambiarlo solo.'),(8254,212,'2025-03-23 05:41:00',36,510,0,0,91,1,'2025-03-14 04:35:00',2,'El operador pestañeó y apretó el botón sin querer.'),(8255,212,'2025-03-23 05:41:00',35,510,0,0,91,1,'2025-03-14 05:35:00',2,'Simulación de terremoto causó variaciones aleatorias.'),(8256,213,'2025-03-17 05:30:00',35,950,0,0,96,1,'2025-03-14 06:23:00',2,'Se corrigió porque parecía sospechosamente perfecto.'),(8257,214,'2025-03-21 04:56:00',35,786,0,0,94,1,'2025-03-14 05:34:00',2,'Modificación motivada por la mística del sistema.'),(8258,214,'2025-03-21 04:56:00',36,786,0,0,94,1,'2025-03-14 05:17:00',2,'Ajuste por diferencia entre Tolva y Bins… otra vez.'),(8259,214,'2025-03-21 04:56:00',36,786,1,27,94,1,'2025-03-14 05:00:00',2,'Cambio validado por la abuela experta en Tolvas.'),(8260,214,'2025-03-21 04:49:00',36,786,1,27,94,1,'2025-03-14 04:43:00',2,'El sistema tuvo un arrebato y decidió cambiarlo solo.'),(8261,214,'2025-03-21 04:49:00',35,786,0,0,94,1,'2025-03-14 05:34:00',2,'Modificación motivada por la mística del sistema.'),(8262,215,'2025-03-23 05:38:00',36,637,0,0,95,1,'2025-03-14 05:07:00',2,'Reajuste de kilogramos por interferencia cósmica.'),(8263,215,'2025-03-23 05:38:00',35,637,0,0,95,1,'2025-03-14 05:01:00',2,'Modificación motivada por la mística del sistema.'),(8264,215,'2025-03-23 05:38:00',36,637,1,0,95,1,'2025-03-14 04:55:00',2,'El sistema tuvo un arrebato y decidió cambiarlo solo.'),(8265,215,'2025-03-23 05:38:00',35,662,0,0,95,1,'2025-03-14 04:49:00',2,'Reajuste de kilogramos por interferencia cósmica.'),(8266,215,'2025-03-23 05:08:00',35,695,0,0,95,1,'2025-03-14 04:43:00',2,'El sistema tuvo un arrebato y decidió cambiarlo solo.'),(8267,215,'2025-03-23 05:08:00',35,688,0,0,95,1,'2025-03-14 04:37:00',2,'Reajuste de kilogramos por interferencia cósmica.'),(8268,215,'2025-03-23 05:08:00',36,688,0,0,95,1,'2025-03-14 04:31:00',2,'Cambio por presión popular en la planta.'),(8269,215,'2025-03-23 05:08:00',35,688,0,0,95,1,'2025-03-14 05:07:00',2,'Modificación motivada por la mística del sistema.'),(8270,217,'2025-03-21 10:30:00',36,360,1,10,91,1,'2025-03-15 10:05:00',2,'Ajuste por diferencia entre Tolva y Bins… otra vez.'),(8271,218,'2025-03-19 10:30:00',36,631,1,0,93,1,'2025-03-15 10:57:00',2,'Cambio por presión popular en la planta.'),(8272,218,'2025-03-19 10:11:00',36,631,1,14,93,1,'2025-03-15 10:40:00',2,'Ajuste por diferencia entre Tolva y Bins… otra vez.'),(8273,218,'2025-03-19 10:11:00',36,631,1,17,93,1,'2025-03-15 10:23:00',2,'El operador pestañeó y apretó el botón sin querer.'),(8274,218,'2025-03-19 10:11:00',36,631,0,0,93,1,'2025-03-15 10:06:00',2,'Reajuste de kilogramos por interferencia cósmica.'),(8275,218,'2025-03-19 09:57:00',36,631,0,0,93,1,'2025-03-15 09:49:00',2,'El jefe dijo que lo hiciera, pero no explicó por qué.'),(8276,218,'2025-03-19 09:57:00',35,650,0,0,93,1,'2025-03-15 10:57:00',2,'El sistema tuvo un arrebato y decidió cambiarlo solo.'),(8277,219,'2025-03-23 10:30:00',35,298,0,0,91,1,'2025-03-15 10:34:00',2,'Modificación motivada por la mística del sistema.'),(8278,219,'2025-03-23 10:49:00',36,298,0,0,91,1,'2025-03-15 10:26:00',2,'El operador pestañeó y apretó el botón sin querer.'),(8279,219,'2025-03-23 10:49:00',36,298,0,0,91,1,'2025-03-15 10:18:00',2,'El sistema tuvo un arrebato y decidió cambiarlo solo.'),(8280,219,'2025-03-23 10:49:00',36,304,0,0,91,1,'2025-03-15 10:10:00',2,'El jefe dijo que lo hiciera, pero no explicó por qué.'),(8281,219,'2025-03-23 10:49:00',36,310,0,0,91,1,'2025-03-15 10:02:00',2,'Reajuste de kilogramos por interferencia cósmica.'),(8282,219,'2025-03-23 10:49:00',35,310,0,0,91,1,'2025-03-15 09:54:00',2,'El jefe dijo que lo hiciera, pero no explicó por qué.'),(8283,219,'2025-03-23 10:49:00',36,319,0,0,91,1,'2025-03-15 09:46:00',2,'Se corrigió porque parecía sospechosamente perfecto.'),(8284,219,'2025-03-23 10:49:00',36,326,0,0,91,1,'2025-03-15 09:38:00',2,'El sistema tuvo un arrebato y decidió cambiarlo solo.'),(8285,219,'2025-03-23 10:20:00',36,309,0,0,91,1,'2025-03-15 10:34:00',2,'El jefe dijo que lo hiciera, pero no explicó por qué.'),(8286,220,'2025-03-25 10:30:00',35,792,0,0,91,1,'2025-03-15 10:26:00',2,'El jefe dijo que lo hiciera, pero no explicó por qué.'),(8287,220,'2025-03-25 10:30:00',35,752,0,0,91,1,'2025-03-15 10:15:00',2,'Modificación motivada por la mística del sistema.'),(8288,220,'2025-03-25 10:30:00',35,745,0,0,91,1,'2025-03-15 10:04:00',2,'Cambio validado por la abuela experta en Tolvas.'),(8289,220,'2025-03-25 10:30:00',36,745,0,0,91,1,'2025-03-15 09:53:00',2,'Reajuste de kilogramos por interferencia cósmica.'),(8290,220,'2025-03-25 10:30:00',35,752,0,0,91,1,'2025-03-15 09:42:00',2,'El operador pestañeó y apretó el botón sin querer.'),(8291,220,'2025-03-25 10:32:00',36,752,0,0,91,1,'2025-03-15 10:26:00',2,'Se corrigió porque parecía sospechosamente perfecto.'),(8292,221,'2025-03-16 10:30:00',36,712,0,0,94,1,'2025-03-15 10:10:00',2,'Ajuste por diferencia entre Tolva y Bins… otra vez.'),(8293,221,'2025-03-16 10:30:00',35,712,0,0,94,1,'2025-03-15 10:00:00',2,'El jefe dijo que lo hiciera, pero no explicó por qué.'),(8294,221,'2025-03-16 10:30:00',36,712,1,8,94,1,'2025-03-15 09:50:00',2,'Se corrigió porque parecía sospechosamente perfecto.'),(8295,221,'2025-03-16 10:30:00',35,712,0,0,94,1,'2025-03-15 09:40:00',2,'Simulación de terremoto causó variaciones aleatorias.'),(8296,221,'2025-03-16 10:30:00',36,733,0,0,94,1,'2025-03-15 10:10:00',2,'Reajuste de kilogramos por interferencia cósmica.'),(8297,222,'2025-03-22 10:30:00',36,893,1,16,92,1,'2025-03-15 10:59:00',2,'Simulación de terremoto causó variaciones aleatorias.'),(8298,222,'2025-03-22 10:30:00',36,893,0,0,92,1,'2025-03-15 10:47:00',2,'Se corrigió porque parecía sospechosamente perfecto.'),(8299,222,'2025-03-22 10:30:00',36,893,1,0,92,1,'2025-03-15 10:35:00',2,'Ajuste por diferencia entre Tolva y Bins… otra vez.'),(8300,222,'2025-03-22 10:03:00',35,920,0,0,92,1,'2025-03-15 10:23:00',2,'Simulación de terremoto causó variaciones aleatorias.'),(8301,222,'2025-03-22 10:03:00',35,938,0,0,92,1,'2025-03-15 10:11:00',2,'El jefe dijo que lo hiciera, pero no explicó por qué.'),(8302,222,'2025-03-22 10:03:00',36,938,0,0,92,1,'2025-03-15 09:59:00',2,'Ajuste por diferencia entre Tolva y Bins… otra vez.'),(8303,222,'2025-03-22 09:53:00',35,938,0,0,92,1,'2025-03-15 09:47:00',2,'Simulación de terremoto causó variaciones aleatorias.'),(8304,222,'2025-03-22 09:30:00',35,976,0,0,92,1,'2025-03-15 10:59:00',2,'Simulación de terremoto causó variaciones aleatorias.'),(8305,223,'2025-03-18 15:36:00',35,361,0,0,94,1,'2025-03-16 16:29:00',2,'Cambio validado por la abuela experta en Tolvas.'),(8306,223,'2025-03-18 15:19:00',35,361,0,0,94,1,'2025-03-16 16:11:00',2,'El jefe dijo que lo hiciera, pero no explicó por qué.'),(8307,223,'2025-03-18 15:19:00',36,346,1,0,94,1,'2025-03-16 15:53:00',2,'Simulación de terremoto causó variaciones aleatorias.'),(8308,223,'2025-03-18 15:11:00',36,346,1,0,94,1,'2025-03-16 15:35:00',2,'El sistema tuvo un arrebato y decidió cambiarlo solo.'),(8309,223,'2025-03-18 15:27:00',36,346,1,1,94,1,'2025-03-16 15:17:00',2,'El operador pestañeó y apretó el botón sin querer.'),(8310,223,'2025-03-18 15:23:00',36,346,1,1,94,1,'2025-03-16 14:59:00',2,'El jefe dijo que lo hiciera, pero no explicó por qué.'),(8311,223,'2025-03-18 15:23:00',35,346,0,0,94,1,'2025-03-16 16:29:00',2,'Cambio validado por la abuela experta en Tolvas.'),(8312,224,'2025-03-27 20:42:00',35,937,0,0,92,1,'2025-03-17 20:50:00',2,'Modificación motivada por la mística del sistema.'),(8313,224,'2025-03-27 20:42:00',36,937,0,0,92,1,'2025-03-17 20:42:00',2,'Se corrigió porque parecía sospechosamente perfecto.'),(8314,224,'2025-03-27 20:24:00',36,937,1,0,92,1,'2025-03-17 20:34:00',2,'Se corrigió porque parecía sospechosamente perfecto.'),(8315,224,'2025-03-27 20:24:00',35,928,0,0,92,1,'2025-03-17 20:26:00',2,'Reajuste de kilogramos por interferencia cósmica.'),(8316,224,'2025-03-27 20:24:00',36,928,0,0,92,1,'2025-03-17 20:18:00',2,'El operador pestañeó y apretó el botón sin querer.'),(8317,224,'2025-03-27 20:13:00',36,928,0,0,92,1,'2025-03-17 20:10:00',2,'Reajuste de kilogramos por interferencia cósmica.'),(8318,224,'2025-03-27 20:12:00',36,928,0,0,92,1,'2025-03-17 20:02:00',2,'Cambio validado por la abuela experta en Tolvas.'),(8319,224,'2025-03-27 20:12:00',35,928,0,0,92,1,'2025-03-17 19:54:00',2,'Cambio por presión popular en la planta.'),(8320,224,'2025-03-27 20:12:00',35,900,0,0,92,1,'2025-03-17 20:50:00',2,'Cambio por presión popular en la planta.'),(8321,226,'2025-03-23 01:48:00',36,189,0,0,91,1,'2025-03-19 01:51:00',2,'El jefe dijo que lo hiciera, pero no explicó por qué.'),(8322,227,'2025-03-22 01:48:00',35,497,0,0,94,1,'2025-03-19 02:47:00',2,'Cambio validado por la abuela experta en Tolvas.'),(8323,227,'2025-03-22 01:48:00',35,502,0,0,94,1,'2025-03-19 01:48:00',2,'Reajuste de kilogramos por interferencia cósmica.'),(8324,227,'2025-03-22 01:40:00',35,502,0,0,94,1,'2025-03-19 02:47:00',2,'Cambio validado por la abuela experta en Tolvas.'),(8325,228,'2025-03-27 06:54:00',35,642,0,0,95,1,'2025-03-20 06:48:00',2,'Ajuste por diferencia entre Tolva y Bins… otra vez.'),(8326,228,'2025-03-27 06:31:00',35,642,0,0,95,1,'2025-03-20 06:42:00',2,'Ajuste por diferencia entre Tolva y Bins… otra vez.'),(8327,228,'2025-03-27 06:31:00',35,623,0,0,95,1,'2025-03-20 06:36:00',2,'Se corrigió porque parecía sospechosamente perfecto.'),(8328,228,'2025-03-27 06:31:00',36,635,0,0,95,1,'2025-03-20 06:30:00',2,'Ajuste por diferencia entre Tolva y Bins… otra vez.'),(8329,228,'2025-03-27 06:31:00',35,635,0,0,95,1,'2025-03-20 06:24:00',2,'Se corrigió porque parecía sospechosamente perfecto.'),(8330,228,'2025-03-27 06:48:00',36,635,1,0,95,1,'2025-03-20 06:18:00',2,'Ajuste por diferencia entre Tolva y Bins… otra vez.'),(8331,228,'2025-03-27 06:48:00',36,635,0,0,95,1,'2025-03-20 06:12:00',2,'El operador pestañeó y apretó el botón sin querer.'),(8332,228,'2025-03-27 07:16:00',36,635,0,0,95,1,'2025-03-20 06:06:00',2,'Modificación motivada por la mística del sistema.'),(8333,228,'2025-03-27 07:06:00',36,635,0,0,95,1,'2025-03-20 06:48:00',2,'Reajuste de kilogramos por interferencia cósmica.'),(8334,229,'2025-03-27 06:44:00',36,292,0,0,95,1,'2025-03-20 06:24:00',2,'Reajuste de kilogramos por interferencia cósmica.'),(8335,230,'2025-03-28 06:54:00',36,316,1,7,93,1,'2025-03-20 06:40:00',2,'Simulación de terremoto causó variaciones aleatorias.'),(8336,230,'2025-03-28 06:54:00',35,307,0,0,93,1,'2025-03-20 06:34:00',2,'Reajuste de kilogramos por interferencia cósmica.'),(8337,230,'2025-03-28 06:54:00',35,295,0,0,93,1,'2025-03-20 06:28:00',2,'Cambio por presión popular en la planta.'),(8338,230,'2025-03-28 06:54:00',36,295,0,0,93,1,'2025-03-20 06:22:00',2,'Reajuste de kilogramos por interferencia cósmica.'),(8339,230,'2025-03-28 06:54:00',36,295,1,0,93,1,'2025-03-20 06:16:00',2,'Modificación motivada por la mística del sistema.'),(8340,230,'2025-03-28 06:45:00',36,295,1,0,93,1,'2025-03-20 06:10:00',2,'Ajuste por diferencia entre Tolva y Bins… otra vez.'),(8341,230,'2025-03-28 06:45:00',36,283,0,0,93,1,'2025-03-20 06:04:00',2,'Simulación de terremoto causó variaciones aleatorias.'),(8342,230,'2025-03-28 06:45:00',35,283,0,0,93,1,'2025-03-20 06:40:00',2,'El jefe dijo que lo hiciera, pero no explicó por qué.'),(8343,231,'2025-03-25 06:32:00',36,571,1,18,91,1,'2025-03-20 07:43:00',2,'Reajuste de kilogramos por interferencia cósmica.'),(8344,231,'2025-03-25 06:32:00',35,571,0,0,91,1,'2025-03-20 07:28:00',2,'Simulación de terremoto causó variaciones aleatorias.'),(8345,231,'2025-03-25 06:09:00',35,571,0,0,91,1,'2025-03-20 07:13:00',2,'Ajuste por diferencia entre Tolva y Bins… otra vez.'),(8346,231,'2025-03-25 06:21:00',35,571,0,0,91,1,'2025-03-20 06:58:00',2,'Se corrigió porque parecía sospechosamente perfecto.'),(8347,231,'2025-03-25 06:12:00',35,571,0,0,91,1,'2025-03-20 06:43:00',2,'Cambio validado por la abuela experta en Tolvas.'),(8348,231,'2025-03-25 06:12:00',36,565,1,0,91,1,'2025-03-20 06:28:00',2,'Reajuste de kilogramos por interferencia cósmica.'),(8349,231,'2025-03-25 06:12:00',36,565,0,0,91,1,'2025-03-20 06:13:00',2,'El jefe dijo que lo hiciera, pero no explicó por qué.'),(8350,231,'2025-03-25 06:12:00',36,565,1,0,91,1,'2025-03-20 07:43:00',2,'Reajuste de kilogramos por interferencia cósmica.'),(8351,232,'2025-03-29 06:54:00',36,415,0,0,93,1,'2025-03-20 07:26:00',2,'Cambio validado por la abuela experta en Tolvas.'),(8352,234,'2025-03-25 12:04:00',35,959,0,0,91,1,'2025-03-21 12:20:00',2,'Cambio validado por la abuela experta en Tolvas.'),(8353,234,'2025-03-25 12:04:00',36,959,0,0,91,1,'2025-03-21 12:10:00',2,'El operador pestañeó y apretó el botón sin querer.'),(8354,234,'2025-03-25 12:04:00',36,959,1,0,91,1,'2025-03-21 12:00:00',2,'Cambio validado por la abuela experta en Tolvas.'),(8355,234,'2025-03-25 11:44:00',36,959,1,0,91,1,'2025-03-21 11:50:00',2,'Cambio por presión popular en la planta.'),(8356,234,'2025-03-25 11:49:00',36,959,1,0,91,1,'2025-03-21 11:40:00',2,'Reajuste de kilogramos por interferencia cósmica.'),(8357,234,'2025-03-25 11:49:00',36,997,1,0,91,1,'2025-03-21 11:30:00',2,'Se corrigió porque parecía sospechosamente perfecto.'),(8358,234,'2025-03-25 11:49:00',36,947,1,0,91,1,'2025-03-21 11:20:00',2,'Simulación de terremoto causó variaciones aleatorias.'),(8359,234,'2025-03-25 11:49:00',36,957,0,0,91,1,'2025-03-21 11:10:00',2,'El operador pestañeó y apretó el botón sin querer.'),(8360,234,'2025-03-25 11:49:00',35,957,0,0,91,1,'2025-03-21 12:20:00',2,'Ajuste por diferencia entre Tolva y Bins… otra vez.'),(8361,235,'2025-03-30 12:00:00',36,823,0,0,93,1,'2025-03-21 12:24:00',2,'Ajuste por diferencia entre Tolva y Bins… otra vez.'),(8362,235,'2025-03-30 11:43:00',36,782,0,0,93,1,'2025-03-21 12:14:00',2,'El sistema tuvo un arrebato y decidió cambiarlo solo.'),(8363,235,'2025-03-30 11:43:00',36,782,1,0,93,1,'2025-03-21 12:04:00',2,'Se corrigió porque parecía sospechosamente perfecto.'),(8364,235,'2025-03-30 11:43:00',36,782,1,0,93,1,'2025-03-21 11:54:00',2,'El jefe dijo que lo hiciera, pero no explicó por qué.'),(8365,235,'2025-03-30 11:43:00',36,790,1,0,93,1,'2025-03-21 11:44:00',2,'Cambio validado por la abuela experta en Tolvas.'),(8366,235,'2025-03-30 11:34:00',36,790,1,18,93,1,'2025-03-21 11:34:00',2,'Cambio validado por la abuela experta en Tolvas.'),(8367,235,'2025-03-30 11:34:00',35,790,0,0,93,1,'2025-03-21 11:24:00',2,'Reajuste de kilogramos por interferencia cósmica.'),(8368,235,'2025-03-30 11:56:00',35,790,0,0,93,1,'2025-03-21 11:14:00',2,'El operador pestañeó y apretó el botón sin querer.'),(8369,235,'2025-03-30 11:56:00',35,774,0,0,93,1,'2025-03-21 12:24:00',2,'El jefe dijo que lo hiciera, pero no explicó por qué.'),(8370,239,'2025-03-24 17:06:00',36,539,0,0,92,1,'2025-03-22 17:26:00',2,'Cambio por presión popular en la planta.'),(8371,240,'2025-03-28 17:06:00',35,598,0,0,95,1,'2025-03-22 16:59:00',2,'Reajuste de kilogramos por interferencia cósmica.'),(8372,240,'2025-03-28 17:06:00',35,575,0,0,95,1,'2025-03-22 16:33:00',2,'Ajuste por diferencia entre Tolva y Bins… otra vez.'),(8373,240,'2025-03-28 17:06:00',36,575,0,0,95,1,'2025-03-22 16:59:00',2,'Cambio validado por la abuela experta en Tolvas.'),(8374,242,'2025-03-27 17:29:00',35,911,0,0,91,1,'2025-03-22 16:41:00',2,'Cambio validado por la abuela experta en Tolvas.'),(8375,242,'2025-03-27 17:52:00',35,911,0,0,91,1,'2025-03-22 16:37:00',2,'Reajuste de kilogramos por interferencia cósmica.'),(8376,242,'2025-03-27 17:52:00',36,911,1,18,91,1,'2025-03-22 16:33:00',2,'Ajuste por diferencia entre Tolva y Bins… otra vez.'),(8377,242,'2025-03-27 17:52:00',36,911,0,0,91,1,'2025-03-22 16:29:00',2,'Cambio por presión popular en la planta.'),(8378,242,'2025-03-27 18:20:00',36,911,0,0,91,1,'2025-03-22 16:25:00',2,'El sistema tuvo un arrebato y decidió cambiarlo solo.'),(8379,242,'2025-03-27 18:20:00',36,884,0,0,91,1,'2025-03-22 16:21:00',2,'Ajuste por diferencia entre Tolva y Bins… otra vez.'),(8380,242,'2025-03-27 18:26:00',36,884,0,0,91,1,'2025-03-22 16:17:00',2,'Cambio validado por la abuela experta en Tolvas.'),(8381,242,'2025-03-27 18:26:00',36,884,1,0,91,1,'2025-03-22 16:13:00',2,'Cambio por presión popular en la planta.'),(8382,242,'2025-03-27 18:26:00',36,884,0,0,91,1,'2025-03-22 16:41:00',2,'El sistema tuvo un arrebato y decidió cambiarlo solo.'),(8383,244,'2025-03-28 17:06:00',36,200,1,11,91,1,'2025-03-22 17:59:00',2,'Ajuste por diferencia entre Tolva y Bins… otra vez.'),(8384,244,'2025-03-28 16:37:00',36,200,1,11,91,1,'2025-03-22 17:43:00',2,'Simulación de terremoto causó variaciones aleatorias.'),(8385,244,'2025-03-28 16:37:00',36,206,1,11,91,1,'2025-03-22 17:27:00',2,'El jefe dijo que lo hiciera, pero no explicó por qué.'),(8386,244,'2025-03-28 16:37:00',36,206,1,3,91,1,'2025-03-22 17:11:00',2,'Cambio por presión popular en la planta.'),(8387,244,'2025-03-28 16:37:00',36,210,1,3,91,1,'2025-03-22 16:55:00',2,'Simulación de terremoto causó variaciones aleatorias.'),(8388,244,'2025-03-28 16:37:00',36,210,1,15,91,1,'2025-03-22 16:39:00',2,'El sistema tuvo un arrebato y decidió cambiarlo solo.'),(8389,244,'2025-03-28 16:37:00',36,221,0,0,91,1,'2025-03-22 16:23:00',2,'Reajuste de kilogramos por interferencia cósmica.'),(8390,244,'2025-03-28 16:37:00',35,221,0,0,91,1,'2025-03-22 17:59:00',2,'Se corrigió porque parecía sospechosamente perfecto.'),(8391,245,'2025-03-25 17:06:00',35,701,0,0,91,1,'2025-03-22 17:59:00',2,'El operador pestañeó y apretó el botón sin querer.'),(8392,245,'2025-03-25 17:06:00',36,701,0,0,91,1,'2025-03-22 17:03:00',2,'El sistema tuvo un arrebato y decidió cambiarlo solo.'),(8393,245,'2025-03-25 17:06:00',36,666,0,0,91,1,'2025-03-22 17:59:00',2,'El operador pestañeó y apretó el botón sin querer.'),(8394,246,'2025-03-25 17:06:00',35,172,0,0,91,1,'2025-03-22 17:56:00',2,'Modificación motivada por la mística del sistema.'),(8395,247,'2025-04-02 22:09:00',35,546,0,0,95,1,'2025-03-23 22:47:00',2,'Reajuste de kilogramos por interferencia cósmica.'),(8396,247,'2025-04-02 22:09:00',36,546,1,11,95,1,'2025-03-23 22:36:00',2,'Cambio validado por la abuela experta en Tolvas.'),(8397,247,'2025-04-02 22:09:00',35,546,0,0,95,1,'2025-03-23 22:25:00',2,'Reajuste de kilogramos por interferencia cósmica.'),(8398,247,'2025-04-02 22:33:00',35,546,0,0,95,1,'2025-03-23 22:14:00',2,'El jefe dijo que lo hiciera, pero no explicó por qué.'),(8399,247,'2025-04-02 22:08:00',35,546,0,0,95,1,'2025-03-23 22:03:00',2,'El jefe dijo que lo hiciera, pero no explicó por qué.'),(8400,247,'2025-04-02 22:37:00',35,546,0,0,95,1,'2025-03-23 21:52:00',2,'Reajuste de kilogramos por interferencia cósmica.'),(8401,247,'2025-04-02 22:37:00',36,546,0,0,95,1,'2025-03-23 21:41:00',2,'Cambio por presión popular en la planta.'),(8402,247,'2025-04-02 22:37:00',35,546,0,0,95,1,'2025-03-23 21:30:00',2,'El sistema tuvo un arrebato y decidió cambiarlo solo.'),(8403,247,'2025-04-02 22:37:00',36,546,0,0,95,1,'2025-03-23 22:47:00',2,'Cambio validado por la abuela experta en Tolvas.'),(8404,248,'2025-03-31 22:02:00',35,826,0,0,91,1,'2025-03-23 22:11:00',2,'Reajuste de kilogramos por interferencia cósmica.'),(8405,248,'2025-03-31 22:02:00',35,809,0,0,91,1,'2025-03-23 22:00:00',2,'Reajuste de kilogramos por interferencia cósmica.'),(8406,248,'2025-03-31 22:02:00',35,850,0,0,91,1,'2025-03-23 21:49:00',2,'Cambio validado por la abuela experta en Tolvas.'),(8407,248,'2025-03-31 22:02:00',36,858,1,0,91,1,'2025-03-23 21:38:00',2,'Se corrigió porque parecía sospechosamente perfecto.'),(8408,248,'2025-03-31 22:02:00',35,858,0,0,91,1,'2025-03-23 21:27:00',2,'Reajuste de kilogramos por interferencia cósmica.'),(8409,248,'2025-03-31 22:02:00',36,858,0,0,91,1,'2025-03-23 22:11:00',2,'Se corrigió porque parecía sospechosamente perfecto.'),(8410,249,'2025-03-30 22:12:00',35,174,0,0,91,1,'2025-03-23 23:08:00',2,'Ajuste por diferencia entre Tolva y Bins… otra vez.'),(8411,249,'2025-03-30 22:41:00',35,174,0,0,91,1,'2025-03-23 22:52:00',2,'Cambio validado por la abuela experta en Tolvas.'),(8412,249,'2025-03-30 23:05:00',35,167,0,0,91,1,'2025-03-23 22:36:00',2,'Cambio validado por la abuela experta en Tolvas.'),(8413,249,'2025-03-30 23:05:00',35,172,0,0,91,1,'2025-03-23 22:20:00',2,'Modificación motivada por la mística del sistema.'),(8414,249,'2025-03-30 22:41:00',35,172,0,0,91,1,'2025-03-23 22:04:00',2,'Cambio validado por la abuela experta en Tolvas.'),(8415,249,'2025-03-30 22:58:00',35,172,0,0,91,1,'2025-03-23 21:48:00',2,'Reajuste de kilogramos por interferencia cósmica.'),(8416,249,'2025-03-30 22:58:00',36,172,0,0,91,1,'2025-03-23 21:32:00',2,'Se corrigió porque parecía sospechosamente perfecto.'),(8417,249,'2025-03-30 22:58:00',35,172,0,0,91,1,'2025-03-23 23:08:00',2,'Simulación de terremoto causó variaciones aleatorias.'),(8418,252,'2025-04-01 08:24:00',36,658,0,0,94,1,'2025-03-26 09:15:00',2,'El operador pestañeó y apretó el botón sin querer.'),(8419,252,'2025-04-01 08:24:00',36,658,1,17,94,1,'2025-03-26 08:53:00',2,'El jefe dijo que lo hiciera, pero no explicó por qué.'),(8420,252,'2025-04-01 08:24:00',36,658,0,0,94,1,'2025-03-26 08:31:00',2,'Cambio por presión popular en la planta.'),(8421,252,'2025-04-01 08:24:00',36,678,0,0,94,1,'2025-03-26 08:09:00',2,'Ajuste por diferencia entre Tolva y Bins… otra vez.'),(8422,252,'2025-04-01 08:27:00',36,658,0,0,94,1,'2025-03-26 07:47:00',2,'Cambio validado por la abuela experta en Tolvas.'),(8423,252,'2025-04-01 08:17:00',36,671,1,0,94,1,'2025-03-26 09:15:00',2,'El sistema tuvo un arrebato y decidió cambiarlo solo.'),(8424,253,'2025-03-30 08:24:00',35,530,0,0,95,1,'2025-03-26 08:27:00',2,'El jefe dijo que lo hiciera, pero no explicó por qué.'),(8425,253,'2025-03-30 08:21:00',35,530,0,0,95,1,'2025-03-26 07:56:00',2,'Ajuste por diferencia entre Tolva y Bins… otra vez.'),(8426,253,'2025-03-30 08:21:00',35,514,0,0,95,1,'2025-03-26 08:27:00',2,'Cambio por presión popular en la planta.'),(8427,254,'2025-03-28 08:22:00',35,335,0,0,96,1,'2025-03-26 08:31:00',2,'Reajuste de kilogramos por interferencia cósmica.'),(8428,254,'2025-03-28 08:28:00',36,335,0,0,96,1,'2025-03-26 08:09:00',2,'Modificación motivada por la mística del sistema.'),(8429,254,'2025-03-28 08:28:00',36,335,1,0,96,1,'2025-03-26 07:47:00',2,'Modificación motivada por la mística del sistema.'),(8430,254,'2025-03-28 08:28:00',35,335,0,0,96,1,'2025-03-26 08:31:00',2,'Ajuste por diferencia entre Tolva y Bins… otra vez.'),(8431,255,'2025-03-28 08:24:00',36,270,1,10,91,1,'2025-03-26 09:12:00',2,'Cambio validado por la abuela experta en Tolvas.'),(8432,255,'2025-03-28 08:14:00',36,270,1,10,91,1,'2025-03-26 08:45:00',2,'Ajuste por diferencia entre Tolva y Bins… otra vez.'),(8433,255,'2025-03-28 08:14:00',36,270,0,0,91,1,'2025-03-26 08:18:00',2,'Reajuste de kilogramos por interferencia cósmica.'),(8434,255,'2025-03-28 08:14:00',36,259,0,0,91,1,'2025-03-26 07:51:00',2,'Ajuste por diferencia entre Tolva y Bins… otra vez.'),(8435,255,'2025-03-28 08:14:00',36,270,0,0,91,1,'2025-03-26 09:12:00',2,'Se corrigió porque parecía sospechosamente perfecto.'),(8436,257,'2025-03-31 13:30:00',35,705,0,0,91,1,'2025-03-27 14:10:00',2,'Modificación motivada por la mística del sistema.'),(8437,257,'2025-03-31 13:30:00',36,691,0,0,91,1,'2025-03-27 13:20:00',2,'Cambio por presión popular en la planta.'),(8438,257,'2025-03-31 13:49:00',36,691,1,0,91,1,'2025-03-27 14:10:00',2,'Ajuste por diferencia entre Tolva y Bins… otra vez.'),(8439,258,'2025-03-28 13:30:00',36,760,1,0,93,1,'2025-03-27 14:04:00',2,'Reajuste de kilogramos por interferencia cósmica.'),(8440,258,'2025-03-28 13:30:00',35,760,0,0,93,1,'2025-03-27 13:17:00',2,'El operador pestañeó y apretó el botón sin querer.'),(8441,258,'2025-03-28 13:49:00',35,760,0,0,93,1,'2025-03-27 14:04:00',2,'Se corrigió porque parecía sospechosamente perfecto.'),(8442,259,'2025-03-29 13:47:00',36,337,1,26,92,1,'2025-03-27 13:58:00',2,'Modificación motivada por la mística del sistema.'),(8443,259,'2025-03-29 13:44:00',36,337,1,26,92,1,'2025-03-27 13:46:00',2,'Cambio por presión popular en la planta.'),(8444,259,'2025-03-29 13:44:00',36,337,1,14,92,1,'2025-03-27 13:34:00',2,'El jefe dijo que lo hiciera, pero no explicó por qué.'),(8445,259,'2025-03-29 13:44:00',36,337,1,10,92,1,'2025-03-27 13:22:00',2,'El jefe dijo que lo hiciera, pero no explicó por qué.'),(8446,259,'2025-03-29 13:44:00',36,324,1,10,92,1,'2025-03-27 13:10:00',2,'Cambio validado por la abuela experta en Tolvas.'),(8447,259,'2025-03-29 13:44:00',36,327,1,10,92,1,'2025-03-27 12:58:00',2,'Simulación de terremoto causó variaciones aleatorias.'),(8448,259,'2025-03-29 13:44:00',36,327,0,0,92,1,'2025-03-27 12:46:00',2,'Ajuste por diferencia entre Tolva y Bins… otra vez.'),(8449,259,'2025-03-29 13:40:00',36,330,0,0,92,1,'2025-03-27 13:58:00',2,'Reajuste de kilogramos por interferencia cósmica.'),(8450,262,'2025-03-29 13:30:00',36,517,0,0,94,1,'2025-03-27 13:35:00',2,'Se corrigió porque parecía sospechosamente perfecto.'),(8451,264,'2025-03-31 13:22:00',35,969,0,0,95,1,'2025-03-27 13:04:00',2,'El sistema tuvo un arrebato y decidió cambiarlo solo.'),(8452,265,'2025-03-29 18:14:00',36,566,1,17,93,1,'2025-03-28 19:02:00',2,'Cambio por presión popular en la planta.'),(8453,265,'2025-03-29 18:42:00',36,566,1,16,93,1,'2025-03-28 19:02:00',2,'Cambio por presión popular en la planta.'),(8454,266,'2025-04-03 18:42:00',35,677,0,0,92,1,'2025-03-28 18:33:00',2,'Reajuste de kilogramos por interferencia cósmica.'),(8455,266,'2025-04-03 18:21:00',35,684,0,0,92,1,'2025-03-28 18:05:00',2,'Cambio validado por la abuela experta en Tolvas.'),(8456,266,'2025-04-03 18:21:00',36,656,0,0,92,1,'2025-03-28 18:33:00',2,'Modificación motivada por la mística del sistema.'),(8457,267,'2025-04-03 18:36:00',35,872,0,0,93,1,'2025-03-28 19:07:00',2,'Reajuste de kilogramos por interferencia cósmica.'),(8458,268,'2025-04-07 18:36:00',35,283,0,0,92,1,'2025-03-28 19:28:00',2,'El jefe dijo que lo hiciera, pero no explicó por qué.'),(8459,268,'2025-04-07 18:36:00',35,277,0,0,92,1,'2025-03-28 18:51:00',2,'Modificación motivada por la mística del sistema.'),(8460,268,'2025-04-07 18:36:00',36,277,0,0,92,1,'2025-03-28 18:14:00',2,'Cambio validado por la abuela experta en Tolvas.'),(8461,268,'2025-04-07 19:05:00',35,277,0,0,92,1,'2025-03-28 19:28:00',2,'El operador pestañeó y apretó el botón sin querer.'),(8462,269,'2025-04-02 18:22:00',36,152,1,0,96,1,'2025-03-28 18:36:00',2,'El jefe dijo que lo hiciera, pero no explicó por qué.'),(8463,269,'2025-04-02 18:22:00',35,152,0,0,96,1,'2025-03-28 18:28:00',2,'El sistema tuvo un arrebato y decidió cambiarlo solo.'),(8464,269,'2025-04-02 18:22:00',35,154,0,0,96,1,'2025-03-28 18:20:00',2,'El jefe dijo que lo hiciera, pero no explicó por qué.'),(8465,269,'2025-04-02 18:22:00',35,152,0,0,96,1,'2025-03-28 18:12:00',2,'El sistema tuvo un arrebato y decidió cambiarlo solo.'),(8466,269,'2025-04-02 18:29:00',35,152,0,0,96,1,'2025-03-28 18:04:00',2,'Modificación motivada por la mística del sistema.'),(8467,269,'2025-04-02 18:29:00',35,157,0,0,96,1,'2025-03-28 17:56:00',2,'Modificación motivada por la mística del sistema.'),(8468,269,'2025-04-02 18:35:00',36,158,1,0,96,1,'2025-03-28 17:48:00',2,'El sistema tuvo un arrebato y decidió cambiarlo solo.'),(8469,269,'2025-04-02 18:35:00',36,158,1,25,96,1,'2025-03-28 18:36:00',2,'El operador pestañeó y apretó el botón sin querer.'),(8470,270,'2025-03-31 23:42:00',36,186,1,30,91,1,'2025-03-29 23:48:00',2,'El operador pestañeó y apretó el botón sin querer.'),(8471,270,'2025-03-31 23:42:00',35,186,0,0,91,1,'2025-03-29 23:35:00',2,'Reajuste de kilogramos por interferencia cósmica.'),(8472,270,'2025-03-31 23:42:00',36,186,0,0,91,1,'2025-03-29 23:22:00',2,'El operador pestañeó y apretó el botón sin querer.'),(8473,270,'2025-03-31 23:42:00',36,186,1,0,91,1,'2025-03-29 23:09:00',2,'Simulación de terremoto causó variaciones aleatorias.'),(8474,270,'2025-03-31 23:42:00',36,179,1,0,91,1,'2025-03-29 22:56:00',2,'El operador pestañeó y apretó el botón sin querer.'),(8475,270,'2025-03-31 23:42:00',35,179,0,0,91,1,'2025-03-29 23:48:00',2,'El operador pestañeó y apretó el botón sin querer.'),(8476,271,'2025-04-05 23:42:00',36,522,1,0,91,1,'2025-03-30 00:31:00',2,'El sistema tuvo un arrebato y decidió cambiarlo solo.'),(8477,271,'2025-04-05 23:12:00',35,522,0,0,91,1,'2025-03-30 00:18:00',2,'Se corrigió porque parecía sospechosamente perfecto.'),(8478,271,'2025-04-05 23:12:00',35,496,0,0,91,1,'2025-03-30 00:05:00',2,'Simulación de terremoto causó variaciones aleatorias.'),(8479,271,'2025-04-05 23:12:00',35,486,0,0,91,1,'2025-03-29 23:52:00',2,'Cambio por presión popular en la planta.'),(8480,271,'2025-04-05 23:12:00',36,462,0,0,91,1,'2025-03-29 23:39:00',2,'Simulación de terremoto causó variaciones aleatorias.'),(8481,271,'2025-04-05 23:29:00',36,462,1,0,91,1,'2025-03-29 23:26:00',2,'El sistema tuvo un arrebato y decidió cambiarlo solo.'),(8482,271,'2025-04-05 23:29:00',35,462,0,0,91,1,'2025-03-29 23:13:00',2,'Modificación motivada por la mística del sistema.'),(8483,271,'2025-04-05 23:29:00',36,480,0,0,91,1,'2025-03-29 23:00:00',2,'Modificación motivada por la mística del sistema.'),(8484,271,'2025-04-05 23:29:00',35,480,0,0,91,1,'2025-03-30 00:31:00',2,'El operador pestañeó y apretó el botón sin querer.'),(8485,272,'2025-04-07 00:06:00',35,169,0,0,93,1,'2025-03-30 00:02:00',2,'El operador pestañeó y apretó el botón sin querer.'),(8486,272,'2025-04-07 00:06:00',36,171,1,0,93,1,'2025-03-29 23:22:00',2,'El jefe dijo que lo hiciera, pero no explicó por qué.'),(8487,272,'2025-04-07 00:06:00',36,171,0,0,93,1,'2025-03-30 00:02:00',2,'Modificación motivada por la mística del sistema.'),(8488,273,'2025-04-05 23:42:00',36,684,1,12,93,1,'2025-03-30 00:23:00',2,'Cambio validado por la abuela experta en Tolvas.'),(8489,273,'2025-04-05 23:09:00',36,684,1,20,93,1,'2025-03-30 00:03:00',2,'Cambio por presión popular en la planta.'),(8490,273,'2025-04-05 23:09:00',36,684,0,0,93,1,'2025-03-29 23:43:00',2,'Reajuste de kilogramos por interferencia cósmica.'),(8491,273,'2025-04-05 23:08:00',36,684,1,24,93,1,'2025-03-29 23:23:00',2,'Simulación de terremoto causó variaciones aleatorias.'),(8492,273,'2025-04-05 23:08:00',36,684,1,9,93,1,'2025-03-29 23:03:00',2,'Cambio validado por la abuela experta en Tolvas.'),(8493,273,'2025-04-05 23:08:00',36,657,1,23,93,1,'2025-03-30 00:23:00',2,'El sistema tuvo un arrebato y decidió cambiarlo solo.'),(8494,274,'2025-04-08 00:04:00',36,717,1,0,93,1,'2025-03-30 00:14:00',2,'Reajuste de kilogramos por interferencia cósmica.'),(8495,274,'2025-04-08 00:04:00',36,681,0,0,93,1,'2025-03-29 23:59:00',2,'Modificación motivada por la mística del sistema.'),(8496,274,'2025-04-08 00:04:00',36,715,0,0,93,1,'2025-03-29 23:44:00',2,'Cambio por presión popular en la planta.'),(8497,274,'2025-04-08 00:04:00',36,715,1,0,93,1,'2025-03-29 23:29:00',2,'El jefe dijo que lo hiciera, pero no explicó por qué.'),(8498,274,'2025-04-08 00:04:00',36,715,0,0,93,1,'2025-03-29 23:14:00',2,'Cambio validado por la abuela experta en Tolvas.'),(8499,274,'2025-04-08 00:04:00',36,715,1,0,93,1,'2025-03-29 22:59:00',2,'Modificación motivada por la mística del sistema.'),(8500,274,'2025-04-08 00:04:00',36,744,1,0,93,1,'2025-03-30 00:14:00',2,'Reajuste de kilogramos por interferencia cósmica.'),(8501,275,'2025-04-06 23:27:00',36,724,1,17,91,1,'2025-03-30 00:32:00',2,'Modificación motivada por la mística del sistema.'),(8502,276,'2025-04-06 23:42:00',36,231,1,0,91,1,'2025-03-29 23:34:00',2,'El jefe dijo que lo hiciera, pero no explicó por qué.'),(8503,276,'2025-04-06 23:42:00',36,233,1,7,91,1,'2025-03-29 23:34:00',2,'Ajuste por diferencia entre Tolva y Bins… otra vez.'),(8504,277,'2025-03-31 23:19:00',36,115,1,0,91,1,'2025-03-30 00:39:00',2,'El sistema tuvo un arrebato y decidió cambiarlo solo.'),(8505,277,'2025-03-31 23:19:00',36,118,1,9,91,1,'2025-03-30 00:39:00',2,'Ajuste por diferencia entre Tolva y Bins… otra vez.'),(8506,278,'2025-03-31 23:42:00',35,109,0,0,91,1,'2025-03-29 23:18:00',2,'El sistema tuvo un arrebato y decidió cambiarlo solo.'),(8507,278,'2025-04-01 00:11:00',35,109,0,0,91,1,'2025-03-29 23:13:00',2,'Reajuste de kilogramos por interferencia cósmica.'),(8508,278,'2025-04-01 00:32:00',35,109,0,0,91,1,'2025-03-29 23:08:00',2,'Simulación de terremoto causó variaciones aleatorias.'),(8509,278,'2025-04-01 00:32:00',35,107,0,0,91,1,'2025-03-29 23:03:00',2,'El jefe dijo que lo hiciera, pero no explicó por qué.'),(8510,278,'2025-04-01 00:57:00',35,107,0,0,91,1,'2025-03-29 22:58:00',2,'Cambio por presión popular en la planta.'),(8511,278,'2025-04-01 00:42:00',35,107,0,0,91,1,'2025-03-29 22:53:00',2,'Cambio por presión popular en la planta.'),(8512,278,'2025-04-01 00:42:00',36,107,0,0,91,1,'2025-03-29 22:48:00',2,'Ajuste por diferencia entre Tolva y Bins… otra vez.'),(8513,278,'2025-04-01 00:42:00',36,107,0,0,91,1,'2025-03-29 23:18:00',2,'Se corrigió porque parecía sospechosamente perfecto.'),(8514,280,'2025-04-03 04:48:00',36,407,0,0,91,1,'2025-03-31 05:34:00',2,'Modificación motivada por la mística del sistema.'),(8515,280,'2025-04-03 04:48:00',36,419,0,0,91,1,'2025-03-31 05:21:00',2,'Simulación de terremoto causó variaciones aleatorias.'),(8516,280,'2025-04-03 04:32:00',36,419,0,0,91,1,'2025-03-31 05:08:00',2,'Se corrigió porque parecía sospechosamente perfecto.'),(8517,280,'2025-04-03 04:32:00',36,423,1,0,91,1,'2025-03-31 04:55:00',2,'Cambio validado por la abuela experta en Tolvas.'),(8518,280,'2025-04-03 04:52:00',36,411,1,9,91,1,'2025-03-31 04:42:00',2,'El jefe dijo que lo hiciera, pero no explicó por qué.'),(8519,280,'2025-04-03 04:52:00',35,411,0,0,91,1,'2025-03-31 04:29:00',2,'Reajuste de kilogramos por interferencia cósmica.'),(8520,280,'2025-04-03 04:52:00',35,407,0,0,91,1,'2025-03-31 04:16:00',2,'Se corrigió porque parecía sospechosamente perfecto.'),(8521,280,'2025-04-03 04:52:00',35,403,0,0,91,1,'2025-03-31 04:03:00',2,'Se corrigió porque parecía sospechosamente perfecto.'),(8522,280,'2025-04-03 04:57:00',35,403,0,0,91,1,'2025-03-31 05:34:00',2,'Cambio por presión popular en la planta.'),(8523,281,'2025-04-08 04:48:00',35,617,0,0,91,1,'2025-03-31 05:07:00',2,'Cambio validado por la abuela experta en Tolvas.'),(8524,281,'2025-04-08 04:48:00',35,599,0,0,91,1,'2025-03-31 04:48:00',2,'Se corrigió porque parecía sospechosamente perfecto.'),(8525,281,'2025-04-08 05:05:00',35,599,0,0,91,1,'2025-03-31 04:29:00',2,'El operador pestañeó y apretó el botón sin querer.'),(8526,281,'2025-04-08 05:15:00',35,599,0,0,91,1,'2025-03-31 04:10:00',2,'Simulación de terremoto causó variaciones aleatorias.'),(8527,281,'2025-04-08 05:15:00',35,623,0,0,91,1,'2025-03-31 05:07:00',2,'El operador pestañeó y apretó el botón sin querer.'),(8528,282,'2025-04-10 04:48:00',36,321,1,0,95,1,'2025-03-31 04:30:00',2,'Cambio por presión popular en la planta.'),(8529,282,'2025-04-10 04:48:00',36,321,1,15,95,1,'2025-03-31 04:30:00',2,'Se corrigió porque parecía sospechosamente perfecto.'),(8530,283,'2025-04-06 04:48:00',35,473,0,0,91,1,'2025-03-31 05:14:00',2,'El sistema tuvo un arrebato y decidió cambiarlo solo.'),(8531,283,'2025-04-06 04:48:00',36,497,0,0,91,1,'2025-03-31 05:14:00',2,'Modificación motivada por la mística del sistema.'),(8532,285,'2025-04-09 04:36:00',35,379,0,0,94,1,'2025-03-31 05:20:00',2,'Se corrigió porque parecía sospechosamente perfecto.'),(8533,285,'2025-04-09 04:36:00',36,360,0,0,94,1,'2025-03-31 04:50:00',2,'Modificación motivada por la mística del sistema.'),(8534,285,'2025-04-09 04:36:00',35,360,0,0,94,1,'2025-03-31 04:20:00',2,'Reajuste de kilogramos por interferencia cósmica.'),(8535,285,'2025-04-09 04:36:00',35,353,0,0,94,1,'2025-03-31 05:20:00',2,'Ajuste por diferencia entre Tolva y Bins… otra vez.'),(8536,286,'2025-04-08 09:54:00',36,642,0,0,91,1,'2025-04-01 10:49:00',2,'Ajuste por diferencia entre Tolva y Bins… otra vez.'),(8537,286,'2025-04-08 09:54:00',35,642,0,0,91,1,'2025-04-01 10:26:00',2,'Reajuste de kilogramos por interferencia cósmica.'),(8538,286,'2025-04-08 09:57:00',35,642,0,0,91,1,'2025-04-01 10:03:00',2,'Reajuste de kilogramos por interferencia cósmica.'),(8539,286,'2025-04-08 09:57:00',35,655,0,0,91,1,'2025-04-01 09:40:00',2,'Ajuste por diferencia entre Tolva y Bins… otra vez.'),(8540,286,'2025-04-08 09:57:00',36,655,0,0,91,1,'2025-04-01 09:17:00',2,'El sistema tuvo un arrebato y decidió cambiarlo solo.'),(8541,286,'2025-04-08 09:57:00',36,655,1,0,91,1,'2025-04-01 10:49:00',2,'El jefe dijo que lo hiciera, pero no explicó por qué.'),(8542,287,'2025-04-09 09:54:00',36,590,1,0,92,1,'2025-04-01 09:53:00',2,'Reajuste de kilogramos por interferencia cósmica.'),(8543,287,'2025-04-09 09:54:00',35,590,0,0,92,1,'2025-04-01 09:53:00',2,'El sistema tuvo un arrebato y decidió cambiarlo solo.'),(8544,288,'2025-04-09 10:14:00',35,114,0,0,91,1,'2025-04-01 10:34:00',2,'El sistema tuvo un arrebato y decidió cambiarlo solo.'),(8545,288,'2025-04-09 10:14:00',35,119,0,0,91,1,'2025-04-01 10:18:00',2,'Cambio por presión popular en la planta.'),(8546,288,'2025-04-09 09:54:00',36,119,0,0,91,1,'2025-04-01 10:02:00',2,'Cambio validado por la abuela experta en Tolvas.'),(8547,288,'2025-04-09 09:54:00',35,119,0,0,91,1,'2025-04-01 09:46:00',2,'Ajuste por diferencia entre Tolva y Bins… otra vez.'),(8548,288,'2025-04-09 10:22:00',35,119,0,0,91,1,'2025-04-01 09:30:00',2,'Modificación motivada por la mística del sistema.'),(8549,288,'2025-04-09 10:22:00',35,118,0,0,91,1,'2025-04-01 09:14:00',2,'Ajuste por diferencia entre Tolva y Bins… otra vez.'),(8550,288,'2025-04-09 10:22:00',35,115,0,0,91,1,'2025-04-01 10:34:00',2,'Ajuste por diferencia entre Tolva y Bins… otra vez.'),(8551,289,'2025-04-05 09:54:00',36,261,1,19,92,1,'2025-04-01 10:22:00',2,'Simulación de terremoto causó variaciones aleatorias.'),(8552,289,'2025-04-05 09:54:00',36,269,1,5,92,1,'2025-04-01 10:11:00',2,'El operador pestañeó y apretó el botón sin querer.'),(8553,289,'2025-04-05 09:54:00',36,269,0,0,92,1,'2025-04-01 10:00:00',2,'Simulación de terremoto causó variaciones aleatorias.'),(8554,289,'2025-04-05 10:19:00',36,269,0,0,92,1,'2025-04-01 09:49:00',2,'Simulación de terremoto causó variaciones aleatorias.'),(8555,289,'2025-04-05 10:19:00',36,269,1,0,92,1,'2025-04-01 09:38:00',2,'Ajuste por diferencia entre Tolva y Bins… otra vez.'),(8556,289,'2025-04-05 10:06:00',35,269,0,0,92,1,'2025-04-01 09:27:00',2,'Reajuste de kilogramos por interferencia cósmica.'),(8557,289,'2025-04-05 10:06:00',36,269,0,0,92,1,'2025-04-01 09:16:00',2,'El operador pestañeó y apretó el botón sin querer.'),(8558,289,'2025-04-05 10:34:00',35,269,0,0,92,1,'2025-04-01 09:05:00',2,'Reajuste de kilogramos por interferencia cósmica.'),(8559,289,'2025-04-05 10:34:00',36,269,0,0,92,1,'2025-04-01 10:22:00',2,'El operador pestañeó y apretó el botón sin querer.'),(8560,290,'2025-04-10 09:54:00',35,161,0,0,91,1,'2025-04-01 10:32:00',2,'El operador pestañeó y apretó el botón sin querer.'),(8561,290,'2025-04-10 10:02:00',35,161,0,0,91,1,'2025-04-01 10:18:00',2,'Modificación motivada por la mística del sistema.'),(8562,290,'2025-04-10 10:02:00',35,159,0,0,91,1,'2025-04-01 10:04:00',2,'Cambio por presión popular en la planta.'),(8563,290,'2025-04-10 10:02:00',35,153,0,0,91,1,'2025-04-01 09:50:00',2,'El sistema tuvo un arrebato y decidió cambiarlo solo.'),(8564,290,'2025-04-10 10:26:00',35,155,0,0,91,1,'2025-04-01 09:36:00',2,'El sistema tuvo un arrebato y decidió cambiarlo solo.'),(8565,290,'2025-04-10 10:26:00',36,155,0,0,91,1,'2025-04-01 09:22:00',2,'Simulación de terremoto causó variaciones aleatorias.'),(8566,290,'2025-04-10 10:26:00',36,148,1,0,91,1,'2025-04-01 09:08:00',2,'El jefe dijo que lo hiciera, pero no explicó por qué.'),(8567,290,'2025-04-10 10:26:00',36,154,0,0,91,1,'2025-04-01 10:32:00',2,'Cambio por presión popular en la planta.'),(8568,291,'2025-04-04 09:46:00',35,147,0,0,95,1,'2025-04-01 10:29:00',2,'El jefe dijo que lo hiciera, pero no explicó por qué.'),(8569,291,'2025-04-04 10:00:00',35,147,0,0,95,1,'2025-04-01 10:18:00',2,'El operador pestañeó y apretó el botón sin querer.'),(8570,291,'2025-04-04 10:00:00',36,147,0,0,95,1,'2025-04-01 10:07:00',2,'Simulación de terremoto causó variaciones aleatorias.'),(8571,291,'2025-04-04 10:00:00',36,147,1,0,95,1,'2025-04-01 09:56:00',2,'Ajuste por diferencia entre Tolva y Bins… otra vez.'),(8572,291,'2025-04-04 10:23:00',35,147,0,0,95,1,'2025-04-01 09:45:00',2,'El operador pestañeó y apretó el botón sin querer.'),(8573,291,'2025-04-04 10:53:00',36,140,1,0,95,1,'2025-04-01 09:34:00',2,'Cambio validado por la abuela experta en Tolvas.'),(8574,291,'2025-04-04 10:53:00',36,135,1,9,95,1,'2025-04-01 09:23:00',2,'El sistema tuvo un arrebato y decidió cambiarlo solo.'),(8575,291,'2025-04-04 10:53:00',35,129,0,0,95,1,'2025-04-01 09:12:00',2,'Reajuste de kilogramos por interferencia cósmica.'),(8576,291,'2025-04-04 11:04:00',35,129,0,0,95,1,'2025-04-01 10:29:00',2,'Ajuste por diferencia entre Tolva y Bins… otra vez.'),(8577,292,'2025-04-05 10:14:00',35,322,0,0,91,1,'2025-04-01 10:09:00',2,'Cambio por presión popular en la planta.'),(8578,292,'2025-04-05 10:34:00',35,322,0,0,91,1,'2025-04-01 09:51:00',2,'Reajuste de kilogramos por interferencia cósmica.'),(8579,292,'2025-04-05 10:33:00',35,322,0,0,91,1,'2025-04-01 09:33:00',2,'Cambio por presión popular en la planta.'),(8580,292,'2025-04-05 10:33:00',35,309,0,0,91,1,'2025-04-01 09:15:00',2,'Modificación motivada por la mística del sistema.'),(8581,292,'2025-04-05 10:35:00',35,325,0,0,91,1,'2025-04-01 10:09:00',2,'Ajuste por diferencia entre Tolva y Bins… otra vez.'),(8582,294,'2025-04-02 09:54:00',35,411,0,0,95,1,'2025-04-01 10:50:00',2,'El operador pestañeó y apretó el botón sin querer.'),(8583,294,'2025-04-02 09:54:00',35,432,0,0,95,1,'2025-04-01 09:52:00',2,'Modificación motivada por la mística del sistema.'),(8584,294,'2025-04-02 09:39:00',35,432,0,0,95,1,'2025-04-01 10:50:00',2,'Cambio validado por la abuela experta en Tolvas.'),(8585,295,'2025-04-02 09:45:00',36,263,1,27,91,1,'2025-04-01 09:42:00',2,'El operador pestañeó y apretó el botón sin querer.'),(8586,295,'2025-04-02 09:45:00',35,263,0,0,91,1,'2025-04-01 09:36:00',2,'Modificación motivada por la mística del sistema.'),(8587,295,'2025-04-02 09:45:00',35,273,0,0,91,1,'2025-04-01 09:30:00',2,'Modificación motivada por la mística del sistema.'),(8588,295,'2025-04-02 10:14:00',35,273,0,0,91,1,'2025-04-01 09:24:00',2,'Cambio validado por la abuela experta en Tolvas.'),(8589,295,'2025-04-02 10:12:00',35,273,0,0,91,1,'2025-04-01 09:18:00',2,'Cambio por presión popular en la planta.'),(8590,295,'2025-04-02 10:12:00',35,284,0,0,91,1,'2025-04-01 09:12:00',2,'Modificación motivada por la mística del sistema.'),(8591,295,'2025-04-02 10:12:00',36,284,0,0,91,1,'2025-04-01 09:06:00',2,'Ajuste por diferencia entre Tolva y Bins… otra vez.'),(8592,295,'2025-04-02 09:58:00',36,284,0,0,91,1,'2025-04-01 09:42:00',2,'Simulación de terremoto causó variaciones aleatorias.'),(8593,296,'2025-04-05 15:00:00',35,356,0,0,92,1,'2025-04-02 14:56:00',2,'El operador pestañeó y apretó el botón sin querer.'),(8594,296,'2025-04-05 15:00:00',36,356,1,0,92,1,'2025-04-02 14:48:00',2,'Reajuste de kilogramos por interferencia cósmica.'),(8595,296,'2025-04-05 15:00:00',36,367,1,0,92,1,'2025-04-02 14:40:00',2,'Simulación de terremoto causó variaciones aleatorias.'),(8596,296,'2025-04-05 15:00:00',35,367,0,0,92,1,'2025-04-02 14:32:00',2,'El sistema tuvo un arrebato y decidió cambiarlo solo.'),(8597,296,'2025-04-05 15:00:00',35,385,0,0,92,1,'2025-04-02 14:24:00',2,'Modificación motivada por la mística del sistema.'),(8598,296,'2025-04-05 15:00:00',36,370,0,0,92,1,'2025-04-02 14:16:00',2,'Ajuste por diferencia entre Tolva y Bins… otra vez.'),(8599,296,'2025-04-05 15:18:00',36,370,0,0,92,1,'2025-04-02 14:08:00',2,'El jefe dijo que lo hiciera, pero no explicó por qué.'),(8600,296,'2025-04-05 15:18:00',36,370,0,0,92,1,'2025-04-02 14:56:00',2,'El sistema tuvo un arrebato y decidió cambiarlo solo.'),(8601,298,'2025-04-05 20:06:00',36,353,0,0,92,1,'2025-04-03 19:42:00',2,'Cambio por presión popular en la planta.'),(8602,298,'2025-04-05 20:08:00',36,353,0,0,92,1,'2025-04-03 19:42:00',2,'Ajuste por diferencia entre Tolva y Bins… otra vez.'),(8603,300,'2025-04-13 20:06:00',36,782,0,0,94,1,'2025-04-03 20:32:00',2,'Reajuste de kilogramos por interferencia cósmica.'),(8604,300,'2025-04-13 20:06:00',35,782,0,0,94,1,'2025-04-03 20:15:00',2,'Ajuste por diferencia entre Tolva y Bins… otra vez.'),(8605,300,'2025-04-13 19:47:00',35,782,0,0,94,1,'2025-04-03 19:58:00',2,'Se corrigió porque parecía sospechosamente perfecto.'),(8606,300,'2025-04-13 19:26:00',35,782,0,0,94,1,'2025-04-03 19:41:00',2,'El jefe dijo que lo hiciera, pero no explicó por qué.'),(8607,300,'2025-04-13 19:26:00',36,758,0,0,94,1,'2025-04-03 19:24:00',2,'Reajuste de kilogramos por interferencia cósmica.'),(8608,300,'2025-04-13 19:26:00',35,758,0,0,94,1,'2025-04-03 20:32:00',2,'Modificación motivada por la mística del sistema.'),(8609,301,'2025-04-07 20:04:00',35,576,0,0,95,1,'2025-04-03 20:26:00',2,'Reajuste de kilogramos por interferencia cósmica.'),(8610,301,'2025-04-07 20:18:00',36,576,0,0,95,1,'2025-04-03 20:15:00',2,'El sistema tuvo un arrebato y decidió cambiarlo solo.'),(8611,301,'2025-04-07 20:03:00',36,605,0,0,95,1,'2025-04-03 20:04:00',2,'Cambio validado por la abuela experta en Tolvas.'),(8612,301,'2025-04-07 19:51:00',35,605,0,0,95,1,'2025-04-03 19:53:00',2,'Modificación motivada por la mística del sistema.'),(8613,301,'2025-04-07 19:51:00',36,605,0,0,95,1,'2025-04-03 19:42:00',2,'El jefe dijo que lo hiciera, pero no explicó por qué.'),(8614,301,'2025-04-07 19:34:00',35,605,0,0,95,1,'2025-04-03 19:31:00',2,'Ajuste por diferencia entre Tolva y Bins… otra vez.'),(8615,301,'2025-04-07 19:34:00',35,617,0,0,95,1,'2025-04-03 19:20:00',2,'Se corrigió porque parecía sospechosamente perfecto.'),(8616,301,'2025-04-07 19:34:00',35,648,0,0,95,1,'2025-04-03 20:26:00',2,'El sistema tuvo un arrebato y decidió cambiarlo solo.'),(8617,303,'2025-04-04 20:06:00',36,390,0,0,95,1,'2025-04-03 20:27:00',2,'El sistema tuvo un arrebato y decidió cambiarlo solo.'),(8618,303,'2025-04-04 20:34:00',35,390,0,0,95,1,'2025-04-03 20:00:00',2,'Reajuste de kilogramos por interferencia cósmica.'),(8619,303,'2025-04-04 20:34:00',36,390,0,0,95,1,'2025-04-03 19:33:00',2,'Cambio por presión popular en la planta.'),(8620,303,'2025-04-04 20:34:00',35,390,0,0,95,1,'2025-04-03 20:27:00',2,'El sistema tuvo un arrebato y decidió cambiarlo solo.'),(8621,304,'2025-04-12 01:12:00',35,343,0,0,95,1,'2025-04-05 02:00:00',2,'Reajuste de kilogramos por interferencia cósmica.'),(8622,306,'2025-04-09 01:00:00',35,665,0,0,91,1,'2025-04-05 01:02:00',2,'Cambio validado por la abuela experta en Tolvas.'),(8623,306,'2025-04-09 00:53:00',36,665,0,0,91,1,'2025-04-05 00:46:00',2,'Modificación motivada por la mística del sistema.'),(8624,306,'2025-04-09 00:53:00',36,665,1,0,91,1,'2025-04-05 00:30:00',2,'Reajuste de kilogramos por interferencia cósmica.'),(8625,306,'2025-04-09 00:23:00',36,665,0,0,91,1,'2025-04-05 01:02:00',2,'Reajuste de kilogramos por interferencia cósmica.'),(8626,307,'2025-04-09 00:54:00',35,308,0,0,96,1,'2025-04-05 01:22:00',2,'Reajuste de kilogramos por interferencia cósmica.'),(8627,307,'2025-04-09 00:54:00',35,299,0,0,96,1,'2025-04-05 01:14:00',2,'El jefe dijo que lo hiciera, pero no explicó por qué.'),(8628,307,'2025-04-09 00:56:00',35,299,0,0,96,1,'2025-04-05 01:06:00',2,'El operador pestañeó y apretó el botón sin querer.'),(8629,307,'2025-04-09 00:29:00',36,299,0,0,96,1,'2025-04-05 00:58:00',2,'El operador pestañeó y apretó el botón sin querer.'),(8630,307,'2025-04-09 00:29:00',35,299,0,0,96,1,'2025-04-05 00:50:00',2,'Se corrigió porque parecía sospechosamente perfecto.'),(8631,307,'2025-04-09 00:52:00',35,299,0,0,96,1,'2025-04-05 00:42:00',2,'Simulación de terremoto causó variaciones aleatorias.'),(8632,307,'2025-04-09 00:41:00',36,299,1,0,96,1,'2025-04-05 00:34:00',2,'El operador pestañeó y apretó el botón sin querer.'),(8633,307,'2025-04-09 00:41:00',36,311,0,0,96,1,'2025-04-05 00:26:00',2,'Simulación de terremoto causó variaciones aleatorias.'),(8634,307,'2025-04-09 00:41:00',36,314,0,0,96,1,'2025-04-05 01:22:00',2,'Cambio por presión popular en la planta.'),(8635,308,'2025-04-14 01:12:00',36,649,1,0,93,1,'2025-04-05 01:11:00',2,'El operador pestañeó y apretó el botón sin querer.'),(8636,308,'2025-04-14 01:24:00',36,649,0,0,93,1,'2025-04-05 00:52:00',2,'Modificación motivada por la mística del sistema.'),(8637,308,'2025-04-14 01:24:00',36,617,0,0,93,1,'2025-04-05 00:33:00',2,'El jefe dijo que lo hiciera, pero no explicó por qué.'),(8638,308,'2025-04-14 01:24:00',35,617,0,0,93,1,'2025-04-05 01:11:00',2,'Ajuste por diferencia entre Tolva y Bins… otra vez.'),(8639,309,'2025-04-09 05:18:00',35,891,0,0,95,1,'2025-04-06 04:56:00',2,'Modificación motivada por la mística del sistema.'),(8640,309,'2025-04-09 05:07:00',35,891,0,0,95,1,'2025-04-06 04:44:00',2,'Se corrigió porque parecía sospechosamente perfecto.'),(8641,309,'2025-04-09 05:21:00',35,891,0,0,95,1,'2025-04-06 04:32:00',2,'Modificación motivada por la mística del sistema.'),(8642,309,'2025-04-09 04:54:00',35,927,0,0,95,1,'2025-04-06 04:56:00',2,'Se corrigió porque parecía sospechosamente perfecto.'),(8643,310,'2025-04-11 05:18:00',35,551,0,0,95,1,'2025-04-06 05:51:00',2,'Cambio por presión popular en la planta.'),(8644,310,'2025-04-11 05:18:00',35,556,0,0,95,1,'2025-04-06 05:05:00',2,'El operador pestañeó y apretó el botón sin querer.'),(8645,310,'2025-04-11 05:18:00',35,528,0,0,95,1,'2025-04-06 05:51:00',2,'Ajuste por diferencia entre Tolva y Bins… otra vez.'),(8646,311,'2025-04-12 05:18:00',36,117,1,12,94,1,'2025-04-06 05:13:00',2,'Modificación motivada por la mística del sistema.'),(8647,311,'2025-04-12 05:14:00',36,121,0,0,94,1,'2025-04-06 05:02:00',2,'El jefe dijo que lo hiciera, pero no explicó por qué.'),(8648,311,'2025-04-12 05:17:00',36,121,0,0,94,1,'2025-04-06 04:51:00',2,'El jefe dijo que lo hiciera, pero no explicó por qué.'),(8649,311,'2025-04-12 05:07:00',36,121,0,0,94,1,'2025-04-06 04:40:00',2,'Ajuste por diferencia entre Tolva y Bins… otra vez.'),(8650,311,'2025-04-12 05:29:00',35,121,0,0,94,1,'2025-04-06 04:29:00',2,'Ajuste por diferencia entre Tolva y Bins… otra vez.'),(8651,311,'2025-04-12 05:29:00',35,117,0,0,94,1,'2025-04-06 05:13:00',2,'Modificación motivada por la mística del sistema.'),(8652,313,'2025-04-09 05:18:00',35,718,0,0,91,1,'2025-04-06 05:05:00',2,'Ajuste por diferencia entre Tolva y Bins… otra vez.'),(8653,313,'2025-04-09 05:18:00',36,718,0,0,91,1,'2025-04-06 05:00:00',2,'El sistema tuvo un arrebato y decidió cambiarlo solo.'),(8654,313,'2025-04-09 05:18:00',36,740,0,0,91,1,'2025-04-06 04:55:00',2,'El jefe dijo que lo hiciera, pero no explicó por qué.'),(8655,313,'2025-04-09 05:18:00',35,740,0,0,91,1,'2025-04-06 04:50:00',2,'Modificación motivada por la mística del sistema.'),(8656,313,'2025-04-09 05:43:00',35,740,0,0,91,1,'2025-04-06 04:45:00',2,'El jefe dijo que lo hiciera, pero no explicó por qué.'),(8657,313,'2025-04-09 06:05:00',35,740,0,0,91,1,'2025-04-06 04:40:00',2,'El sistema tuvo un arrebato y decidió cambiarlo solo.'),(8658,313,'2025-04-09 05:42:00',35,740,0,0,91,1,'2025-04-06 04:35:00',2,'Modificación motivada por la mística del sistema.'),(8659,313,'2025-04-09 05:12:00',35,740,0,0,91,1,'2025-04-06 04:30:00',2,'Modificación motivada por la mística del sistema.'),(8660,313,'2025-04-09 05:12:00',35,769,0,0,91,1,'2025-04-06 05:05:00',2,'Modificación motivada por la mística del sistema.'),(8661,315,'2025-04-16 05:18:00',35,829,0,0,92,1,'2025-04-06 05:35:00',2,'Cambio por presión popular en la planta.'),(8662,315,'2025-04-16 05:48:00',36,829,1,20,92,1,'2025-04-06 05:35:00',2,'El sistema tuvo un arrebato y decidió cambiarlo solo.'),(8663,316,'2025-04-14 10:24:00',36,881,1,0,92,1,'2025-04-07 11:17:00',2,'El sistema tuvo un arrebato y decidió cambiarlo solo.'),(8664,316,'2025-04-14 10:46:00',36,881,1,0,92,1,'2025-04-07 11:01:00',2,'Cambio por presión popular en la planta.'),(8665,316,'2025-04-14 10:20:00',36,881,1,2,92,1,'2025-04-07 10:45:00',2,'Cambio validado por la abuela experta en Tolvas.'),(8666,316,'2025-04-14 10:20:00',36,881,0,0,92,1,'2025-04-07 10:29:00',2,'El operador pestañeó y apretó el botón sin querer.'),(8667,316,'2025-04-14 10:44:00',36,881,1,29,92,1,'2025-04-07 10:13:00',2,'Cambio validado por la abuela experta en Tolvas.'),(8668,316,'2025-04-14 10:44:00',35,881,0,0,92,1,'2025-04-07 09:57:00',2,'Reajuste de kilogramos por interferencia cósmica.'),(8669,316,'2025-04-14 10:25:00',35,881,0,0,92,1,'2025-04-07 09:41:00',2,'Cambio validado por la abuela experta en Tolvas.'),(8670,316,'2025-04-14 10:25:00',36,881,0,0,92,1,'2025-04-07 11:17:00',2,'Modificación motivada por la mística del sistema.'),(8671,317,'2025-04-16 10:24:00',35,961,0,0,91,1,'2025-04-07 10:08:00',2,'El jefe dijo que lo hiciera, pero no explicó por qué.'),(8672,317,'2025-04-16 10:24:00',36,961,0,0,91,1,'2025-04-07 10:02:00',2,'Reajuste de kilogramos por interferencia cósmica.'),(8673,317,'2025-04-16 10:33:00',35,961,0,0,91,1,'2025-04-07 09:56:00',2,'Cambio por presión popular en la planta.'),(8674,317,'2025-04-16 10:40:00',35,961,0,0,91,1,'2025-04-07 09:50:00',2,'El sistema tuvo un arrebato y decidió cambiarlo solo.'),(8675,317,'2025-04-16 10:40:00',35,1000,0,0,91,1,'2025-04-07 09:44:00',2,'Cambio por presión popular en la planta.'),(8676,317,'2025-04-16 10:40:00',35,990,0,0,91,1,'2025-04-07 09:38:00',2,'Simulación de terremoto causó variaciones aleatorias.'),(8677,317,'2025-04-16 10:40:00',35,1010,0,0,91,1,'2025-04-07 09:32:00',2,'Reajuste de kilogramos por interferencia cósmica.'),(8678,317,'2025-04-16 10:40:00',36,1010,0,0,91,1,'2025-04-07 10:08:00',2,'Ajuste por diferencia entre Tolva y Bins… otra vez.'),(8679,318,'2025-04-08 10:24:00',36,941,0,0,91,1,'2025-04-07 10:02:00',2,'Cambio por presión popular en la planta.'),(8680,318,'2025-04-08 10:24:00',36,941,1,0,91,1,'2025-04-07 09:43:00',2,'Cambio validado por la abuela experta en Tolvas.'),(8681,318,'2025-04-08 10:24:00',36,941,1,29,91,1,'2025-04-07 10:02:00',2,'Reajuste de kilogramos por interferencia cósmica.'),(8682,319,'2025-04-14 10:24:00',36,584,0,0,91,1,'2025-04-07 10:52:00',2,'El jefe dijo que lo hiciera, pero no explicó por qué.'),(8683,319,'2025-04-14 10:29:00',36,584,0,0,91,1,'2025-04-07 10:41:00',2,'Reajuste de kilogramos por interferencia cósmica.'),(8684,319,'2025-04-14 10:29:00',36,584,1,0,91,1,'2025-04-07 10:30:00',2,'Modificación motivada por la mística del sistema.'),(8685,319,'2025-04-14 10:49:00',36,584,1,24,91,1,'2025-04-07 10:19:00',2,'El operador pestañeó y apretó el botón sin querer.'),(8686,319,'2025-04-14 10:49:00',36,584,1,14,91,1,'2025-04-07 10:08:00',2,'Ajuste por diferencia entre Tolva y Bins… otra vez.'),(8687,319,'2025-04-14 10:36:00',35,584,0,0,91,1,'2025-04-07 09:57:00',2,'El sistema tuvo un arrebato y decidió cambiarlo solo.'),(8688,319,'2025-04-14 10:22:00',35,584,0,0,91,1,'2025-04-07 09:46:00',2,'El sistema tuvo un arrebato y decidió cambiarlo solo.'),(8689,319,'2025-04-14 10:22:00',36,584,0,0,91,1,'2025-04-07 09:35:00',2,'Cambio por presión popular en la planta.'),(8690,319,'2025-04-14 10:22:00',36,602,0,0,91,1,'2025-04-07 10:52:00',2,'Modificación motivada por la mística del sistema.'),(8691,320,'2025-04-17 15:30:00',35,124,0,0,92,1,'2025-04-08 15:05:00',2,'El sistema tuvo un arrebato y decidió cambiarlo solo.'),(8692,320,'2025-04-17 15:30:00',35,124,0,0,92,1,'2025-04-08 14:54:00',2,'Se corrigió porque parecía sospechosamente perfecto.'),(8693,320,'2025-04-17 15:30:00',35,126,0,0,92,1,'2025-04-08 14:43:00',2,'Cambio por presión popular en la planta.'),(8694,320,'2025-04-17 15:30:00',35,130,0,0,92,1,'2025-04-08 15:05:00',2,'Cambio validado por la abuela experta en Tolvas.'),(8695,321,'2025-04-17 15:30:00',36,711,1,0,95,1,'2025-04-08 15:02:00',2,'Ajuste por diferencia entre Tolva y Bins… otra vez.'),(8696,321,'2025-04-17 15:30:00',36,711,1,2,95,1,'2025-04-08 14:57:00',2,'Reajuste de kilogramos por interferencia cósmica.'),(8697,321,'2025-04-17 15:13:00',36,711,1,19,95,1,'2025-04-08 14:52:00',2,'Cambio validado por la abuela experta en Tolvas.'),(8698,321,'2025-04-17 15:13:00',36,711,0,0,95,1,'2025-04-08 14:47:00',2,'Simulación de terremoto causó variaciones aleatorias.'),(8699,321,'2025-04-17 15:13:00',36,711,1,0,95,1,'2025-04-08 14:42:00',2,'El jefe dijo que lo hiciera, pero no explicó por qué.'),(8700,321,'2025-04-17 15:13:00',35,711,0,0,95,1,'2025-04-08 14:37:00',2,'Ajuste por diferencia entre Tolva y Bins… otra vez.'),(8701,321,'2025-04-17 15:36:00',35,675,0,0,95,1,'2025-04-08 15:02:00',2,'El operador pestañeó y apretó el botón sin querer.'),(8702,323,'2025-04-17 15:30:00',36,628,0,0,92,1,'2025-04-08 15:19:00',2,'El jefe dijo que lo hiciera, pero no explicó por qué.'),(8703,323,'2025-04-17 15:30:00',36,628,1,10,92,1,'2025-04-08 15:12:00',2,'Cambio por presión popular en la planta.'),(8704,323,'2025-04-17 15:30:00',35,597,0,0,92,1,'2025-04-08 15:05:00',2,'Se corrigió porque parecía sospechosamente perfecto.'),(8705,323,'2025-04-17 15:52:00',35,597,0,0,92,1,'2025-04-08 14:58:00',2,'Cambio por presión popular en la planta.'),(8706,323,'2025-04-17 16:20:00',35,597,0,0,92,1,'2025-04-08 14:51:00',2,'Reajuste de kilogramos por interferencia cósmica.'),(8707,323,'2025-04-17 16:20:00',35,597,0,0,92,1,'2025-04-08 14:44:00',2,'Cambio por presión popular en la planta.'),(8708,323,'2025-04-17 16:48:00',35,597,0,0,92,1,'2025-04-08 14:37:00',2,'Cambio validado por la abuela experta en Tolvas.'),(8709,323,'2025-04-17 16:48:00',35,573,0,0,92,1,'2025-04-08 15:19:00',2,'Modificación motivada por la mística del sistema.'),(8710,324,'2025-04-09 15:43:00',36,173,0,0,91,1,'2025-04-08 15:07:00',2,'Modificación motivada por la mística del sistema.'),(8711,324,'2025-04-09 15:43:00',36,168,0,0,91,1,'2025-04-08 14:55:00',2,'Simulación de terremoto causó variaciones aleatorias.'),(8712,324,'2025-04-09 15:43:00',36,161,1,0,91,1,'2025-04-08 14:43:00',2,'El operador pestañeó y apretó el botón sin querer.'),(8713,324,'2025-04-09 15:57:00',36,166,1,0,91,1,'2025-04-08 15:07:00',2,'Cambio validado por la abuela experta en Tolvas.'),(8714,325,'2025-04-19 20:36:00',35,687,0,0,92,1,'2025-04-09 20:44:00',2,'El operador pestañeó y apretó el botón sin querer.'),(8715,325,'2025-04-19 20:38:00',36,681,0,0,92,1,'2025-04-09 20:27:00',2,'El operador pestañeó y apretó el botón sin querer.'),(8716,325,'2025-04-19 20:38:00',35,681,0,0,92,1,'2025-04-09 20:10:00',2,'El jefe dijo que lo hiciera, pero no explicó por qué.'),(8717,325,'2025-04-19 20:38:00',35,687,0,0,92,1,'2025-04-09 19:53:00',2,'Se corrigió porque parecía sospechosamente perfecto.'),(8718,325,'2025-04-19 20:38:00',36,687,0,0,92,1,'2025-04-09 20:44:00',2,'Reajuste de kilogramos por interferencia cósmica.'),(8719,327,'2025-04-16 01:42:00',36,330,0,0,91,1,'2025-04-11 01:32:00',2,'Simulación de terremoto causó variaciones aleatorias.'),(8720,327,'2025-04-16 01:42:00',35,330,0,0,91,1,'2025-04-11 01:32:00',2,'Simulación de terremoto causó variaciones aleatorias.'),(8721,328,'2025-04-13 01:57:00',35,295,0,0,91,1,'2025-04-11 01:54:00',2,'Ajuste por diferencia entre Tolva y Bins… otra vez.'),(8722,328,'2025-04-13 01:57:00',35,286,0,0,91,1,'2025-04-11 01:54:00',2,'El sistema tuvo un arrebato y decidió cambiarlo solo.'),(8723,329,'2025-04-15 06:48:00',36,556,1,23,91,1,'2025-04-12 07:14:00',2,'Modificación motivada por la mística del sistema.'),(8724,329,'2025-04-15 06:48:00',36,556,1,6,91,1,'2025-04-12 06:57:00',2,'Se corrigió porque parecía sospechosamente perfecto.'),(8725,329,'2025-04-15 06:19:00',35,556,0,0,91,1,'2025-04-12 06:40:00',2,'Ajuste por diferencia entre Tolva y Bins… otra vez.'),(8726,329,'2025-04-15 06:19:00',35,534,0,0,91,1,'2025-04-12 06:23:00',2,'Ajuste por diferencia entre Tolva y Bins… otra vez.'),(8727,329,'2025-04-15 06:40:00',36,534,0,0,91,1,'2025-04-12 06:06:00',2,'Se corrigió porque parecía sospechosamente perfecto.'),(8728,329,'2025-04-15 06:10:00',35,534,0,0,91,1,'2025-04-12 07:14:00',2,'Simulación de terremoto causó variaciones aleatorias.'),(8729,330,'2025-04-22 06:32:00',36,923,1,0,91,1,'2025-04-12 07:41:00',2,'Simulación de terremoto causó variaciones aleatorias.'),(8730,331,'2025-04-16 07:04:00',36,437,0,0,91,1,'2025-04-12 07:36:00',2,'Reajuste de kilogramos por interferencia cósmica.'),(8731,331,'2025-04-16 07:04:00',35,437,0,0,91,1,'2025-04-12 07:23:00',2,'El sistema tuvo un arrebato y decidió cambiarlo solo.'),(8732,331,'2025-04-16 07:04:00',36,437,0,0,91,1,'2025-04-12 07:10:00',2,'El jefe dijo que lo hiciera, pero no explicó por qué.'),(8733,331,'2025-04-16 07:04:00',35,437,0,0,91,1,'2025-04-12 06:57:00',2,'El sistema tuvo un arrebato y decidió cambiarlo solo.'),(8734,331,'2025-04-16 07:04:00',35,459,0,0,91,1,'2025-04-12 06:44:00',2,'El jefe dijo que lo hiciera, pero no explicó por qué.'),(8735,331,'2025-04-16 06:43:00',36,459,0,0,91,1,'2025-04-12 06:31:00',2,'Cambio validado por la abuela experta en Tolvas.'),(8736,331,'2025-04-16 06:49:00',36,459,0,0,91,1,'2025-04-12 06:18:00',2,'El jefe dijo que lo hiciera, pero no explicó por qué.'),(8737,331,'2025-04-16 06:49:00',35,463,0,0,91,1,'2025-04-12 06:05:00',2,'Simulación de terremoto causó variaciones aleatorias.'),(8738,331,'2025-04-16 06:49:00',36,463,0,0,91,1,'2025-04-12 07:36:00',2,'Se corrigió porque parecía sospechosamente perfecto.'),(8739,332,'2025-04-21 06:48:00',36,675,1,0,96,1,'2025-04-12 07:15:00',2,'Ajuste por diferencia entre Tolva y Bins… otra vez.'),(8740,332,'2025-04-21 06:29:00',36,682,1,0,96,1,'2025-04-12 07:05:00',2,'El operador pestañeó y apretó el botón sin querer.'),(8741,332,'2025-04-21 06:29:00',35,682,0,0,96,1,'2025-04-12 06:55:00',2,'Cambio por presión popular en la planta.'),(8742,332,'2025-04-21 06:29:00',35,661,0,0,96,1,'2025-04-12 06:45:00',2,'Ajuste por diferencia entre Tolva y Bins… otra vez.'),(8743,332,'2025-04-21 06:20:00',35,641,0,0,96,1,'2025-04-12 06:35:00',2,'Se corrigió porque parecía sospechosamente perfecto.'),(8744,332,'2025-04-21 06:37:00',35,641,0,0,96,1,'2025-04-12 06:25:00',2,'Modificación motivada por la mística del sistema.'),(8745,332,'2025-04-21 06:52:00',35,641,0,0,96,1,'2025-04-12 06:15:00',2,'Ajuste por diferencia entre Tolva y Bins… otra vez.'),(8746,332,'2025-04-21 07:20:00',35,641,0,0,96,1,'2025-04-12 06:05:00',2,'Simulación de terremoto causó variaciones aleatorias.'),(8747,332,'2025-04-21 06:57:00',35,641,0,0,96,1,'2025-04-12 07:15:00',2,'Cambio por presión popular en la planta.'),(8748,333,'2025-04-19 11:54:00',35,651,0,0,94,1,'2025-04-13 11:42:00',2,'Reajuste de kilogramos por interferencia cósmica.'),(8749,334,'2025-04-22 11:29:00',36,952,0,0,94,1,'2025-04-13 12:25:00',2,'El jefe dijo que lo hiciera, pero no explicó por qué.'),(8750,334,'2025-04-22 11:54:00',36,904,1,0,94,1,'2025-04-13 11:55:00',2,'Se corrigió porque parecía sospechosamente perfecto.'),(8751,334,'2025-04-22 12:07:00',36,904,1,13,94,1,'2025-04-13 11:25:00',2,'Simulación de terremoto causó variaciones aleatorias.'),(8752,334,'2025-04-22 12:07:00',36,886,1,1,94,1,'2025-04-13 12:25:00',2,'El operador pestañeó y apretó el botón sin querer.'),(8753,335,'2025-04-20 11:41:00',35,642,0,0,94,1,'2025-04-13 12:54:00',2,'Cambio por presión popular en la planta.'),(8754,335,'2025-04-20 11:57:00',35,642,0,0,94,1,'2025-04-13 12:54:00',2,'Modificación motivada por la mística del sistema.'),(8755,337,'2025-04-14 11:54:00',36,285,0,0,94,1,'2025-04-13 12:33:00',2,'Reajuste de kilogramos por interferencia cósmica.'),(8756,337,'2025-04-14 11:54:00',35,285,0,0,94,1,'2025-04-13 12:19:00',2,'El jefe dijo que lo hiciera, pero no explicó por qué.'),(8757,337,'2025-04-14 11:54:00',36,285,0,0,94,1,'2025-04-13 12:05:00',2,'Cambio por presión popular en la planta.'),(8758,337,'2025-04-14 11:54:00',35,285,0,0,94,1,'2025-04-13 11:51:00',2,'Cambio validado por la abuela experta en Tolvas.'),(8759,337,'2025-04-14 11:54:00',36,285,1,0,94,1,'2025-04-13 11:37:00',2,'Cambio por presión popular en la planta.'),(8760,337,'2025-04-14 11:54:00',36,285,1,1,94,1,'2025-04-13 11:23:00',2,'Reajuste de kilogramos por interferencia cósmica.'),(8761,337,'2025-04-14 11:54:00',36,291,1,2,94,1,'2025-04-13 11:09:00',2,'Cambio validado por la abuela experta en Tolvas.'),(8762,337,'2025-04-14 11:49:00',36,291,1,2,94,1,'2025-04-13 12:33:00',2,'Cambio validado por la abuela experta en Tolvas.'),(8763,338,'2025-04-14 11:52:00',35,899,0,0,95,1,'2025-04-13 11:36:00',2,'Ajuste por diferencia entre Tolva y Bins… otra vez.'),(8764,338,'2025-04-14 11:52:00',35,917,0,0,95,1,'2025-04-13 11:22:00',2,'Ajuste por diferencia entre Tolva y Bins… otra vez.'),(8765,338,'2025-04-14 11:48:00',35,871,0,0,95,1,'2025-04-13 11:08:00',2,'Simulación de terremoto causó variaciones aleatorias.'),(8766,338,'2025-04-14 11:40:00',36,880,0,0,95,1,'2025-04-13 11:36:00',2,'El jefe dijo que lo hiciera, pero no explicó por qué.'),(8767,339,'2025-04-18 11:54:00',36,672,0,0,91,1,'2025-04-13 11:52:00',2,'Simulación de terremoto causó variaciones aleatorias.'),(8768,339,'2025-04-18 11:54:00',36,672,1,0,91,1,'2025-04-13 11:38:00',2,'Simulación de terremoto causó variaciones aleatorias.'),(8769,339,'2025-04-18 11:33:00',36,672,1,0,91,1,'2025-04-13 11:24:00',2,'Cambio validado por la abuela experta en Tolvas.'),(8770,339,'2025-04-18 11:33:00',36,672,0,0,91,1,'2025-04-13 11:10:00',2,'Cambio por presión popular en la planta.'),(8771,339,'2025-04-18 11:33:00',36,672,1,0,91,1,'2025-04-13 11:52:00',2,'Simulación de terremoto causó variaciones aleatorias.'),(8772,340,'2025-04-14 11:54:00',35,194,0,0,94,1,'2025-04-13 11:32:00',2,'Reajuste de kilogramos por interferencia cósmica.'),(8773,340,'2025-04-14 11:27:00',35,198,0,0,94,1,'2025-04-13 11:25:00',2,'El operador pestañeó y apretó el botón sin querer.'),(8774,340,'2025-04-14 11:27:00',36,198,0,0,94,1,'2025-04-13 11:18:00',2,'Ajuste por diferencia entre Tolva y Bins… otra vez.'),(8775,340,'2025-04-14 11:27:00',36,202,0,0,94,1,'2025-04-13 11:11:00',2,'Cambio por presión popular en la planta.'),(8776,340,'2025-04-14 11:27:00',35,202,0,0,94,1,'2025-04-13 11:04:00',2,'El sistema tuvo un arrebato y decidió cambiarlo solo.'),(8777,340,'2025-04-14 11:14:00',35,202,0,0,94,1,'2025-04-13 11:32:00',2,'El operador pestañeó y apretó el botón sin querer.'),(8778,341,'2025-04-15 11:54:00',36,849,0,0,91,1,'2025-04-13 11:59:00',2,'Modificación motivada por la mística del sistema.'),(8779,341,'2025-04-15 11:54:00',36,849,0,0,91,1,'2025-04-13 11:27:00',2,'Simulación de terremoto causó variaciones aleatorias.'),(8780,341,'2025-04-15 11:54:00',36,849,1,0,91,1,'2025-04-13 11:59:00',2,'Reajuste de kilogramos por interferencia cósmica.'),(8781,342,'2025-04-23 17:00:00',36,329,1,0,93,1,'2025-04-14 17:43:00',2,'El sistema tuvo un arrebato y decidió cambiarlo solo.'),(8782,345,'2025-04-19 17:00:00',36,861,0,0,95,1,'2025-04-14 16:41:00',2,'Cambio por presión popular en la planta.'),(8783,345,'2025-04-19 17:00:00',35,861,0,0,95,1,'2025-04-14 16:21:00',2,'Simulación de terremoto causó variaciones aleatorias.'),(8784,345,'2025-04-19 17:15:00',35,861,0,0,95,1,'2025-04-14 16:41:00',2,'Se corrigió porque parecía sospechosamente perfecto.'),(8785,347,'2025-04-20 17:00:00',36,473,0,0,93,1,'2025-04-14 17:05:00',2,'Reajuste de kilogramos por interferencia cósmica.'),(8786,347,'2025-04-20 17:00:00',35,473,0,0,93,1,'2025-04-14 16:49:00',2,'Cambio por presión popular en la planta.'),(8787,347,'2025-04-20 16:38:00',35,473,0,0,93,1,'2025-04-14 16:33:00',2,'Simulación de terremoto causó variaciones aleatorias.'),(8788,347,'2025-04-20 16:38:00',35,497,0,0,93,1,'2025-04-14 16:17:00',2,'Simulación de terremoto causó variaciones aleatorias.'),(8789,347,'2025-04-20 16:38:00',36,497,0,0,93,1,'2025-04-14 17:05:00',2,'Simulación de terremoto causó variaciones aleatorias.'),(8790,348,'2025-04-15 17:00:00',36,352,1,14,92,1,'2025-04-14 17:49:00',2,'Simulación de terremoto causó variaciones aleatorias.'),(8791,348,'2025-04-15 16:39:00',36,352,1,8,92,1,'2025-04-14 17:28:00',2,'Modificación motivada por la mística del sistema.'),(8792,348,'2025-04-15 16:39:00',36,367,1,8,92,1,'2025-04-14 17:07:00',2,'Modificación motivada por la mística del sistema.'),(8793,348,'2025-04-15 16:39:00',36,367,1,9,92,1,'2025-04-14 16:46:00',2,'Cambio validado por la abuela experta en Tolvas.'),(8794,348,'2025-04-15 17:00:00',36,367,0,0,92,1,'2025-04-14 16:25:00',2,'El operador pestañeó y apretó el botón sin querer.'),(8795,348,'2025-04-15 17:00:00',36,356,1,0,92,1,'2025-04-14 17:49:00',2,'Ajuste por diferencia entre Tolva y Bins… otra vez.'),(8796,349,'2025-04-15 16:46:00',36,684,1,24,95,1,'2025-04-14 17:42:00',2,'Se corrigió porque parecía sospechosamente perfecto.'),(8797,349,'2025-04-15 16:46:00',36,684,0,0,95,1,'2025-04-14 17:08:00',2,'Reajuste de kilogramos por interferencia cósmica.'),(8798,349,'2025-04-15 16:46:00',35,684,0,0,95,1,'2025-04-14 16:34:00',2,'Simulación de terremoto causó variaciones aleatorias.'),(8799,349,'2025-04-15 16:36:00',36,698,0,0,95,1,'2025-04-14 17:42:00',2,'Modificación motivada por la mística del sistema.'),(8800,350,'2025-04-24 22:04:00',36,285,1,0,95,1,'2025-04-15 23:04:00',2,'Cambio validado por la abuela experta en Tolvas.'),(8801,350,'2025-04-24 22:04:00',35,285,0,0,95,1,'2025-04-15 22:41:00',2,'Simulación de terremoto causó variaciones aleatorias.'),(8802,350,'2025-04-24 22:14:00',36,285,0,0,95,1,'2025-04-15 22:18:00',2,'Se corrigió porque parecía sospechosamente perfecto.'),(8803,350,'2025-04-24 22:14:00',36,285,1,0,95,1,'2025-04-15 21:55:00',2,'Simulación de terremoto causó variaciones aleatorias.'),(8804,350,'2025-04-24 22:14:00',36,285,1,24,95,1,'2025-04-15 21:32:00',2,'Ajuste por diferencia entre Tolva y Bins… otra vez.'),(8805,350,'2025-04-24 22:14:00',35,294,0,0,95,1,'2025-04-15 23:04:00',2,'Cambio por presión popular en la planta.'),(8806,352,'2025-04-18 22:06:00',36,174,0,0,93,1,'2025-04-15 22:10:00',2,'El operador pestañeó y apretó el botón sin querer.'),(8807,352,'2025-04-18 22:06:00',36,174,1,25,93,1,'2025-04-15 21:49:00',2,'Modificación motivada por la mística del sistema.'),(8808,352,'2025-04-18 22:36:00',36,174,1,27,93,1,'2025-04-15 21:28:00',2,'Simulación de terremoto causó variaciones aleatorias.'),(8809,352,'2025-04-18 22:36:00',36,174,0,0,93,1,'2025-04-15 22:10:00',2,'El jefe dijo que lo hiciera, pero no explicó por qué.'),(8810,353,'2025-04-22 22:06:00',36,336,0,0,92,1,'2025-04-15 22:14:00',2,'Ajuste por diferencia entre Tolva y Bins… otra vez.'),(8811,353,'2025-04-22 22:08:00',36,336,0,0,92,1,'2025-04-15 21:52:00',2,'Se corrigió porque parecía sospechosamente perfecto.'),(8812,353,'2025-04-22 22:08:00',35,336,0,0,92,1,'2025-04-15 21:30:00',2,'Cambio por presión popular en la planta.'),(8813,353,'2025-04-22 21:59:00',35,336,0,0,92,1,'2025-04-15 22:14:00',2,'Cambio validado por la abuela experta en Tolvas.'),(8814,354,'2025-04-21 22:06:00',36,632,0,0,94,1,'2025-04-15 23:06:00',2,'Reajuste de kilogramos por interferencia cósmica.'),(8815,354,'2025-04-21 22:06:00',35,626,0,0,94,1,'2025-04-15 22:46:00',2,'Cambio validado por la abuela experta en Tolvas.'),(8816,354,'2025-04-21 21:44:00',36,657,0,0,94,1,'2025-04-15 22:26:00',2,'El jefe dijo que lo hiciera, pero no explicó por qué.'),(8817,354,'2025-04-21 21:53:00',36,657,0,0,94,1,'2025-04-15 22:06:00',2,'Se corrigió porque parecía sospechosamente perfecto.'),(8818,354,'2025-04-21 21:53:00',36,657,1,3,94,1,'2025-04-15 21:46:00',2,'Cambio validado por la abuela experta en Tolvas.'),(8819,354,'2025-04-21 21:53:00',35,657,0,0,94,1,'2025-04-15 21:26:00',2,'Cambio validado por la abuela experta en Tolvas.'),(8820,354,'2025-04-21 21:53:00',35,625,0,0,94,1,'2025-04-15 23:06:00',2,'Cambio por presión popular en la planta.'),(8821,356,'2025-04-21 21:55:00',35,528,0,0,91,1,'2025-04-15 22:26:00',2,'Simulación de terremoto causó variaciones aleatorias.'),(8822,356,'2025-04-21 21:55:00',35,507,0,0,91,1,'2025-04-15 22:13:00',2,'Simulación de terremoto causó variaciones aleatorias.'),(8823,356,'2025-04-21 21:27:00',36,507,0,0,91,1,'2025-04-15 22:00:00',2,'Modificación motivada por la mística del sistema.'),(8824,356,'2025-04-21 21:27:00',35,507,0,0,91,1,'2025-04-15 21:47:00',2,'El sistema tuvo un arrebato y decidió cambiarlo solo.'),(8825,356,'2025-04-21 21:27:00',36,507,0,0,91,1,'2025-04-15 21:34:00',2,'El operador pestañeó y apretó el botón sin querer.'),(8826,356,'2025-04-21 21:27:00',36,507,1,0,91,1,'2025-04-15 21:21:00',2,'Reajuste de kilogramos por interferencia cósmica.'),(8827,356,'2025-04-21 21:27:00',36,507,1,11,91,1,'2025-04-15 22:26:00',2,'Reajuste de kilogramos por interferencia cósmica.'),(8828,357,'2025-04-19 03:12:00',36,1006,0,0,92,1,'2025-04-17 02:56:00',2,'Cambio validado por la abuela experta en Tolvas.'),(8829,358,'2025-04-27 03:12:00',35,502,0,0,94,1,'2025-04-17 03:48:00',2,'Modificación motivada por la mística del sistema.'),(8830,358,'2025-04-27 03:12:00',35,487,0,0,94,1,'2025-04-17 03:24:00',2,'Cambio validado por la abuela experta en Tolvas.'),(8831,358,'2025-04-27 03:12:00',35,512,0,0,94,1,'2025-04-17 03:00:00',2,'El operador pestañeó y apretó el botón sin querer.'),(8832,358,'2025-04-27 03:12:00',35,507,0,0,94,1,'2025-04-17 02:36:00',2,'Reajuste de kilogramos por interferencia cósmica.'),(8833,358,'2025-04-27 03:12:00',36,507,1,0,94,1,'2025-04-17 03:48:00',2,'Ajuste por diferencia entre Tolva y Bins… otra vez.'),(8834,359,'2025-04-22 03:12:00',36,248,0,0,91,1,'2025-04-17 04:08:00',2,'El jefe dijo que lo hiciera, pero no explicó por qué.'),(8835,359,'2025-04-22 02:57:00',36,248,1,0,91,1,'2025-04-17 03:45:00',2,'Ajuste por diferencia entre Tolva y Bins… otra vez.'),(8836,359,'2025-04-22 03:06:00',36,248,1,0,91,1,'2025-04-17 03:22:00',2,'Reajuste de kilogramos por interferencia cósmica.'),(8837,359,'2025-04-22 03:06:00',35,245,0,0,91,1,'2025-04-17 02:59:00',2,'El sistema tuvo un arrebato y decidió cambiarlo solo.'),(8838,359,'2025-04-22 03:06:00',36,245,0,0,91,1,'2025-04-17 02:36:00',2,'Se corrigió porque parecía sospechosamente perfecto.'),(8839,359,'2025-04-22 03:06:00',36,258,0,0,91,1,'2025-04-17 04:08:00',2,'Cambio por presión popular en la planta.'),(8840,360,'2025-04-20 03:12:00',36,514,0,0,91,1,'2025-04-17 03:49:00',2,'Cambio por presión popular en la planta.'),(8841,360,'2025-04-20 03:12:00',36,493,1,0,91,1,'2025-04-17 03:25:00',2,'Cambio por presión popular en la planta.'),(8842,360,'2025-04-20 03:12:00',36,508,1,0,91,1,'2025-04-17 03:01:00',2,'Cambio validado por la abuela experta en Tolvas.'),(8843,360,'2025-04-20 03:12:00',35,508,0,0,91,1,'2025-04-17 02:37:00',2,'El sistema tuvo un arrebato y decidió cambiarlo solo.'),(8844,360,'2025-04-20 03:12:00',35,534,0,0,91,1,'2025-04-17 03:49:00',2,'Reajuste de kilogramos por interferencia cósmica.'),(8845,361,'2025-04-24 02:51:00',35,294,0,0,92,1,'2025-04-17 02:42:00',2,'Cambio por presión popular en la planta.'),(8846,361,'2025-04-24 02:33:00',35,294,0,0,92,1,'2025-04-17 02:39:00',2,'El operador pestañeó y apretó el botón sin querer.'),(8847,361,'2025-04-24 02:33:00',36,294,0,0,92,1,'2025-04-17 02:36:00',2,'Cambio validado por la abuela experta en Tolvas.'),(8848,361,'2025-04-24 02:15:00',36,294,1,0,92,1,'2025-04-17 02:33:00',2,'Ajuste por diferencia entre Tolva y Bins… otra vez.'),(8849,361,'2025-04-24 02:15:00',36,294,0,0,92,1,'2025-04-17 02:30:00',2,'Se corrigió porque parecía sospechosamente perfecto.'),(8850,361,'2025-04-24 02:15:00',36,291,0,0,92,1,'2025-04-17 02:27:00',2,'Simulación de terremoto causó variaciones aleatorias.'),(8851,361,'2025-04-24 02:15:00',35,291,0,0,92,1,'2025-04-17 02:24:00',2,'Reajuste de kilogramos por interferencia cósmica.'),(8852,361,'2025-04-24 02:15:00',35,297,0,0,92,1,'2025-04-17 02:21:00',2,'Simulación de terremoto causó variaciones aleatorias.'),(8853,361,'2025-04-24 02:15:00',35,306,0,0,92,1,'2025-04-17 02:42:00',2,'Reajuste de kilogramos por interferencia cósmica.'),(8854,362,'2025-04-26 03:12:00',35,786,0,0,93,1,'2025-04-17 03:06:00',2,'Ajuste por diferencia entre Tolva y Bins… otra vez.'),(8855,362,'2025-04-26 02:50:00',35,786,0,0,93,1,'2025-04-17 02:59:00',2,'Simulación de terremoto causó variaciones aleatorias.'),(8856,362,'2025-04-26 02:50:00',36,786,0,0,93,1,'2025-04-17 02:52:00',2,'Cambio por presión popular en la planta.'),(8857,362,'2025-04-26 02:50:00',36,794,1,0,93,1,'2025-04-17 02:45:00',2,'El sistema tuvo un arrebato y decidió cambiarlo solo.'),(8858,362,'2025-04-26 02:50:00',36,794,0,0,93,1,'2025-04-17 02:38:00',2,'Simulación de terremoto causó variaciones aleatorias.'),(8859,362,'2025-04-26 02:50:00',36,778,0,0,93,1,'2025-04-17 02:31:00',2,'El operador pestañeó y apretó el botón sin querer.'),(8860,362,'2025-04-26 02:50:00',35,778,0,0,93,1,'2025-04-17 02:24:00',2,'El sistema tuvo un arrebato y decidió cambiarlo solo.'),(8861,362,'2025-04-26 02:36:00',35,778,0,0,93,1,'2025-04-17 03:06:00',2,'El sistema tuvo un arrebato y decidió cambiarlo solo.'),(8862,363,'2025-04-20 08:18:00',36,860,1,0,94,1,'2025-04-18 09:10:00',2,'El operador pestañeó y apretó el botón sin querer.'),(8863,363,'2025-04-20 08:18:00',36,843,1,0,94,1,'2025-04-18 08:52:00',2,'El sistema tuvo un arrebato y decidió cambiarlo solo.'),(8864,363,'2025-04-20 08:41:00',35,843,0,0,94,1,'2025-04-18 08:34:00',2,'Modificación motivada por la mística del sistema.'),(8865,363,'2025-04-20 08:41:00',35,851,0,0,94,1,'2025-04-18 08:16:00',2,'Se corrigió porque parecía sospechosamente perfecto.'),(8866,363,'2025-04-20 08:21:00',36,851,0,0,94,1,'2025-04-18 07:58:00',2,'El sistema tuvo un arrebato y decidió cambiarlo solo.'),(8867,363,'2025-04-20 08:21:00',35,826,0,0,94,1,'2025-04-18 07:40:00',2,'Reajuste de kilogramos por interferencia cósmica.'),(8868,363,'2025-04-20 08:21:00',36,801,1,0,94,1,'2025-04-18 09:10:00',2,'Modificación motivada por la mística del sistema.'),(8869,364,'2025-04-21 08:03:00',36,373,1,19,94,1,'2025-04-18 08:31:00',2,'El sistema tuvo un arrebato y decidió cambiarlo solo.'),(8870,364,'2025-04-21 08:03:00',36,377,1,19,94,1,'2025-04-18 08:31:00',2,'Se corrigió porque parecía sospechosamente perfecto.'),(8871,366,'2025-04-26 08:18:00',35,498,0,0,94,1,'2025-04-18 07:55:00',2,'Ajuste por diferencia entre Tolva y Bins… otra vez.'),(8872,366,'2025-04-26 08:18:00',36,498,0,0,94,1,'2025-04-18 07:49:00',2,'Cambio por presión popular en la planta.'),(8873,366,'2025-04-26 08:37:00',36,503,0,0,94,1,'2025-04-18 07:43:00',2,'Modificación motivada por la mística del sistema.'),(8874,366,'2025-04-26 08:37:00',35,478,0,0,94,1,'2025-04-18 07:37:00',2,'El jefe dijo que lo hiciera, pero no explicó por qué.'),(8875,366,'2025-04-26 08:37:00',35,454,0,0,94,1,'2025-04-18 07:31:00',2,'Cambio por presión popular en la planta.'),(8876,366,'2025-04-26 08:37:00',35,436,0,0,94,1,'2025-04-18 07:25:00',2,'Reajuste de kilogramos por interferencia cósmica.'),(8877,366,'2025-04-26 08:37:00',35,453,0,0,94,1,'2025-04-18 07:55:00',2,'El sistema tuvo un arrebato y decidió cambiarlo solo.'),(8878,367,'2025-04-20 08:37:00',36,502,1,20,96,1,'2025-04-18 08:28:00',2,'Modificación motivada por la mística del sistema.'),(8879,367,'2025-04-20 08:37:00',36,502,1,15,96,1,'2025-04-18 08:14:00',2,'Cambio validado por la abuela experta en Tolvas.'),(8880,367,'2025-04-20 08:53:00',36,502,1,15,96,1,'2025-04-18 08:00:00',2,'El jefe dijo que lo hiciera, pero no explicó por qué.'),(8881,367,'2025-04-20 08:53:00',36,502,1,5,96,1,'2025-04-18 07:46:00',2,'El jefe dijo que lo hiciera, pero no explicó por qué.'),(8882,367,'2025-04-20 08:53:00',36,507,1,24,96,1,'2025-04-18 07:32:00',2,'El jefe dijo que lo hiciera, pero no explicó por qué.'),(8883,367,'2025-04-20 08:53:00',36,507,1,24,96,1,'2025-04-18 08:28:00',2,'El jefe dijo que lo hiciera, pero no explicó por qué.'),(8884,369,'2025-04-19 07:54:00',35,196,0,0,92,1,'2025-04-18 08:42:00',2,'El jefe dijo que lo hiciera, pero no explicó por qué.'),(8885,369,'2025-04-19 07:56:00',35,196,0,0,92,1,'2025-04-18 08:00:00',2,'Modificación motivada por la mística del sistema.'),(8886,369,'2025-04-19 08:24:00',35,196,0,0,92,1,'2025-04-18 08:42:00',2,'Cambio por presión popular en la planta.'),(8887,370,'2025-04-24 08:18:00',35,530,0,0,94,1,'2025-04-18 08:25:00',2,'Se corrigió porque parecía sospechosamente perfecto.'),(8888,371,'2025-04-25 13:24:00',35,499,0,0,95,1,'2025-04-19 13:41:00',2,'Modificación motivada por la mística del sistema.'),(8889,371,'2025-04-25 13:25:00',36,474,0,0,95,1,'2025-04-19 13:22:00',2,'El sistema tuvo un arrebato y decidió cambiarlo solo.'),(8890,371,'2025-04-25 13:25:00',35,474,0,0,95,1,'2025-04-19 13:03:00',2,'Cambio validado por la abuela experta en Tolvas.'),(8891,371,'2025-04-25 12:58:00',35,474,0,0,95,1,'2025-04-19 12:44:00',2,'El operador pestañeó y apretó el botón sin querer.'),(8892,371,'2025-04-25 13:08:00',35,488,0,0,95,1,'2025-04-19 13:41:00',2,'Simulación de terremoto causó variaciones aleatorias.'),(8893,374,'2025-04-21 18:47:00',35,428,0,0,93,1,'2025-04-20 18:06:00',2,'Se corrigió porque parecía sospechosamente perfecto.'),(8894,374,'2025-04-21 19:12:00',35,428,0,0,93,1,'2025-04-20 17:48:00',2,'Modificación motivada por la mística del sistema.'),(8895,374,'2025-04-21 19:05:00',35,437,0,0,93,1,'2025-04-20 18:06:00',2,'El jefe dijo que lo hiciera, pero no explicó por qué.'),(8896,375,'2025-04-29 18:24:00',35,127,0,0,94,1,'2025-04-20 19:25:00',2,'El jefe dijo que lo hiciera, pero no explicó por qué.'),(8897,376,'2025-04-29 23:36:00',35,1000,0,0,95,1,'2025-04-21 23:44:00',2,'El sistema tuvo un arrebato y decidió cambiarlo solo.'),(8898,377,'2025-04-28 23:36:00',35,401,0,0,91,1,'2025-04-21 23:58:00',2,'Se corrigió porque parecía sospechosamente perfecto.'),(8899,377,'2025-04-28 23:36:00',35,421,0,0,91,1,'2025-04-21 23:45:00',2,'Reajuste de kilogramos por interferencia cósmica.'),(8900,377,'2025-04-28 23:36:00',35,442,0,0,91,1,'2025-04-21 23:32:00',2,'El sistema tuvo un arrebato y decidió cambiarlo solo.'),(8901,377,'2025-04-28 23:36:00',35,455,0,0,91,1,'2025-04-21 23:19:00',2,'Ajuste por diferencia entre Tolva y Bins… otra vez.'),(8902,377,'2025-04-28 23:36:00',36,437,0,0,91,1,'2025-04-21 23:06:00',2,'Simulación de terremoto causó variaciones aleatorias.'),(8903,377,'2025-04-28 23:54:00',36,415,1,27,91,1,'2025-04-21 22:53:00',2,'Cambio validado por la abuela experta en Tolvas.'),(8904,377,'2025-04-28 23:54:00',36,415,1,2,91,1,'2025-04-21 23:58:00',2,'Simulación de terremoto causó variaciones aleatorias.'),(8905,379,'2025-04-30 23:12:00',35,499,0,0,92,1,'2025-04-21 23:23:00',2,'Ajuste por diferencia entre Tolva y Bins… otra vez.'),(8906,379,'2025-04-30 23:12:00',35,489,0,0,92,1,'2025-04-21 23:14:00',2,'Cambio validado por la abuela experta en Tolvas.'),(8907,379,'2025-04-30 23:12:00',35,465,0,0,92,1,'2025-04-21 23:05:00',2,'Reajuste de kilogramos por interferencia cósmica.'),(8908,379,'2025-04-30 23:12:00',35,451,0,0,92,1,'2025-04-21 22:56:00',2,'Cambio validado por la abuela experta en Tolvas.'),(8909,379,'2025-04-30 23:12:00',36,437,0,0,92,1,'2025-04-21 22:47:00',2,'Modificación motivada por la mística del sistema.'),(8910,379,'2025-04-30 23:12:00',36,459,0,0,92,1,'2025-04-21 23:23:00',2,'Ajuste por diferencia entre Tolva y Bins… otra vez.'),(8911,380,'2025-04-28 23:25:00',36,564,0,0,93,1,'2025-04-21 23:36:00',2,'El jefe dijo que lo hiciera, pero no explicó por qué.'),(8912,380,'2025-04-28 23:25:00',36,564,1,0,93,1,'2025-04-21 23:26:00',2,'El jefe dijo que lo hiciera, pero no explicó por qué.'),(8913,380,'2025-04-28 23:25:00',36,564,0,0,93,1,'2025-04-21 23:16:00',2,'Reajuste de kilogramos por interferencia cósmica.'),(8914,380,'2025-04-28 23:25:00',35,564,0,0,93,1,'2025-04-21 23:06:00',2,'Modificación motivada por la mística del sistema.'),(8915,380,'2025-04-28 23:25:00',35,575,0,0,93,1,'2025-04-21 22:56:00',2,'Se corrigió porque parecía sospechosamente perfecto.'),(8916,380,'2025-04-28 23:25:00',35,593,0,0,93,1,'2025-04-21 22:46:00',2,'Se corrigió porque parecía sospechosamente perfecto.'),(8917,380,'2025-04-28 23:25:00',36,593,1,0,93,1,'2025-04-21 23:36:00',2,'Cambio validado por la abuela experta en Tolvas.'),(8918,381,'2025-04-28 23:11:00',36,920,1,24,91,1,'2025-04-22 00:24:00',2,'Se corrigió porque parecía sospechosamente perfecto.'),(8919,381,'2025-04-28 23:11:00',36,893,0,0,91,1,'2025-04-22 00:11:00',2,'Cambio por presión popular en la planta.'),(8920,381,'2025-04-28 23:09:00',36,893,0,0,91,1,'2025-04-21 23:58:00',2,'Cambio validado por la abuela experta en Tolvas.'),(8921,381,'2025-04-28 23:09:00',35,893,0,0,91,1,'2025-04-21 23:45:00',2,'Cambio validado por la abuela experta en Tolvas.'),(8922,381,'2025-04-28 22:50:00',36,893,0,0,91,1,'2025-04-21 23:32:00',2,'Modificación motivada por la mística del sistema.'),(8923,381,'2025-04-28 22:50:00',35,919,0,0,91,1,'2025-04-21 23:19:00',2,'El jefe dijo que lo hiciera, pero no explicó por qué.'),(8924,381,'2025-04-28 22:50:00',36,883,0,0,91,1,'2025-04-21 23:06:00',2,'Reajuste de kilogramos por interferencia cósmica.'),(8925,381,'2025-04-28 22:40:00',36,883,1,0,91,1,'2025-04-21 22:53:00',2,'Reajuste de kilogramos por interferencia cósmica.'),(8926,381,'2025-04-28 22:40:00',35,883,0,0,91,1,'2025-04-22 00:24:00',2,'Cambio validado por la abuela experta en Tolvas.'),(8927,382,'2025-04-30 00:02:00',35,200,0,0,95,1,'2025-04-21 23:11:00',2,'Cambio por presión popular en la planta.'),(8928,382,'2025-04-30 00:02:00',35,202,0,0,95,1,'2025-04-21 23:04:00',2,'Modificación motivada por la mística del sistema.'),(8929,382,'2025-04-29 23:43:00',36,200,0,0,95,1,'2025-04-21 22:57:00',2,'El operador pestañeó y apretó el botón sin querer.'),(8930,382,'2025-04-29 23:19:00',36,200,0,0,95,1,'2025-04-21 22:50:00',2,'Reajuste de kilogramos por interferencia cósmica.'),(8931,382,'2025-04-29 23:19:00',36,204,1,0,95,1,'2025-04-21 22:43:00',2,'Cambio por presión popular en la planta.'),(8932,382,'2025-04-29 23:19:00',36,204,0,0,95,1,'2025-04-21 23:11:00',2,'El jefe dijo que lo hiciera, pero no explicó por qué.'),(8933,383,'2025-04-24 23:35:00',35,876,0,0,91,1,'2025-04-21 23:18:00',2,'Reajuste de kilogramos por interferencia cósmica.'),(8934,384,'2025-04-24 23:36:00',35,110,0,0,91,1,'2025-04-22 00:07:00',2,'Cambio validado por la abuela experta en Tolvas.'),(8935,385,'2025-05-03 04:56:00',35,385,0,0,95,1,'2025-04-23 04:48:00',2,'Reajuste de kilogramos por interferencia cósmica.'),(8936,385,'2025-05-03 04:56:00',35,393,0,0,95,1,'2025-04-23 04:26:00',2,'Reajuste de kilogramos por interferencia cósmica.'),(8937,385,'2025-05-03 05:10:00',35,393,0,0,95,1,'2025-04-23 04:04:00',2,'Cambio validado por la abuela experta en Tolvas.'),(8938,385,'2025-05-03 05:10:00',36,393,0,0,95,1,'2025-04-23 04:48:00',2,'Ajuste por diferencia entre Tolva y Bins… otra vez.'),(8939,386,'2025-04-25 05:03:00',36,553,0,0,94,1,'2025-04-23 04:21:00',2,'Se corrigió porque parecía sospechosamente perfecto.'),(8940,386,'2025-04-25 04:45:00',36,553,0,0,94,1,'2025-04-23 04:21:00',2,'Modificación motivada por la mística del sistema.'),(8941,387,'2025-04-29 09:48:00',36,945,0,0,94,1,'2025-04-24 09:51:00',2,'Cambio por presión popular en la planta.'),(8942,387,'2025-04-29 09:48:00',35,973,0,0,94,1,'2025-04-24 09:36:00',2,'Cambio por presión popular en la planta.'),(8943,387,'2025-04-29 09:48:00',35,1022,0,0,94,1,'2025-04-24 09:21:00',2,'Simulación de terremoto causó variaciones aleatorias.'),(8944,387,'2025-04-29 09:48:00',35,981,0,0,94,1,'2025-04-24 09:06:00',2,'Reajuste de kilogramos por interferencia cósmica.'),(8945,387,'2025-04-29 09:48:00',36,981,1,0,94,1,'2025-04-24 09:51:00',2,'El sistema tuvo un arrebato y decidió cambiarlo solo.'),(8946,388,'2025-05-04 09:48:00',36,449,0,0,91,1,'2025-04-24 09:30:00',2,'Cambio por presión popular en la planta.'),(8947,388,'2025-05-04 09:29:00',36,449,0,0,91,1,'2025-04-24 09:16:00',2,'Se corrigió porque parecía sospechosamente perfecto.'),(8948,388,'2025-05-04 09:29:00',35,449,0,0,91,1,'2025-04-24 09:02:00',2,'El sistema tuvo un arrebato y decidió cambiarlo solo.'),(8949,388,'2025-05-04 09:29:00',35,467,0,0,91,1,'2025-04-24 09:30:00',2,'El operador pestañeó y apretó el botón sin querer.'),(8950,389,'2025-04-26 09:48:00',35,1032,0,0,91,1,'2025-04-24 10:21:00',2,'Modificación motivada por la mística del sistema.'),(8951,389,'2025-04-26 09:44:00',35,1032,0,0,91,1,'2025-04-24 09:35:00',2,'El operador pestañeó y apretó el botón sin querer.'),(8952,389,'2025-04-26 09:44:00',35,1012,0,0,91,1,'2025-04-24 10:21:00',2,'Reajuste de kilogramos por interferencia cósmica.'),(8953,390,'2025-05-04 09:48:00',35,866,0,0,96,1,'2025-04-24 09:47:00',2,'Reajuste de kilogramos por interferencia cósmica.'),(8954,390,'2025-05-04 09:48:00',35,901,0,0,96,1,'2025-04-24 09:18:00',2,'El jefe dijo que lo hiciera, pero no explicó por qué.'),(8955,390,'2025-05-04 09:57:00',35,901,0,0,96,1,'2025-04-24 09:47:00',2,'Se corrigió porque parecía sospechosamente perfecto.'),(8956,391,'2025-05-03 09:48:00',35,426,0,0,91,1,'2025-04-24 09:19:00',2,'Cambio validado por la abuela experta en Tolvas.'),(8957,391,'2025-05-03 09:48:00',35,422,0,0,91,1,'2025-04-24 09:04:00',2,'El operador pestañeó y apretó el botón sin querer.'),(8958,391,'2025-05-03 10:18:00',35,422,0,0,91,1,'2025-04-24 09:19:00',2,'Modificación motivada por la mística del sistema.'),(8959,392,'2025-04-28 09:31:00',35,328,0,0,92,1,'2025-04-24 09:21:00',2,'Simulación de terremoto causó variaciones aleatorias.'),(8960,394,'2025-05-05 14:54:00',36,327,0,0,95,1,'2025-04-25 15:36:00',2,'Ajuste por diferencia entre Tolva y Bins… otra vez.'),(8961,394,'2025-05-05 14:54:00',35,327,0,0,95,1,'2025-04-25 15:16:00',2,'Cambio por presión popular en la planta.'),(8962,394,'2025-05-05 14:54:00',36,327,0,0,95,1,'2025-04-25 14:56:00',2,'Simulación de terremoto causó variaciones aleatorias.'),(8963,394,'2025-05-05 14:54:00',36,327,1,3,95,1,'2025-04-25 14:36:00',2,'El sistema tuvo un arrebato y decidió cambiarlo solo.'),(8964,394,'2025-05-05 14:54:00',35,340,0,0,95,1,'2025-04-25 14:16:00',2,'El jefe dijo que lo hiciera, pero no explicó por qué.'),(8965,394,'2025-05-05 15:20:00',35,340,0,0,95,1,'2025-04-25 15:36:00',2,'El operador pestañeó y apretó el botón sin querer.'),(8966,395,'2025-04-28 14:54:00',36,103,0,0,92,1,'2025-04-25 15:07:00',2,'El operador pestañeó y apretó el botón sin querer.'),(8967,395,'2025-04-28 14:54:00',36,103,1,0,92,1,'2025-04-25 14:49:00',2,'Cambio validado por la abuela experta en Tolvas.'),(8968,395,'2025-04-28 14:54:00',35,107,0,0,92,1,'2025-04-25 14:31:00',2,'Modificación motivada por la mística del sistema.'),(8969,395,'2025-04-28 14:53:00',35,107,0,0,92,1,'2025-04-25 14:13:00',2,'El operador pestañeó y apretó el botón sin querer.'),(8970,395,'2025-04-28 14:53:00',36,107,0,0,92,1,'2025-04-25 15:07:00',2,'Simulación de terremoto causó variaciones aleatorias.'),(8971,396,'2025-05-03 15:20:00',36,235,0,0,92,1,'2025-04-25 15:19:00',2,'Se corrigió porque parecía sospechosamente perfecto.'),(8972,397,'2025-05-04 14:54:00',35,423,0,0,91,1,'2025-04-25 14:30:00',2,'Ajuste por diferencia entre Tolva y Bins… otra vez.'),(8973,397,'2025-05-04 14:54:00',35,431,0,0,91,1,'2025-04-25 14:21:00',2,'Modificación motivada por la mística del sistema.'),(8974,397,'2025-05-04 14:54:00',36,427,0,0,91,1,'2025-04-25 14:12:00',2,'Reajuste de kilogramos por interferencia cósmica.'),(8975,397,'2025-05-04 14:54:00',36,436,0,0,91,1,'2025-04-25 14:03:00',2,'Cambio por presión popular en la planta.'),(8976,397,'2025-05-04 14:54:00',36,436,1,0,91,1,'2025-04-25 14:30:00',2,'Ajuste por diferencia entre Tolva y Bins… otra vez.'),(8977,398,'2025-05-03 14:54:00',35,776,0,0,91,1,'2025-04-25 14:39:00',2,'Reajuste de kilogramos por interferencia cósmica.'),(8978,398,'2025-05-03 14:54:00',35,792,0,0,91,1,'2025-04-25 14:34:00',2,'El operador pestañeó y apretó el botón sin querer.'),(8979,398,'2025-05-03 14:54:00',35,792,0,0,91,1,'2025-04-25 14:29:00',2,'Reajuste de kilogramos por interferencia cósmica.'),(8980,398,'2025-05-03 14:54:00',36,792,1,9,91,1,'2025-04-25 14:24:00',2,'Modificación motivada por la mística del sistema.'),(8981,398,'2025-05-03 14:29:00',36,792,1,9,91,1,'2025-04-25 14:19:00',2,'Cambio por presión popular en la planta.'),(8982,398,'2025-05-03 14:29:00',35,792,0,0,91,1,'2025-04-25 14:14:00',2,'Se corrigió porque parecía sospechosamente perfecto.'),(8983,398,'2025-05-03 14:29:00',35,799,0,0,91,1,'2025-04-25 14:09:00',2,'El jefe dijo que lo hiciera, pero no explicó por qué.'),(8984,398,'2025-05-03 14:29:00',35,799,0,0,91,1,'2025-04-25 14:04:00',2,'Cambio por presión popular en la planta.'),(8985,398,'2025-05-03 14:03:00',35,799,0,0,91,1,'2025-04-25 14:39:00',2,'Se corrigió porque parecía sospechosamente perfecto.'),(8986,399,'2025-05-02 15:18:00',35,802,0,0,93,1,'2025-04-25 14:48:00',2,'Se corrigió porque parecía sospechosamente perfecto.'),(8987,399,'2025-05-02 15:44:00',36,802,0,0,93,1,'2025-04-25 14:42:00',2,'Simulación de terremoto causó variaciones aleatorias.'),(8988,399,'2025-05-02 15:21:00',36,802,1,0,93,1,'2025-04-25 14:36:00',2,'Reajuste de kilogramos por interferencia cósmica.'),(8989,399,'2025-05-02 15:05:00',36,802,1,22,93,1,'2025-04-25 14:30:00',2,'Ajuste por diferencia entre Tolva y Bins… otra vez.'),(8990,399,'2025-05-02 15:05:00',35,802,0,0,93,1,'2025-04-25 14:24:00',2,'Se corrigió porque parecía sospechosamente perfecto.'),(8991,399,'2025-05-02 15:05:00',35,786,0,0,93,1,'2025-04-25 14:18:00',2,'El sistema tuvo un arrebato y decidió cambiarlo solo.'),(8992,399,'2025-05-02 15:14:00',35,786,0,0,93,1,'2025-04-25 14:12:00',2,'Cambio validado por la abuela experta en Tolvas.'),(8993,399,'2025-05-02 15:14:00',35,762,0,0,93,1,'2025-04-25 14:06:00',2,'Modificación motivada por la mística del sistema.'),(8994,399,'2025-05-02 15:14:00',36,762,0,0,93,1,'2025-04-25 14:48:00',2,'Modificación motivada por la mística del sistema.'),(8995,400,'2025-05-01 20:00:00',35,842,0,0,93,1,'2025-04-26 20:30:00',2,'El operador pestañeó y apretó el botón sin querer.'),(8996,400,'2025-05-01 19:45:00',35,842,0,0,93,1,'2025-04-26 20:00:00',2,'Cambio por presión popular en la planta.'),(8997,400,'2025-05-01 19:18:00',35,842,0,0,93,1,'2025-04-26 19:30:00',2,'El jefe dijo que lo hiciera, pero no explicó por qué.'),(8998,400,'2025-05-01 19:18:00',36,859,0,0,93,1,'2025-04-26 20:30:00',2,'Modificación motivada por la mística del sistema.'),(8999,402,'2025-05-03 19:34:00',36,416,0,0,95,1,'2025-04-26 20:24:00',2,'Ajuste por diferencia entre Tolva y Bins… otra vez.'),(9000,402,'2025-05-03 19:34:00',36,433,0,0,95,1,'2025-04-26 20:08:00',2,'Modificación motivada por la mística del sistema.'),(9001,402,'2025-05-03 19:55:00',36,433,0,0,95,1,'2025-04-26 19:52:00',2,'Modificación motivada por la mística del sistema.'),(9002,402,'2025-05-03 19:55:00',36,415,0,0,95,1,'2025-04-26 19:36:00',2,'Reajuste de kilogramos por interferencia cósmica.'),(9003,402,'2025-05-03 19:55:00',35,415,0,0,95,1,'2025-04-26 19:20:00',2,'Cambio validado por la abuela experta en Tolvas.'),(9004,402,'2025-05-03 19:55:00',36,419,0,0,95,1,'2025-04-26 20:24:00',2,'Ajuste por diferencia entre Tolva y Bins… otra vez.'),(9005,403,'2025-05-05 19:35:00',35,904,0,0,96,1,'2025-04-26 20:52:00',2,'Modificación motivada por la mística del sistema.'),(9006,403,'2025-05-05 19:35:00',36,904,1,0,96,1,'2025-04-26 20:38:00',2,'Cambio por presión popular en la planta.'),(9007,403,'2025-05-05 19:35:00',35,904,0,0,96,1,'2025-04-26 20:24:00',2,'Cambio validado por la abuela experta en Tolvas.'),(9008,403,'2025-05-05 19:12:00',35,904,0,0,96,1,'2025-04-26 20:10:00',2,'Ajuste por diferencia entre Tolva y Bins… otra vez.'),(9009,403,'2025-05-05 19:21:00',35,904,0,0,96,1,'2025-04-26 19:56:00',2,'Ajuste por diferencia entre Tolva y Bins… otra vez.'),(9010,403,'2025-05-05 19:21:00',36,940,0,0,96,1,'2025-04-26 19:42:00',2,'Simulación de terremoto causó variaciones aleatorias.'),(9011,403,'2025-05-05 19:21:00',36,940,1,0,96,1,'2025-04-26 19:28:00',2,'Cambio validado por la abuela experta en Tolvas.'),(9012,403,'2025-05-05 19:21:00',36,959,1,22,96,1,'2025-04-26 19:14:00',2,'Simulación de terremoto causó variaciones aleatorias.'),(9013,403,'2025-05-05 18:57:00',36,959,1,22,96,1,'2025-04-26 20:52:00',2,'El operador pestañeó y apretó el botón sin querer.'),(9014,404,'2025-05-01 19:31:00',35,784,0,0,91,1,'2025-04-26 20:01:00',2,'Reajuste de kilogramos por interferencia cósmica.'),(9015,404,'2025-05-01 19:31:00',35,800,0,0,91,1,'2025-04-26 19:54:00',2,'El operador pestañeó y apretó el botón sin querer.'),(9016,404,'2025-05-01 19:31:00',36,800,0,0,91,1,'2025-04-26 19:47:00',2,'Cambio validado por la abuela experta en Tolvas.'),(9017,404,'2025-05-01 19:31:00',35,800,0,0,91,1,'2025-04-26 19:40:00',2,'Modificación motivada por la mística del sistema.'),(9018,404,'2025-05-01 19:31:00',35,816,0,0,91,1,'2025-04-26 19:33:00',2,'Reajuste de kilogramos por interferencia cósmica.'),(9019,404,'2025-05-01 19:46:00',36,816,0,0,91,1,'2025-04-26 19:26:00',2,'Ajuste por diferencia entre Tolva y Bins… otra vez.'),(9020,404,'2025-05-01 19:46:00',36,783,1,0,91,1,'2025-04-26 19:19:00',2,'El operador pestañeó y apretó el botón sin querer.'),(9021,404,'2025-05-01 19:46:00',35,783,0,0,91,1,'2025-04-26 19:12:00',2,'Ajuste por diferencia entre Tolva y Bins… otra vez.'),(9022,404,'2025-05-01 19:42:00',36,783,0,0,91,1,'2025-04-26 20:01:00',2,'El jefe dijo que lo hiciera, pero no explicó por qué.'),(9023,405,'2025-04-30 20:00:00',36,585,1,0,91,1,'2025-04-26 20:01:00',2,'Reajuste de kilogramos por interferencia cósmica.'),(9024,405,'2025-04-30 20:00:00',36,585,0,0,91,1,'2025-04-26 19:53:00',2,'Ajuste por diferencia entre Tolva y Bins… otra vez.'),(9025,405,'2025-04-30 20:00:00',36,585,1,26,91,1,'2025-04-26 19:45:00',2,'El jefe dijo que lo hiciera, pero no explicó por qué.'),(9026,405,'2025-04-30 20:00:00',36,585,0,0,91,1,'2025-04-26 19:37:00',2,'Se corrigió porque parecía sospechosamente perfecto.'),(9027,405,'2025-04-30 20:00:00',36,614,0,0,91,1,'2025-04-26 19:29:00',2,'El operador pestañeó y apretó el botón sin querer.'),(9028,405,'2025-04-30 20:03:00',36,614,1,7,91,1,'2025-04-26 19:21:00',2,'Cambio validado por la abuela experta en Tolvas.'),(9029,405,'2025-04-30 20:03:00',36,633,1,20,91,1,'2025-04-26 19:13:00',2,'Modificación motivada por la mística del sistema.'),(9030,405,'2025-04-30 19:43:00',36,633,1,20,91,1,'2025-04-26 20:01:00',2,'El operador pestañeó y apretó el botón sin querer.'),(9031,406,'2025-04-28 20:00:00',36,723,0,0,96,1,'2025-04-26 20:07:00',2,'Reajuste de kilogramos por interferencia cósmica.'),(9032,407,'2025-05-05 19:36:00',36,359,1,14,93,1,'2025-04-26 20:21:00',2,'Ajuste por diferencia entre Tolva y Bins… otra vez.'),(9033,407,'2025-05-05 19:36:00',36,377,1,14,93,1,'2025-04-26 20:08:00',2,'El sistema tuvo un arrebato y decidió cambiarlo solo.'),(9034,407,'2025-05-05 19:36:00',36,377,0,0,93,1,'2025-04-26 19:55:00',2,'El sistema tuvo un arrebato y decidió cambiarlo solo.'),(9035,407,'2025-05-05 19:45:00',36,377,0,0,93,1,'2025-04-26 19:42:00',2,'Cambio validado por la abuela experta en Tolvas.'),(9036,407,'2025-05-05 19:39:00',36,377,1,0,93,1,'2025-04-26 19:29:00',2,'Ajuste por diferencia entre Tolva y Bins… otra vez.'),(9037,407,'2025-05-05 19:39:00',36,373,1,0,93,1,'2025-04-26 19:16:00',2,'El jefe dijo que lo hiciera, pero no explicó por qué.'),(9038,407,'2025-05-05 19:10:00',35,358,0,0,93,1,'2025-04-26 20:21:00',2,'Modificación motivada por la mística del sistema.'),(9039,408,'2025-04-29 20:00:00',35,403,0,0,94,1,'2025-04-26 20:15:00',2,'Cambio por presión popular en la planta.'),(9040,408,'2025-04-29 20:10:00',35,403,0,0,94,1,'2025-04-26 20:00:00',2,'El sistema tuvo un arrebato y decidió cambiarlo solo.'),(9041,408,'2025-04-29 20:10:00',36,395,1,0,94,1,'2025-04-26 19:45:00',2,'El operador pestañeó y apretó el botón sin querer.'),(9042,408,'2025-04-29 20:10:00',35,395,0,0,94,1,'2025-04-26 19:30:00',2,'Reajuste de kilogramos por interferencia cósmica.'),(9043,408,'2025-04-29 20:10:00',35,387,0,0,94,1,'2025-04-26 19:15:00',2,'El jefe dijo que lo hiciera, pero no explicó por qué.'),(9044,408,'2025-04-29 20:10:00',35,399,0,0,94,1,'2025-04-26 20:15:00',2,'Simulación de terremoto causó variaciones aleatorias.'),(9045,409,'2025-05-02 01:06:00',36,480,1,0,92,1,'2025-04-28 02:05:00',2,'Se corrigió porque parecía sospechosamente perfecto.'),(9046,409,'2025-05-02 01:06:00',36,480,0,0,92,1,'2025-04-28 02:05:00',2,'Cambio por presión popular en la planta.'),(9047,410,'2025-05-03 01:06:00',35,361,0,0,95,1,'2025-04-28 00:39:00',2,'El jefe dijo que lo hiciera, pero no explicó por qué.'),(9048,410,'2025-05-03 01:06:00',36,365,0,0,95,1,'2025-04-28 00:31:00',2,'Ajuste por diferencia entre Tolva y Bins… otra vez.'),(9049,410,'2025-05-03 01:09:00',36,365,1,0,95,1,'2025-04-28 00:23:00',2,'El sistema tuvo un arrebato y decidió cambiarlo solo.'),(9050,410,'2025-05-03 01:09:00',36,361,1,0,95,1,'2025-04-28 00:15:00',2,'El jefe dijo que lo hiciera, pero no explicó por qué.'),(9051,410,'2025-05-03 01:38:00',36,361,0,0,95,1,'2025-04-28 00:39:00',2,'Simulación de terremoto causó variaciones aleatorias.'),(9052,411,'2025-05-03 01:11:00',36,738,0,0,93,1,'2025-04-28 00:54:00',2,'Cambio validado por la abuela experta en Tolvas.'),(9053,411,'2025-05-03 01:11:00',36,760,1,0,93,1,'2025-04-28 00:46:00',2,'Cambio por presión popular en la planta.'),(9054,411,'2025-05-03 01:11:00',36,798,1,0,93,1,'2025-04-28 00:38:00',2,'Modificación motivada por la mística del sistema.'),(9055,411,'2025-05-03 01:11:00',36,806,0,0,93,1,'2025-04-28 00:30:00',2,'El sistema tuvo un arrebato y decidió cambiarlo solo.'),(9056,411,'2025-05-03 01:11:00',36,846,0,0,93,1,'2025-04-28 00:22:00',2,'El jefe dijo que lo hiciera, pero no explicó por qué.'),(9057,411,'2025-05-03 01:11:00',36,846,1,0,93,1,'2025-04-28 00:14:00',2,'Se corrigió porque parecía sospechosamente perfecto.'),(9058,411,'2025-05-03 01:33:00',35,880,0,0,93,1,'2025-04-28 00:54:00',2,'Ajuste por diferencia entre Tolva y Bins… otra vez.'),(9059,412,'2025-04-29 01:16:00',35,838,0,0,94,1,'2025-04-28 01:02:00',2,'Reajuste de kilogramos por interferencia cósmica.'),(9060,412,'2025-04-29 01:41:00',35,838,0,0,94,1,'2025-04-28 00:44:00',2,'El sistema tuvo un arrebato y decidió cambiarlo solo.'),(9061,412,'2025-04-29 01:41:00',35,838,0,0,94,1,'2025-04-28 00:26:00',2,'Se corrigió porque parecía sospechosamente perfecto.'),(9062,412,'2025-04-29 02:01:00',35,838,0,0,94,1,'2025-04-28 01:02:00',2,'Modificación motivada por la mística del sistema.'),(9063,413,'2025-05-02 01:06:00',36,328,1,0,92,1,'2025-04-28 01:00:00',2,'Se corrigió porque parecía sospechosamente perfecto.'),(9064,413,'2025-05-02 01:09:00',36,328,1,0,92,1,'2025-04-28 00:47:00',2,'Cambio validado por la abuela experta en Tolvas.'),(9065,413,'2025-05-02 01:09:00',36,328,0,0,92,1,'2025-04-28 00:34:00',2,'Modificación motivada por la mística del sistema.'),(9066,413,'2025-05-02 01:09:00',36,328,0,0,92,1,'2025-04-28 00:21:00',2,'Cambio validado por la abuela experta en Tolvas.'),(9067,413,'2025-05-02 00:39:00',36,334,1,23,92,1,'2025-04-28 01:00:00',2,'Reajuste de kilogramos por interferencia cósmica.'),(9068,414,'2025-05-07 01:06:00',35,930,0,0,91,1,'2025-04-28 00:43:00',2,'Ajuste por diferencia entre Tolva y Bins… otra vez.'),(9069,414,'2025-05-07 00:50:00',36,930,0,0,91,1,'2025-04-28 00:43:00',2,'Modificación motivada por la mística del sistema.'),(9070,415,'2025-05-04 01:06:00',36,197,1,0,92,1,'2025-04-28 00:38:00',2,'Se corrigió porque parecía sospechosamente perfecto.'),(9071,415,'2025-05-04 00:43:00',35,197,0,0,92,1,'2025-04-28 00:28:00',2,'Se corrigió porque parecía sospechosamente perfecto.'),(9072,415,'2025-05-04 00:43:00',35,189,0,0,92,1,'2025-04-28 00:18:00',2,'El sistema tuvo un arrebato y decidió cambiarlo solo.'),(9073,415,'2025-05-04 00:46:00',36,189,0,0,92,1,'2025-04-28 00:38:00',2,'Ajuste por diferencia entre Tolva y Bins… otra vez.'),(9074,416,'2025-05-07 01:31:00',36,279,0,0,94,1,'2025-04-28 01:21:00',2,'Se corrigió porque parecía sospechosamente perfecto.'),(9075,416,'2025-05-07 01:31:00',36,290,1,7,94,1,'2025-04-28 00:56:00',2,'Cambio por presión popular en la planta.'),(9076,416,'2025-05-07 01:31:00',35,290,0,0,94,1,'2025-04-28 00:31:00',2,'Reajuste de kilogramos por interferencia cósmica.'),(9077,416,'2025-05-07 01:31:00',35,284,0,0,94,1,'2025-04-28 01:21:00',2,'Modificación motivada por la mística del sistema.'),(9078,417,'2025-04-29 01:34:00',36,881,0,0,95,1,'2025-04-28 00:42:00',2,'Simulación de terremoto causó variaciones aleatorias.'),(9079,417,'2025-04-29 01:34:00',36,881,1,0,95,1,'2025-04-28 00:37:00',2,'El operador pestañeó y apretó el botón sin querer.'),(9080,417,'2025-04-29 01:34:00',35,837,0,0,95,1,'2025-04-28 00:32:00',2,'Cambio por presión popular en la planta.'),(9081,417,'2025-04-29 01:34:00',36,837,0,0,95,1,'2025-04-28 00:27:00',2,'Modificación motivada por la mística del sistema.'),(9082,417,'2025-04-29 01:34:00',35,837,0,0,95,1,'2025-04-28 00:22:00',2,'Cambio por presión popular en la planta.'),(9083,417,'2025-04-29 01:34:00',35,879,0,0,95,1,'2025-04-28 00:17:00',2,'El jefe dijo que lo hiciera, pero no explicó por qué.'),(9084,417,'2025-04-29 01:34:00',36,879,0,0,95,1,'2025-04-28 00:12:00',2,'Se corrigió porque parecía sospechosamente perfecto.'),(9085,417,'2025-04-29 01:48:00',36,879,0,0,95,1,'2025-04-28 00:42:00',2,'Ajuste por diferencia entre Tolva y Bins… otra vez.'),(9086,419,'2025-04-30 06:12:00',36,416,0,0,92,1,'2025-04-29 07:08:00',2,'El sistema tuvo un arrebato y decidió cambiarlo solo.'),(9087,419,'2025-04-30 06:12:00',35,416,0,0,92,1,'2025-04-29 06:45:00',2,'El sistema tuvo un arrebato y decidió cambiarlo solo.'),(9088,419,'2025-04-30 06:12:00',36,416,0,0,92,1,'2025-04-29 06:22:00',2,'Modificación motivada por la mística del sistema.'),(9089,419,'2025-04-30 05:57:00',36,408,0,0,92,1,'2025-04-29 05:59:00',2,'El sistema tuvo un arrebato y decidió cambiarlo solo.'),(9090,419,'2025-04-30 05:57:00',35,408,0,0,92,1,'2025-04-29 05:36:00',2,'Cambio validado por la abuela experta en Tolvas.'),(9091,419,'2025-04-30 05:47:00',35,408,0,0,92,1,'2025-04-29 07:08:00',2,'Cambio por presión popular en la planta.'),(9092,420,'2025-05-03 11:18:00',36,211,1,0,91,1,'2025-04-30 11:00:00',2,'Modificación motivada por la mística del sistema.'),(9093,422,'2025-05-05 11:18:00',36,612,1,8,91,1,'2025-04-30 11:14:00',2,'Cambio validado por la abuela experta en Tolvas.'),(9094,422,'2025-05-05 11:33:00',36,612,1,8,91,1,'2025-04-30 11:07:00',2,'Ajuste por diferencia entre Tolva y Bins… otra vez.'),(9095,422,'2025-05-05 11:31:00',36,612,1,8,91,1,'2025-04-30 11:00:00',2,'El sistema tuvo un arrebato y decidió cambiarlo solo.'),(9096,422,'2025-05-05 11:09:00',36,612,1,8,91,1,'2025-04-30 10:53:00',2,'Ajuste por diferencia entre Tolva y Bins… otra vez.'),(9097,422,'2025-05-05 11:20:00',36,612,1,8,91,1,'2025-04-30 10:46:00',2,'Reajuste de kilogramos por interferencia cósmica.'),(9098,422,'2025-05-05 11:20:00',36,612,1,23,91,1,'2025-04-30 10:39:00',2,'Reajuste de kilogramos por interferencia cósmica.'),(9099,422,'2025-05-05 11:20:00',36,606,1,23,91,1,'2025-04-30 10:32:00',2,'Se corrigió porque parecía sospechosamente perfecto.'),(9100,422,'2025-05-05 11:20:00',36,606,0,0,91,1,'2025-04-30 10:25:00',2,'El operador pestañeó y apretó el botón sin querer.'),(9101,422,'2025-05-05 11:20:00',36,612,1,0,91,1,'2025-04-30 11:14:00',2,'Modificación motivada por la mística del sistema.'),(9102,423,'2025-05-06 16:00:00',35,505,0,0,94,1,'2025-05-01 16:46:00',2,'Modificación motivada por la mística del sistema.'),(9103,423,'2025-05-06 16:28:00',35,510,0,0,94,1,'2025-05-01 16:19:00',2,'Simulación de terremoto causó variaciones aleatorias.'),(9104,423,'2025-05-06 16:28:00',36,510,0,0,94,1,'2025-05-01 15:52:00',2,'Reajuste de kilogramos por interferencia cósmica.'),(9105,423,'2025-05-06 16:50:00',36,510,0,0,94,1,'2025-05-01 16:46:00',2,'Se corrigió porque parecía sospechosamente perfecto.'),(9106,424,'2025-05-02 16:24:00',36,472,0,0,94,1,'2025-05-01 16:07:00',2,'Cambio por presión popular en la planta.'),(9107,424,'2025-05-02 16:42:00',36,472,1,0,94,1,'2025-05-01 16:00:00',2,'Se corrigió porque parecía sospechosamente perfecto.'),(9108,424,'2025-05-02 16:19:00',36,472,1,0,94,1,'2025-05-01 15:53:00',2,'El jefe dijo que lo hiciera, pero no explicó por qué.'),(9109,424,'2025-05-02 16:19:00',36,472,1,0,94,1,'2025-05-01 15:46:00',2,'El operador pestañeó y apretó el botón sin querer.'),(9110,424,'2025-05-02 16:19:00',36,453,1,0,94,1,'2025-05-01 15:39:00',2,'El operador pestañeó y apretó el botón sin querer.'),(9111,424,'2025-05-02 16:19:00',35,431,0,0,94,1,'2025-05-01 15:32:00',2,'El sistema tuvo un arrebato y decidió cambiarlo solo.'),(9112,424,'2025-05-02 16:19:00',36,444,0,0,94,1,'2025-05-01 16:07:00',2,'Se corrigió porque parecía sospechosamente perfecto.'),(9113,427,'2025-05-04 16:25:00',35,650,0,0,95,1,'2025-05-01 17:24:00',2,'Se corrigió porque parecía sospechosamente perfecto.'),(9114,427,'2025-05-04 16:44:00',35,618,0,0,95,1,'2025-05-01 17:24:00',2,'El sistema tuvo un arrebato y decidió cambiarlo solo.'),(9115,428,'2025-05-10 21:30:00',35,679,0,0,91,1,'2025-05-02 22:02:00',2,'Ajuste por diferencia entre Tolva y Bins… otra vez.'),(9116,428,'2025-05-10 21:21:00',36,679,0,0,91,1,'2025-05-02 21:44:00',2,'Se corrigió porque parecía sospechosamente perfecto.'),(9117,428,'2025-05-10 21:21:00',36,679,1,0,91,1,'2025-05-02 21:26:00',2,'Simulación de terremoto causó variaciones aleatorias.'),(9118,428,'2025-05-10 21:21:00',36,693,1,12,91,1,'2025-05-02 21:08:00',2,'El operador pestañeó y apretó el botón sin querer.'),(9119,428,'2025-05-10 21:21:00',35,693,0,0,91,1,'2025-05-02 20:50:00',2,'Cambio por presión popular en la planta.'),(9120,428,'2025-05-10 21:02:00',35,693,0,0,91,1,'2025-05-02 22:02:00',2,'Modificación motivada por la mística del sistema.'),(9121,430,'2025-05-08 21:30:00',36,643,0,0,95,1,'2025-05-02 21:49:00',2,'Cambio por presión popular en la planta.'),(9122,430,'2025-05-08 21:30:00',36,643,1,0,95,1,'2025-05-02 21:23:00',2,'Cambio validado por la abuela experta en Tolvas.'),(9123,430,'2025-05-08 21:45:00',36,643,1,0,95,1,'2025-05-02 20:57:00',2,'El jefe dijo que lo hiciera, pero no explicó por qué.'),(9124,430,'2025-05-08 21:45:00',36,643,1,9,95,1,'2025-05-02 21:49:00',2,'Modificación motivada por la mística del sistema.'),(9125,431,'2025-05-11 21:30:00',35,827,0,0,94,1,'2025-05-02 21:08:00',2,'Cambio validado por la abuela experta en Tolvas.'),(9126,431,'2025-05-11 22:00:00',35,827,0,0,94,1,'2025-05-02 21:01:00',2,'Modificación motivada por la mística del sistema.'),(9127,431,'2025-05-11 21:56:00',35,802,0,0,94,1,'2025-05-02 20:54:00',2,'Reajuste de kilogramos por interferencia cósmica.'),(9128,431,'2025-05-11 21:56:00',36,802,0,0,94,1,'2025-05-02 20:47:00',2,'Modificación motivada por la mística del sistema.'),(9129,431,'2025-05-11 21:56:00',35,802,0,0,94,1,'2025-05-02 20:40:00',2,'Ajuste por diferencia entre Tolva y Bins… otra vez.'),(9130,431,'2025-05-11 21:56:00',36,802,0,0,94,1,'2025-05-02 21:08:00',2,'Ajuste por diferencia entre Tolva y Bins… otra vez.'),(9131,433,'2025-05-12 21:56:00',36,133,1,9,92,1,'2025-05-02 21:43:00',2,'El operador pestañeó y apretó el botón sin querer.'),(9132,435,'2025-05-03 21:30:00',35,760,0,0,94,1,'2025-05-02 21:23:00',2,'Cambio por presión popular en la planta.'),(9133,435,'2025-05-03 21:13:00',35,760,0,0,94,1,'2025-05-02 21:16:00',2,'Modificación motivada por la mística del sistema.'),(9134,435,'2025-05-03 21:13:00',35,783,0,0,94,1,'2025-05-02 21:09:00',2,'El operador pestañeó y apretó el botón sin querer.'),(9135,435,'2025-05-03 21:13:00',36,783,0,0,94,1,'2025-05-02 21:02:00',2,'El operador pestañeó y apretó el botón sin querer.'),(9136,435,'2025-05-03 21:13:00',35,767,0,0,94,1,'2025-05-02 20:55:00',2,'Cambio validado por la abuela experta en Tolvas.'),(9137,435,'2025-05-03 21:28:00',35,775,0,0,94,1,'2025-05-02 20:48:00',2,'Reajuste de kilogramos por interferencia cósmica.'),(9138,435,'2025-05-03 21:28:00',35,767,0,0,94,1,'2025-05-02 20:41:00',2,'El operador pestañeó y apretó el botón sin querer.'),(9139,435,'2025-05-03 21:36:00',35,767,0,0,94,1,'2025-05-02 21:23:00',2,'Reajuste de kilogramos por interferencia cósmica.'),(9140,436,'2025-05-04 21:07:00',36,220,1,14,95,1,'2025-05-02 22:21:00',2,'Ajuste por diferencia entre Tolva y Bins… otra vez.'),(9141,436,'2025-05-04 21:07:00',35,220,0,0,95,1,'2025-05-02 21:26:00',2,'El sistema tuvo un arrebato y decidió cambiarlo solo.'),(9142,436,'2025-05-04 21:07:00',35,231,0,0,95,1,'2025-05-02 22:21:00',2,'El operador pestañeó y apretó el botón sin querer.'),(9143,437,'2025-05-14 02:36:00',36,963,1,0,92,1,'2025-05-04 02:37:00',2,'Cambio validado por la abuela experta en Tolvas.'),(9144,437,'2025-05-14 03:06:00',36,963,0,0,92,1,'2025-05-04 02:17:00',2,'Modificación motivada por la mística del sistema.'),(9145,437,'2025-05-14 03:06:00',36,963,1,26,92,1,'2025-05-04 01:57:00',2,'Simulación de terremoto causó variaciones aleatorias.'),(9146,437,'2025-05-14 03:06:00',36,963,1,14,92,1,'2025-05-04 02:37:00',2,'El jefe dijo que lo hiciera, pero no explicó por qué.'),(9147,438,'2025-05-14 02:36:00',36,882,0,0,95,1,'2025-05-04 02:12:00',2,'Modificación motivada por la mística del sistema.'),(9148,438,'2025-05-14 02:20:00',35,909,0,0,95,1,'2025-05-04 01:54:00',2,'Simulación de terremoto causó variaciones aleatorias.'),(9149,438,'2025-05-14 02:20:00',35,909,0,0,95,1,'2025-05-04 02:12:00',2,'Reajuste de kilogramos por interferencia cósmica.'),(9150,439,'2025-05-13 02:36:00',36,584,0,0,95,1,'2025-05-04 03:04:00',2,'Se corrigió porque parecía sospechosamente perfecto.'),(9151,440,'2025-05-06 02:36:00',35,826,0,0,93,1,'2025-05-04 02:21:00',2,'Se corrigió porque parecía sospechosamente perfecto.'),(9152,440,'2025-05-06 03:06:00',35,826,0,0,93,1,'2025-05-04 02:06:00',2,'Cambio por presión popular en la planta.'),(9153,440,'2025-05-06 03:10:00',36,826,1,0,93,1,'2025-05-04 01:51:00',2,'El jefe dijo que lo hiciera, pero no explicó por qué.'),(9154,440,'2025-05-06 03:10:00',36,826,0,0,93,1,'2025-05-04 02:21:00',2,'Cambio validado por la abuela experta en Tolvas.'),(9155,441,'2025-05-10 02:36:00',36,414,1,0,91,1,'2025-05-04 02:20:00',2,'El sistema tuvo un arrebato y decidió cambiarlo solo.'),(9156,441,'2025-05-10 02:36:00',36,414,1,29,91,1,'2025-05-04 02:06:00',2,'Simulación de terremoto causó variaciones aleatorias.'),(9157,441,'2025-05-10 02:36:00',36,414,1,7,91,1,'2025-05-04 01:52:00',2,'Modificación motivada por la mística del sistema.'),(9158,441,'2025-05-10 02:44:00',36,414,0,0,91,1,'2025-05-04 02:20:00',2,'Simulación de terremoto causó variaciones aleatorias.'),(9159,442,'2025-05-12 02:36:00',36,662,1,16,94,1,'2025-05-04 02:35:00',2,'Reajuste de kilogramos por interferencia cósmica.'),(9160,443,'2025-05-14 02:36:00',36,114,1,0,92,1,'2025-05-04 02:23:00',2,'Reajuste de kilogramos por interferencia cósmica.'),(9161,444,'2025-05-10 07:42:00',36,666,0,0,91,1,'2025-05-05 08:41:00',2,'El operador pestañeó y apretó el botón sin querer.'),(9162,444,'2025-05-10 07:42:00',36,659,0,0,91,1,'2025-05-05 08:24:00',2,'Reajuste de kilogramos por interferencia cósmica.'),(9163,444,'2025-05-10 07:42:00',35,659,0,0,91,1,'2025-05-05 08:07:00',2,'Simulación de terremoto causó variaciones aleatorias.'),(9164,444,'2025-05-10 07:42:00',36,659,0,0,91,1,'2025-05-05 07:50:00',2,'Ajuste por diferencia entre Tolva y Bins… otra vez.'),(9165,444,'2025-05-10 07:42:00',36,659,1,0,91,1,'2025-05-05 07:33:00',2,'Se corrigió porque parecía sospechosamente perfecto.'),(9166,444,'2025-05-10 07:42:00',35,659,0,0,91,1,'2025-05-05 07:16:00',2,'Modificación motivada por la mística del sistema.'),(9167,444,'2025-05-10 07:42:00',36,659,0,0,91,1,'2025-05-05 06:59:00',2,'Se corrigió porque parecía sospechosamente perfecto.'),(9168,444,'2025-05-10 07:42:00',36,633,0,0,91,1,'2025-05-05 08:41:00',2,'Cambio validado por la abuela experta en Tolvas.'),(9169,445,'2025-05-13 07:42:00',36,610,1,0,94,1,'2025-05-05 07:51:00',2,'Se corrigió porque parecía sospechosamente perfecto.'),(9170,445,'2025-05-13 08:05:00',36,610,0,0,94,1,'2025-05-05 07:17:00',2,'Cambio por presión popular en la planta.'),(9171,445,'2025-05-13 08:05:00',36,616,0,0,94,1,'2025-05-05 07:51:00',2,'Cambio por presión popular en la planta.'),(9172,446,'2025-05-10 07:49:00',35,513,0,0,96,1,'2025-05-05 08:29:00',2,'Simulación de terremoto causó variaciones aleatorias.'),(9173,446,'2025-05-10 07:23:00',35,513,0,0,96,1,'2025-05-05 08:14:00',2,'Reajuste de kilogramos por interferencia cósmica.'),(9174,446,'2025-05-10 07:23:00',35,513,0,0,96,1,'2025-05-05 07:59:00',2,'Cambio por presión popular en la planta.'),(9175,446,'2025-05-10 07:23:00',35,518,0,0,96,1,'2025-05-05 07:44:00',2,'El sistema tuvo un arrebato y decidió cambiarlo solo.'),(9176,446,'2025-05-10 07:23:00',36,518,0,0,96,1,'2025-05-05 07:29:00',2,'Modificación motivada por la mística del sistema.'),(9177,446,'2025-05-10 07:23:00',36,534,0,0,96,1,'2025-05-05 07:14:00',2,'Ajuste por diferencia entre Tolva y Bins… otra vez.'),(9178,446,'2025-05-10 07:23:00',36,507,0,0,96,1,'2025-05-05 06:59:00',2,'Simulación de terremoto causó variaciones aleatorias.'),(9179,446,'2025-05-10 07:23:00',36,517,0,0,96,1,'2025-05-05 08:29:00',2,'Cambio por presión popular en la planta.'),(9180,448,'2025-05-12 17:51:00',36,626,1,28,94,1,'2025-05-07 17:41:00',2,'Reajuste de kilogramos por interferencia cósmica.'),(9181,448,'2025-05-12 17:39:00',36,620,1,28,94,1,'2025-05-07 17:34:00',2,'Cambio por presión popular en la planta.'),(9182,448,'2025-05-12 17:39:00',36,589,1,28,94,1,'2025-05-07 17:27:00',2,'Simulación de terremoto causó variaciones aleatorias.'),(9183,448,'2025-05-12 17:39:00',36,589,1,26,94,1,'2025-05-07 17:20:00',2,'El operador pestañeó y apretó el botón sin querer.'),(9184,448,'2025-05-12 17:39:00',36,612,1,26,94,1,'2025-05-07 17:13:00',2,'Ajuste por diferencia entre Tolva y Bins… otra vez.'),(9185,448,'2025-05-12 18:09:00',36,612,1,26,94,1,'2025-05-07 17:06:00',2,'Simulación de terremoto causó variaciones aleatorias.'),(9186,448,'2025-05-12 18:11:00',36,612,1,6,94,1,'2025-05-07 17:41:00',2,'El sistema tuvo un arrebato y decidió cambiarlo solo.'),(9187,449,'2025-05-16 17:54:00',36,485,1,7,93,1,'2025-05-07 18:44:00',2,'Cambio validado por la abuela experta en Tolvas.'),(9188,449,'2025-05-16 17:54:00',35,485,0,0,93,1,'2025-05-07 17:49:00',2,'Cambio por presión popular en la planta.'),(9189,449,'2025-05-16 17:36:00',35,475,0,0,93,1,'2025-05-07 18:44:00',2,'Cambio validado por la abuela experta en Tolvas.'),(9190,450,'2025-05-13 17:54:00',36,655,0,0,93,1,'2025-05-07 17:41:00',2,'El jefe dijo que lo hiciera, pero no explicó por qué.'),(9191,450,'2025-05-13 17:54:00',35,655,0,0,93,1,'2025-05-07 17:34:00',2,'El jefe dijo que lo hiciera, pero no explicó por qué.'),(9192,450,'2025-05-13 17:54:00',35,688,0,0,93,1,'2025-05-07 17:27:00',2,'Ajuste por diferencia entre Tolva y Bins… otra vez.'),(9193,450,'2025-05-13 17:54:00',36,702,0,0,93,1,'2025-05-07 17:20:00',2,'Cambio validado por la abuela experta en Tolvas.'),(9194,450,'2025-05-13 17:54:00',35,702,0,0,93,1,'2025-05-07 17:13:00',2,'Cambio por presión popular en la planta.'),(9195,450,'2025-05-13 17:28:00',35,702,0,0,93,1,'2025-05-07 17:06:00',2,'Ajuste por diferencia entre Tolva y Bins… otra vez.'),(9196,450,'2025-05-13 17:07:00',35,702,0,0,93,1,'2025-05-07 17:41:00',2,'Reajuste de kilogramos por interferencia cósmica.'),(9197,451,'2025-05-15 17:54:00',36,577,1,0,95,1,'2025-05-07 18:21:00',2,'El jefe dijo que lo hiciera, pero no explicó por qué.'),(9198,452,'2025-05-10 17:54:00',36,929,0,0,91,1,'2025-05-07 17:52:00',2,'El jefe dijo que lo hiciera, pero no explicó por qué.'),(9199,452,'2025-05-10 18:21:00',36,929,0,0,91,1,'2025-05-07 17:41:00',2,'Modificación motivada por la mística del sistema.'),(9200,452,'2025-05-10 18:31:00',35,929,0,0,91,1,'2025-05-07 17:30:00',2,'Modificación motivada por la mística del sistema.'),(9201,452,'2025-05-10 18:31:00',35,929,0,0,91,1,'2025-05-07 17:19:00',2,'Reajuste de kilogramos por interferencia cósmica.'),(9202,452,'2025-05-10 18:31:00',35,966,0,0,91,1,'2025-05-07 17:08:00',2,'El operador pestañeó y apretó el botón sin querer.'),(9203,452,'2025-05-10 18:36:00',35,966,0,0,91,1,'2025-05-07 17:52:00',2,'Reajuste de kilogramos por interferencia cósmica.'),(9204,453,'2025-05-09 23:00:00',35,876,0,0,91,1,'2025-05-08 22:54:00',2,'Ajuste por diferencia entre Tolva y Bins… otra vez.'),(9205,453,'2025-05-09 23:00:00',36,876,0,0,91,1,'2025-05-08 22:47:00',2,'Cambio por presión popular en la planta.'),(9206,453,'2025-05-09 23:00:00',36,876,1,0,91,1,'2025-05-08 22:40:00',2,'El jefe dijo que lo hiciera, pero no explicó por qué.'),(9207,453,'2025-05-09 23:00:00',36,876,0,0,91,1,'2025-05-08 22:33:00',2,'Ajuste por diferencia entre Tolva y Bins… otra vez.'),(9208,453,'2025-05-09 23:00:00',35,876,0,0,91,1,'2025-05-08 22:26:00',2,'El operador pestañeó y apretó el botón sin querer.'),(9209,453,'2025-05-09 22:44:00',35,876,0,0,91,1,'2025-05-08 22:19:00',2,'Cambio por presión popular en la planta.'),(9210,453,'2025-05-09 22:44:00',36,894,1,0,91,1,'2025-05-08 22:12:00',2,'El sistema tuvo un arrebato y decidió cambiarlo solo.'),(9211,453,'2025-05-09 22:43:00',35,894,0,0,91,1,'2025-05-08 22:54:00',2,'El jefe dijo que lo hiciera, pero no explicó por qué.'),(9212,454,'2025-05-16 03:54:00',35,636,0,0,91,1,'2025-05-10 04:57:00',2,'Ajuste por diferencia entre Tolva y Bins… otra vez.'),(9213,454,'2025-05-16 04:03:00',35,636,0,0,91,1,'2025-05-10 04:30:00',2,'Reajuste de kilogramos por interferencia cósmica.'),(9214,454,'2025-05-16 03:38:00',35,636,0,0,91,1,'2025-05-10 04:03:00',2,'Cambio por presión popular en la planta.'),(9215,454,'2025-05-16 03:38:00',35,617,0,0,91,1,'2025-05-10 03:36:00',2,'Simulación de terremoto causó variaciones aleatorias.'),(9216,454,'2025-05-16 03:38:00',35,648,0,0,91,1,'2025-05-10 04:57:00',2,'Se corrigió porque parecía sospechosamente perfecto.'),(9217,455,'2025-05-13 04:06:00',35,267,0,0,96,1,'2025-05-10 04:23:00',2,'Cambio validado por la abuela experta en Tolvas.'),(9218,455,'2025-05-13 03:51:00',35,264,0,0,96,1,'2025-05-10 04:12:00',2,'Cambio validado por la abuela experta en Tolvas.'),(9219,455,'2025-05-13 03:21:00',36,264,0,0,96,1,'2025-05-10 04:01:00',2,'Cambio validado por la abuela experta en Tolvas.'),(9220,455,'2025-05-13 03:21:00',36,264,1,8,96,1,'2025-05-10 03:50:00',2,'Se corrigió porque parecía sospechosamente perfecto.'),(9221,455,'2025-05-13 03:15:00',36,267,1,8,96,1,'2025-05-10 03:39:00',2,'Ajuste por diferencia entre Tolva y Bins… otra vez.'),(9222,455,'2025-05-13 03:15:00',36,267,0,0,96,1,'2025-05-10 03:28:00',2,'El jefe dijo que lo hiciera, pero no explicó por qué.'),(9223,455,'2025-05-13 03:15:00',36,267,1,0,96,1,'2025-05-10 03:17:00',2,'Cambio validado por la abuela experta en Tolvas.'),(9224,455,'2025-05-13 03:15:00',36,278,1,0,96,1,'2025-05-10 04:23:00',2,'Se corrigió porque parecía sospechosamente perfecto.'),(9225,456,'2025-05-13 03:38:00',35,524,0,0,93,1,'2025-05-10 04:36:00',2,'Cambio validado por la abuela experta en Tolvas.'),(9226,456,'2025-05-13 03:38:00',36,524,0,0,93,1,'2025-05-10 04:25:00',2,'Cambio por presión popular en la planta.'),(9227,456,'2025-05-13 03:38:00',36,550,1,0,93,1,'2025-05-10 04:14:00',2,'Modificación motivada por la mística del sistema.'),(9228,456,'2025-05-13 03:38:00',35,550,0,0,93,1,'2025-05-10 04:03:00',2,'El jefe dijo que lo hiciera, pero no explicó por qué.'),(9229,456,'2025-05-13 03:38:00',36,550,0,0,93,1,'2025-05-10 03:52:00',2,'Ajuste por diferencia entre Tolva y Bins… otra vez.'),(9230,456,'2025-05-13 03:38:00',36,556,1,28,93,1,'2025-05-10 03:41:00',2,'El jefe dijo que lo hiciera, pero no explicó por qué.'),(9231,456,'2025-05-13 03:48:00',36,550,1,28,93,1,'2025-05-10 03:30:00',2,'El operador pestañeó y apretó el botón sin querer.'),(9232,456,'2025-05-13 03:48:00',35,550,0,0,93,1,'2025-05-10 03:19:00',2,'El jefe dijo que lo hiciera, pero no explicó por qué.'),(9233,456,'2025-05-13 04:03:00',35,550,0,0,93,1,'2025-05-10 04:36:00',2,'Simulación de terremoto causó variaciones aleatorias.'),(9234,457,'2025-05-18 04:06:00',36,880,0,0,94,1,'2025-05-10 04:49:00',2,'Reajuste de kilogramos por interferencia cósmica.'),(9235,457,'2025-05-18 04:06:00',36,880,0,0,94,1,'2025-05-10 04:49:00',2,'El operador pestañeó y apretó el botón sin querer.'),(9236,458,'2025-05-16 04:06:00',36,396,0,0,91,1,'2025-05-10 04:37:00',2,'Se corrigió porque parecía sospechosamente perfecto.'),(9237,458,'2025-05-16 04:06:00',35,396,0,0,91,1,'2025-05-10 04:15:00',2,'Ajuste por diferencia entre Tolva y Bins… otra vez.'),(9238,458,'2025-05-16 04:06:00',35,392,0,0,91,1,'2025-05-10 03:53:00',2,'El jefe dijo que lo hiciera, pero no explicó por qué.'),(9239,458,'2025-05-16 04:06:00',36,392,1,0,91,1,'2025-05-10 03:31:00',2,'Simulación de terremoto causó variaciones aleatorias.'),(9240,458,'2025-05-16 04:06:00',36,400,1,14,91,1,'2025-05-10 04:37:00',2,'Cambio validado por la abuela experta en Tolvas.'),(9241,459,'2025-05-20 04:19:00',36,284,1,20,95,1,'2025-05-10 05:06:00',2,'Ajuste por diferencia entre Tolva y Bins… otra vez.'),(9242,459,'2025-05-20 04:19:00',36,284,1,5,95,1,'2025-05-10 04:36:00',2,'Se corrigió porque parecía sospechosamente perfecto.'),(9243,459,'2025-05-20 04:19:00',36,276,0,0,95,1,'2025-05-10 04:06:00',2,'El jefe dijo que lo hiciera, pero no explicó por qué.'),(9244,459,'2025-05-20 04:19:00',36,273,0,0,95,1,'2025-05-10 03:36:00',2,'El sistema tuvo un arrebato y decidió cambiarlo solo.'),(9245,459,'2025-05-20 04:19:00',35,259,0,0,95,1,'2025-05-10 05:06:00',2,'Cambio por presión popular en la planta.'),(9246,460,'2025-05-19 09:12:00',36,513,1,6,93,1,'2025-05-11 09:41:00',2,'Simulación de terremoto causó variaciones aleatorias.'),(9247,461,'2025-05-14 09:12:00',35,660,0,0,91,1,'2025-05-11 09:29:00',2,'Modificación motivada por la mística del sistema.'),(9248,461,'2025-05-14 09:12:00',36,673,0,0,91,1,'2025-05-11 09:29:00',2,'Modificación motivada por la mística del sistema.'),(9249,462,'2025-05-18 14:23:00',35,998,0,0,95,1,'2025-05-12 15:12:00',2,'El sistema tuvo un arrebato y decidió cambiarlo solo.'),(9250,462,'2025-05-18 14:37:00',35,998,0,0,95,1,'2025-05-12 14:15:00',2,'Modificación motivada por la mística del sistema.'),(9251,462,'2025-05-18 14:37:00',35,1018,0,0,95,1,'2025-05-12 15:12:00',2,'El operador pestañeó y apretó el botón sin querer.'),(9252,465,'2025-05-20 14:18:00',35,659,0,0,91,1,'2025-05-12 14:17:00',2,'Reajuste de kilogramos por interferencia cósmica.'),(9253,465,'2025-05-20 14:18:00',35,626,0,0,91,1,'2025-05-12 14:10:00',2,'Se corrigió porque parecía sospechosamente perfecto.'),(9254,465,'2025-05-20 14:17:00',35,626,0,0,91,1,'2025-05-12 14:03:00',2,'El sistema tuvo un arrebato y decidió cambiarlo solo.'),(9255,465,'2025-05-20 14:17:00',36,626,0,0,91,1,'2025-05-12 13:56:00',2,'Se corrigió porque parecía sospechosamente perfecto.'),(9256,465,'2025-05-20 14:37:00',36,626,0,0,91,1,'2025-05-12 13:49:00',2,'Cambio por presión popular en la planta.'),(9257,465,'2025-05-20 14:14:00',35,626,0,0,91,1,'2025-05-12 13:42:00',2,'Simulación de terremoto causó variaciones aleatorias.'),(9258,465,'2025-05-20 14:14:00',36,626,1,0,91,1,'2025-05-12 13:35:00',2,'Ajuste por diferencia entre Tolva y Bins… otra vez.'),(9259,465,'2025-05-20 14:14:00',36,645,1,0,91,1,'2025-05-12 13:28:00',2,'Ajuste por diferencia entre Tolva y Bins… otra vez.'),(9260,465,'2025-05-20 14:14:00',36,645,1,6,91,1,'2025-05-12 14:17:00',2,'Cambio por presión popular en la planta.'),(9261,467,'2025-05-22 19:20:00',35,671,0,0,91,1,'2025-05-13 20:14:00',2,'Reajuste de kilogramos por interferencia cósmica.'),(9262,467,'2025-05-22 19:20:00',36,671,0,0,91,1,'2025-05-13 19:19:00',2,'Modificación motivada por la mística del sistema.'),(9263,467,'2025-05-22 19:20:00',36,684,0,0,91,1,'2025-05-13 20:14:00',2,'Modificación motivada por la mística del sistema.'),(9264,468,'2025-05-16 00:30:00',36,584,0,0,95,1,'2025-05-15 01:22:00',2,'El operador pestañeó y apretó el botón sin querer.'),(9265,468,'2025-05-16 00:55:00',36,584,1,0,95,1,'2025-05-15 00:45:00',2,'Cambio por presión popular en la planta.'),(9266,468,'2025-05-16 01:00:00',36,584,1,0,95,1,'2025-05-15 00:08:00',2,'Se corrigió porque parecía sospechosamente perfecto.'),(9267,468,'2025-05-16 01:03:00',36,584,1,24,95,1,'2025-05-15 01:22:00',2,'Se corrigió porque parecía sospechosamente perfecto.'),(9268,469,'2025-05-16 00:30:00',35,838,0,0,94,1,'2025-05-15 01:27:00',2,'El jefe dijo que lo hiciera, pero no explicó por qué.'),(9269,469,'2025-05-16 01:00:00',35,838,0,0,94,1,'2025-05-15 00:48:00',2,'Reajuste de kilogramos por interferencia cósmica.'),(9270,469,'2025-05-16 01:00:00',35,805,0,0,94,1,'2025-05-15 00:09:00',2,'Cambio por presión popular en la planta.'),(9271,469,'2025-05-16 01:00:00',36,805,0,0,94,1,'2025-05-15 01:27:00',2,'El jefe dijo que lo hiciera, pero no explicó por qué.'),(9272,470,'2025-05-22 00:30:00',35,176,0,0,92,1,'2025-05-15 01:04:00',2,'El jefe dijo que lo hiciera, pero no explicó por qué.'),(9273,472,'2025-05-25 00:35:00',36,557,0,0,95,1,'2025-05-15 01:03:00',2,'Simulación de terremoto causó variaciones aleatorias.'),(9274,472,'2025-05-25 00:54:00',36,557,0,0,95,1,'2025-05-15 01:03:00',2,'Reajuste de kilogramos por interferencia cósmica.'),(9275,473,'2025-05-23 00:30:00',36,215,1,0,91,1,'2025-05-15 01:26:00',2,'El sistema tuvo un arrebato y decidió cambiarlo solo.'),(9276,473,'2025-05-23 00:30:00',35,215,0,0,91,1,'2025-05-15 01:12:00',2,'Reajuste de kilogramos por interferencia cósmica.'),(9277,473,'2025-05-23 00:30:00',36,206,0,0,91,1,'2025-05-15 00:58:00',2,'Reajuste de kilogramos por interferencia cósmica.'),(9278,473,'2025-05-23 00:30:00',35,206,0,0,91,1,'2025-05-15 00:44:00',2,'Cambio por presión popular en la planta.'),(9279,473,'2025-05-23 00:30:00',35,215,0,0,91,1,'2025-05-15 00:30:00',2,'Modificación motivada por la mística del sistema.'),(9280,473,'2025-05-23 00:30:00',36,215,0,0,91,1,'2025-05-15 00:16:00',2,'El sistema tuvo un arrebato y decidió cambiarlo solo.'),(9281,473,'2025-05-23 00:30:00',36,215,0,0,91,1,'2025-05-15 00:02:00',2,'El sistema tuvo un arrebato y decidió cambiarlo solo.'),(9282,473,'2025-05-23 00:30:00',35,206,0,0,91,1,'2025-05-14 23:48:00',2,'El operador pestañeó y apretó el botón sin querer.'),(9283,473,'2025-05-23 00:43:00',35,206,0,0,91,1,'2025-05-15 01:26:00',2,'Se corrigió porque parecía sospechosamente perfecto.'),(9284,474,'2025-05-23 00:30:00',36,244,1,0,91,1,'2025-05-15 00:51:00',2,'Cambio por presión popular en la planta.'),(9285,474,'2025-05-23 00:30:00',36,244,1,18,91,1,'2025-05-15 00:24:00',2,'El operador pestañeó y apretó el botón sin querer.'),(9286,474,'2025-05-23 00:30:00',36,244,0,0,91,1,'2025-05-14 23:57:00',2,'Reajuste de kilogramos por interferencia cósmica.'),(9287,474,'2025-05-23 00:30:00',36,254,0,0,91,1,'2025-05-15 00:51:00',2,'El jefe dijo que lo hiciera, pero no explicó por qué.'),(9288,475,'2025-05-22 05:36:00',35,109,0,0,94,1,'2025-05-16 05:28:00',2,'El sistema tuvo un arrebato y decidió cambiarlo solo.'),(9289,475,'2025-05-22 05:17:00',35,109,0,0,94,1,'2025-05-16 05:20:00',2,'Reajuste de kilogramos por interferencia cósmica.'),(9290,475,'2025-05-22 04:48:00',35,109,0,0,94,1,'2025-05-16 05:12:00',2,'Se corrigió porque parecía sospechosamente perfecto.'),(9291,475,'2025-05-22 04:48:00',36,109,0,0,94,1,'2025-05-16 05:04:00',2,'El jefe dijo que lo hiciera, pero no explicó por qué.'),(9292,475,'2025-05-22 04:48:00',36,114,0,0,94,1,'2025-05-16 04:56:00',2,'El jefe dijo que lo hiciera, pero no explicó por qué.'),(9293,475,'2025-05-22 04:43:00',36,114,0,0,94,1,'2025-05-16 04:48:00',2,'El operador pestañeó y apretó el botón sin querer.'),(9294,475,'2025-05-22 04:43:00',35,114,0,0,94,1,'2025-05-16 05:28:00',2,'Cambio por presión popular en la planta.'),(9295,476,'2025-05-19 05:22:00',35,634,0,0,96,1,'2025-05-16 05:17:00',2,'Cambio por presión popular en la planta.'),(9296,476,'2025-05-19 04:54:00',35,634,0,0,96,1,'2025-05-16 05:12:00',2,'El operador pestañeó y apretó el botón sin querer.'),(9297,476,'2025-05-19 04:54:00',36,634,0,0,96,1,'2025-05-16 05:07:00',2,'Cambio validado por la abuela experta en Tolvas.'),(9298,476,'2025-05-19 04:54:00',36,621,0,0,96,1,'2025-05-16 05:02:00',2,'Se corrigió porque parecía sospechosamente perfecto.'),(9299,476,'2025-05-19 04:54:00',35,621,0,0,96,1,'2025-05-16 04:57:00',2,'Modificación motivada por la mística del sistema.'),(9300,476,'2025-05-19 04:54:00',35,634,0,0,96,1,'2025-05-16 04:52:00',2,'Modificación motivada por la mística del sistema.'),(9301,476,'2025-05-19 04:45:00',36,634,1,0,96,1,'2025-05-16 04:47:00',2,'El operador pestañeó y apretó el botón sin querer.'),(9302,476,'2025-05-19 04:45:00',35,627,0,0,96,1,'2025-05-16 04:42:00',2,'Reajuste de kilogramos por interferencia cósmica.'),(9303,476,'2025-05-19 04:45:00',36,627,1,0,96,1,'2025-05-16 05:17:00',2,'Cambio por presión popular en la planta.'),(9304,477,'2025-05-18 05:36:00',35,418,0,0,95,1,'2025-05-16 05:56:00',2,'El sistema tuvo un arrebato y decidió cambiarlo solo.'),(9305,478,'2025-05-23 10:56:00',35,225,0,0,96,1,'2025-05-17 10:40:00',2,'Cambio por presión popular en la planta.'),(9306,478,'2025-05-23 10:40:00',36,225,0,0,96,1,'2025-05-17 10:40:00',2,'Modificación motivada por la mística del sistema.'),(9307,479,'2025-05-23 11:07:00',36,314,0,0,96,1,'2025-05-17 10:20:00',2,'Cambio validado por la abuela experta en Tolvas.'),(9308,479,'2025-05-23 11:07:00',35,314,0,0,96,1,'2025-05-17 10:14:00',2,'El jefe dijo que lo hiciera, pero no explicó por qué.'),(9309,479,'2025-05-23 11:07:00',35,308,0,0,96,1,'2025-05-17 10:08:00',2,'Ajuste por diferencia entre Tolva y Bins… otra vez.'),(9310,479,'2025-05-23 11:07:00',36,308,0,0,96,1,'2025-05-17 10:02:00',2,'Simulación de terremoto causó variaciones aleatorias.'),(9311,479,'2025-05-23 11:07:00',35,308,0,0,96,1,'2025-05-17 09:56:00',2,'Cambio validado por la abuela experta en Tolvas.'),(9312,479,'2025-05-23 11:07:00',35,323,0,0,96,1,'2025-05-17 09:50:00',2,'Modificación motivada por la mística del sistema.'),(9313,479,'2025-05-23 11:07:00',35,336,0,0,96,1,'2025-05-17 10:20:00',2,'Ajuste por diferencia entre Tolva y Bins… otra vez.'),(9314,481,'2025-05-26 10:52:00',35,876,0,0,96,1,'2025-05-17 11:20:00',2,'Se corrigió porque parecía sospechosamente perfecto.'),(9315,481,'2025-05-26 10:52:00',36,876,0,0,96,1,'2025-05-17 11:20:00',2,'Cambio validado por la abuela experta en Tolvas.'),(9316,482,'2025-05-18 10:42:00',36,640,1,0,91,1,'2025-05-17 11:05:00',2,'Cambio por presión popular en la planta.'),(9317,482,'2025-05-18 10:45:00',36,640,0,0,91,1,'2025-05-17 10:55:00',2,'Se corrigió porque parecía sospechosamente perfecto.'),(9318,482,'2025-05-18 10:18:00',36,640,0,0,91,1,'2025-05-17 10:45:00',2,'Cambio validado por la abuela experta en Tolvas.'),(9319,482,'2025-05-18 10:18:00',36,640,1,0,91,1,'2025-05-17 10:35:00',2,'Reajuste de kilogramos por interferencia cósmica.'),(9320,482,'2025-05-18 10:18:00',35,640,0,0,91,1,'2025-05-17 10:25:00',2,'Cambio por presión popular en la planta.'),(9321,482,'2025-05-18 10:18:00',35,653,0,0,91,1,'2025-05-17 10:15:00',2,'Cambio por presión popular en la planta.'),(9322,482,'2025-05-18 10:26:00',36,653,0,0,91,1,'2025-05-17 10:05:00',2,'Cambio validado por la abuela experta en Tolvas.'),(9323,482,'2025-05-18 10:41:00',36,659,1,0,91,1,'2025-05-17 09:55:00',2,'Cambio validado por la abuela experta en Tolvas.'),(9324,482,'2025-05-18 10:41:00',35,659,0,0,91,1,'2025-05-17 11:05:00',2,'Reajuste de kilogramos por interferencia cósmica.'),(9325,484,'2025-05-26 10:42:00',36,269,0,0,91,1,'2025-05-17 10:54:00',2,'Ajuste por diferencia entre Tolva y Bins… otra vez.'),(9326,484,'2025-05-26 10:42:00',36,277,0,0,91,1,'2025-05-17 10:36:00',2,'Reajuste de kilogramos por interferencia cósmica.'),(9327,484,'2025-05-26 10:42:00',36,277,0,0,91,1,'2025-05-17 10:18:00',2,'Modificación motivada por la mística del sistema.'),(9328,484,'2025-05-26 10:42:00',36,277,1,0,91,1,'2025-05-17 10:00:00',2,'Modificación motivada por la mística del sistema.'),(9329,484,'2025-05-26 10:42:00',36,263,0,0,91,1,'2025-05-17 10:54:00',2,'Simulación de terremoto causó variaciones aleatorias.'),(9330,485,'2025-05-20 10:42:00',35,563,0,0,91,1,'2025-05-17 11:35:00',2,'Simulación de terremoto causó variaciones aleatorias.'),(9331,485,'2025-05-20 10:51:00',35,551,0,0,91,1,'2025-05-17 11:07:00',2,'El sistema tuvo un arrebato y decidió cambiarlo solo.'),(9332,485,'2025-05-20 10:51:00',36,551,0,0,91,1,'2025-05-17 10:39:00',2,'El jefe dijo que lo hiciera, pero no explicó por qué.'),(9333,485,'2025-05-20 10:51:00',36,557,0,0,91,1,'2025-05-17 10:11:00',2,'El operador pestañeó y apretó el botón sin querer.'),(9334,485,'2025-05-20 11:09:00',36,557,0,0,91,1,'2025-05-17 11:35:00',2,'Se corrigió porque parecía sospechosamente perfecto.'),(9335,486,'2025-05-26 10:42:00',35,933,0,0,93,1,'2025-05-17 11:26:00',2,'Simulación de terremoto causó variaciones aleatorias.'),(9336,486,'2025-05-26 10:42:00',35,961,0,0,93,1,'2025-05-17 10:34:00',2,'El jefe dijo que lo hiciera, pero no explicó por qué.'),(9337,486,'2025-05-26 10:42:00',35,1009,0,0,93,1,'2025-05-17 11:26:00',2,'Cambio validado por la abuela experta en Tolvas.'),(9338,487,'2025-05-21 15:48:00',35,258,0,0,92,1,'2025-05-18 16:29:00',2,'Simulación de terremoto causó variaciones aleatorias.'),(9339,487,'2025-05-21 15:48:00',35,266,0,0,92,1,'2025-05-18 16:17:00',2,'Ajuste por diferencia entre Tolva y Bins… otra vez.'),(9340,487,'2025-05-21 15:48:00',36,266,0,0,92,1,'2025-05-18 16:05:00',2,'Ajuste por diferencia entre Tolva y Bins… otra vez.'),(9341,487,'2025-05-21 15:53:00',36,258,0,0,92,1,'2025-05-18 15:53:00',2,'Reajuste de kilogramos por interferencia cósmica.'),(9342,487,'2025-05-21 15:53:00',36,247,1,0,92,1,'2025-05-18 15:41:00',2,'El jefe dijo que lo hiciera, pero no explicó por qué.'),(9343,487,'2025-05-21 15:53:00',36,240,1,0,92,1,'2025-05-18 15:29:00',2,'Se corrigió porque parecía sospechosamente perfecto.'),(9344,487,'2025-05-21 15:53:00',36,252,1,9,92,1,'2025-05-18 15:17:00',2,'Se corrigió porque parecía sospechosamente perfecto.'),(9345,487,'2025-05-21 16:01:00',35,252,0,0,92,1,'2025-05-18 15:05:00',2,'Cambio por presión popular en la planta.'),(9346,487,'2025-05-21 16:01:00',36,252,0,0,92,1,'2025-05-18 16:29:00',2,'Modificación motivada por la mística del sistema.'),(9347,488,'2025-05-19 15:48:00',35,945,0,0,95,1,'2025-05-18 15:57:00',2,'Ajuste por diferencia entre Tolva y Bins… otra vez.'),(9348,490,'2025-05-27 15:37:00',36,471,1,0,91,1,'2025-05-18 16:10:00',2,'Cambio por presión popular en la planta.'),(9349,490,'2025-05-27 15:48:00',36,471,1,0,91,1,'2025-05-18 15:57:00',2,'Simulación de terremoto causó variaciones aleatorias.'),(9350,490,'2025-05-27 15:25:00',35,471,0,0,91,1,'2025-05-18 15:44:00',2,'El jefe dijo que lo hiciera, pero no explicó por qué.'),(9351,490,'2025-05-27 15:43:00',36,471,0,0,91,1,'2025-05-18 15:31:00',2,'Cambio validado por la abuela experta en Tolvas.'),(9352,490,'2025-05-27 15:35:00',36,471,0,0,91,1,'2025-05-18 15:18:00',2,'Modificación motivada por la mística del sistema.'),(9353,490,'2025-05-27 15:35:00',36,471,0,0,91,1,'2025-05-18 15:05:00',2,'Cambio validado por la abuela experta en Tolvas.'),(9354,490,'2025-05-27 15:35:00',35,471,0,0,91,1,'2025-05-18 16:10:00',2,'Modificación motivada por la mística del sistema.'),(9355,491,'2025-05-26 16:04:00',35,457,0,0,91,1,'2025-05-18 15:40:00',2,'El jefe dijo que lo hiciera, pero no explicó por qué.'),(9356,491,'2025-05-26 16:04:00',35,443,0,0,91,1,'2025-05-18 15:23:00',2,'El operador pestañeó y apretó el botón sin querer.'),(9357,491,'2025-05-26 15:59:00',35,443,0,0,91,1,'2025-05-18 15:06:00',2,'Reajuste de kilogramos por interferencia cósmica.'),(9358,491,'2025-05-26 15:59:00',35,448,0,0,91,1,'2025-05-18 15:40:00',2,'Ajuste por diferencia entre Tolva y Bins… otra vez.'),(9359,492,'2025-05-21 15:53:00',36,861,0,0,91,1,'2025-05-18 16:14:00',2,'El sistema tuvo un arrebato y decidió cambiarlo solo.'),(9360,492,'2025-05-21 15:53:00',36,861,1,27,91,1,'2025-05-18 15:57:00',2,'El jefe dijo que lo hiciera, pero no explicó por qué.'),(9361,492,'2025-05-21 15:53:00',35,844,0,0,91,1,'2025-05-18 15:40:00',2,'Modificación motivada por la mística del sistema.'),(9362,492,'2025-05-21 15:53:00',35,861,0,0,91,1,'2025-05-18 15:23:00',2,'Reajuste de kilogramos por interferencia cósmica.'),(9363,492,'2025-05-21 15:55:00',35,861,0,0,91,1,'2025-05-18 15:06:00',2,'Se corrigió porque parecía sospechosamente perfecto.'),(9364,492,'2025-05-21 15:55:00',35,878,0,0,91,1,'2025-05-18 16:14:00',2,'El jefe dijo que lo hiciera, pero no explicó por qué.'),(9365,494,'2025-05-26 20:54:00',36,268,0,0,91,1,'2025-05-19 20:32:00',2,'Simulación de terremoto causó variaciones aleatorias.'),(9366,494,'2025-05-26 20:54:00',35,268,0,0,91,1,'2025-05-19 20:20:00',2,'Reajuste de kilogramos por interferencia cósmica.'),(9367,494,'2025-05-26 20:27:00',35,268,0,0,91,1,'2025-05-19 20:08:00',2,'Ajuste por diferencia entre Tolva y Bins… otra vez.'),(9368,494,'2025-05-26 20:37:00',35,268,0,0,91,1,'2025-05-19 20:32:00',2,'El operador pestañeó y apretó el botón sin querer.'),(9369,495,'2025-05-28 20:54:00',36,431,0,0,95,1,'2025-05-19 20:33:00',2,'Ajuste por diferencia entre Tolva y Bins… otra vez.'),(9370,495,'2025-05-28 20:57:00',36,431,0,0,95,1,'2025-05-19 20:26:00',2,'El sistema tuvo un arrebato y decidió cambiarlo solo.'),(9371,495,'2025-05-28 20:57:00',36,422,1,0,95,1,'2025-05-19 20:19:00',2,'Simulación de terremoto causó variaciones aleatorias.'),(9372,495,'2025-05-28 20:57:00',36,422,0,0,95,1,'2025-05-19 20:12:00',2,'Simulación de terremoto causó variaciones aleatorias.'),(9373,495,'2025-05-28 20:57:00',36,422,1,0,95,1,'2025-05-19 20:05:00',2,'Modificación motivada por la mística del sistema.'),(9374,495,'2025-05-28 20:57:00',36,422,0,0,95,1,'2025-05-19 20:33:00',2,'Ajuste por diferencia entre Tolva y Bins… otra vez.'),(9375,497,'2025-05-20 20:46:00',36,997,0,0,91,1,'2025-05-19 20:54:00',2,'El operador pestañeó y apretó el botón sin querer.'),(9376,497,'2025-05-20 20:55:00',36,997,0,0,91,1,'2025-05-19 20:44:00',2,'El operador pestañeó y apretó el botón sin querer.'),(9377,497,'2025-05-20 20:55:00',35,997,0,0,91,1,'2025-05-19 20:34:00',2,'El sistema tuvo un arrebato y decidió cambiarlo solo.'),(9378,497,'2025-05-20 20:55:00',35,987,0,0,91,1,'2025-05-19 20:24:00',2,'Se corrigió porque parecía sospechosamente perfecto.'),(9379,497,'2025-05-20 20:55:00',36,977,0,0,91,1,'2025-05-19 20:14:00',2,'El sistema tuvo un arrebato y decidió cambiarlo solo.'),(9380,497,'2025-05-20 21:11:00',36,977,0,0,91,1,'2025-05-19 20:04:00',2,'Se corrigió porque parecía sospechosamente perfecto.'),(9381,497,'2025-05-20 21:15:00',36,977,0,0,91,1,'2025-05-19 20:54:00',2,'Modificación motivada por la mística del sistema.'),(9382,499,'2025-05-29 20:54:00',35,565,0,0,91,1,'2025-05-19 21:34:00',2,'Ajuste por diferencia entre Tolva y Bins… otra vez.'),(9383,499,'2025-05-29 20:54:00',36,565,1,0,91,1,'2025-05-19 21:34:00',2,'Se corrigió porque parecía sospechosamente perfecto.'),(9384,500,'2025-05-24 21:02:00',36,780,1,22,91,1,'2025-05-19 21:16:00',2,'Ajuste por diferencia entre Tolva y Bins… otra vez.'),(9385,500,'2025-05-24 21:02:00',35,780,0,0,91,1,'2025-05-19 21:06:00',2,'El sistema tuvo un arrebato y decidió cambiarlo solo.'),(9386,500,'2025-05-24 21:02:00',36,780,0,0,91,1,'2025-05-19 20:56:00',2,'El jefe dijo que lo hiciera, pero no explicó por qué.'),(9387,500,'2025-05-24 20:42:00',36,780,1,0,91,1,'2025-05-19 20:46:00',2,'Se corrigió porque parecía sospechosamente perfecto.'),(9388,500,'2025-05-24 20:42:00',35,780,0,0,91,1,'2025-05-19 20:36:00',2,'Modificación motivada por la mística del sistema.'),(9389,500,'2025-05-24 20:42:00',36,780,0,0,91,1,'2025-05-19 20:26:00',2,'Reajuste de kilogramos por interferencia cósmica.'),(9390,500,'2025-05-24 20:42:00',36,811,0,0,91,1,'2025-05-19 20:16:00',2,'Cambio por presión popular en la planta.'),(9391,500,'2025-05-24 20:27:00',36,811,0,0,91,1,'2025-05-19 20:06:00',2,'Reajuste de kilogramos por interferencia cósmica.'),(9392,500,'2025-05-24 20:27:00',36,811,1,0,91,1,'2025-05-19 21:16:00',2,'Cambio validado por la abuela experta en Tolvas.'),(9393,501,'2025-05-21 20:54:00',36,695,1,0,96,1,'2025-05-19 20:56:00',2,'El sistema tuvo un arrebato y decidió cambiarlo solo.'),(9394,501,'2025-05-21 20:54:00',36,695,1,15,96,1,'2025-05-19 20:49:00',2,'Se corrigió porque parecía sospechosamente perfecto.'),(9395,501,'2025-05-21 20:54:00',36,695,0,0,96,1,'2025-05-19 20:42:00',2,'Modificación motivada por la mística del sistema.'),(9396,501,'2025-05-21 20:54:00',36,695,1,25,96,1,'2025-05-19 20:35:00',2,'El jefe dijo que lo hiciera, pero no explicó por qué.'),(9397,501,'2025-05-21 20:54:00',36,674,1,13,96,1,'2025-05-19 20:28:00',2,'El operador pestañeó y apretó el botón sin querer.'),(9398,501,'2025-05-21 20:50:00',35,674,0,0,96,1,'2025-05-19 20:21:00',2,'Cambio validado por la abuela experta en Tolvas.'),(9399,501,'2025-05-21 20:50:00',35,647,0,0,96,1,'2025-05-19 20:14:00',2,'El jefe dijo que lo hiciera, pero no explicó por qué.'),(9400,501,'2025-05-21 20:50:00',36,647,0,0,96,1,'2025-05-19 20:07:00',2,'El sistema tuvo un arrebato y decidió cambiarlo solo.'),(9401,501,'2025-05-21 20:34:00',35,628,0,0,96,1,'2025-05-19 20:56:00',2,'Cambio por presión popular en la planta.'),(9402,503,'2025-05-30 02:00:00',36,427,1,18,91,1,'2025-05-21 02:15:00',2,'Cambio por presión popular en la planta.'),(9403,503,'2025-05-30 02:03:00',36,427,1,18,91,1,'2025-05-21 01:50:00',2,'Modificación motivada por la mística del sistema.'),(9404,503,'2025-05-30 01:56:00',36,427,1,18,91,1,'2025-05-21 01:25:00',2,'El sistema tuvo un arrebato y decidió cambiarlo solo.'),(9405,503,'2025-05-30 01:49:00',36,418,1,18,91,1,'2025-05-21 02:15:00',2,'Modificación motivada por la mística del sistema.'),(9406,504,'2025-05-31 01:55:00',35,456,0,0,92,1,'2025-05-21 01:35:00',2,'Reajuste de kilogramos por interferencia cósmica.'),(9407,504,'2025-05-31 01:55:00',36,456,1,1,92,1,'2025-05-21 01:18:00',2,'El operador pestañeó y apretó el botón sin querer.'),(9408,504,'2025-05-31 01:46:00',36,456,1,8,92,1,'2025-05-21 01:35:00',2,'Simulación de terremoto causó variaciones aleatorias.'),(9409,505,'2025-05-25 02:00:00',36,975,0,0,92,1,'2025-05-21 01:35:00',2,'Simulación de terremoto causó variaciones aleatorias.'),(9410,506,'2025-05-25 01:46:00',35,1000,0,0,94,1,'2025-05-21 01:32:00',2,'El jefe dijo que lo hiciera, pero no explicó por qué.'),(9411,506,'2025-05-25 01:46:00',36,1000,0,0,94,1,'2025-05-21 01:28:00',2,'Modificación motivada por la mística del sistema.'),(9412,506,'2025-05-25 01:46:00',35,1000,0,0,94,1,'2025-05-21 01:24:00',2,'El sistema tuvo un arrebato y decidió cambiarlo solo.'),(9413,506,'2025-05-25 01:46:00',36,1000,0,0,94,1,'2025-05-21 01:20:00',2,'Simulación de terremoto causó variaciones aleatorias.'),(9414,506,'2025-05-25 01:54:00',36,1000,0,0,94,1,'2025-05-21 01:16:00',2,'Simulación de terremoto causó variaciones aleatorias.'),(9415,506,'2025-05-25 01:54:00',35,1000,0,0,94,1,'2025-05-21 01:12:00',2,'Se corrigió porque parecía sospechosamente perfecto.'),(9416,506,'2025-05-25 01:54:00',36,1000,0,0,94,1,'2025-05-21 01:08:00',2,'Ajuste por diferencia entre Tolva y Bins… otra vez.'),(9417,506,'2025-05-25 01:54:00',35,1000,0,0,94,1,'2025-05-21 01:32:00',2,'Se corrigió porque parecía sospechosamente perfecto.'),(9418,507,'2025-05-24 02:00:00',36,417,1,22,91,1,'2025-05-21 02:02:00',2,'Ajuste por diferencia entre Tolva y Bins… otra vez.'),(9419,508,'2025-05-29 07:06:00',35,221,0,0,91,1,'2025-05-22 07:12:00',2,'El sistema tuvo un arrebato y decidió cambiarlo solo.'),(9420,508,'2025-05-29 07:28:00',36,230,0,0,91,1,'2025-05-22 07:03:00',2,'Cambio validado por la abuela experta en Tolvas.'),(9421,508,'2025-05-29 07:28:00',36,230,1,0,91,1,'2025-05-22 06:54:00',2,'El jefe dijo que lo hiciera, pero no explicó por qué.'),(9422,508,'2025-05-29 07:28:00',36,230,0,0,91,1,'2025-05-22 06:45:00',2,'Cambio validado por la abuela experta en Tolvas.'),(9423,508,'2025-05-29 07:13:00',35,234,0,0,91,1,'2025-05-22 06:36:00',2,'El sistema tuvo un arrebato y decidió cambiarlo solo.'),(9424,508,'2025-05-29 07:16:00',35,237,0,0,91,1,'2025-05-22 06:27:00',2,'El jefe dijo que lo hiciera, pero no explicó por qué.'),(9425,508,'2025-05-29 07:16:00',35,225,0,0,91,1,'2025-05-22 06:18:00',2,'Se corrigió porque parecía sospechosamente perfecto.'),(9426,508,'2025-05-29 07:20:00',35,214,0,0,91,1,'2025-05-22 07:12:00',2,'Reajuste de kilogramos por interferencia cósmica.'),(9427,509,'2025-05-29 07:12:00',36,485,0,0,92,1,'2025-05-22 07:13:00',2,'Cambio por presión popular en la planta.'),(9428,509,'2025-05-29 07:12:00',36,500,0,0,92,1,'2025-05-22 06:51:00',2,'Ajuste por diferencia entre Tolva y Bins… otra vez.'),(9429,509,'2025-05-29 07:12:00',36,475,0,0,92,1,'2025-05-22 06:29:00',2,'Ajuste por diferencia entre Tolva y Bins… otra vez.'),(9430,509,'2025-05-29 07:12:00',35,475,0,0,92,1,'2025-05-22 07:13:00',2,'El sistema tuvo un arrebato y decidió cambiarlo solo.'),(9431,510,'2025-05-29 07:06:00',36,871,0,0,92,1,'2025-05-22 06:43:00',2,'El jefe dijo que lo hiciera, pero no explicó por qué.'),(9432,510,'2025-05-29 07:06:00',35,871,0,0,92,1,'2025-05-22 06:39:00',2,'El operador pestañeó y apretó el botón sin querer.'),(9433,510,'2025-05-29 07:06:00',36,871,1,0,92,1,'2025-05-22 06:35:00',2,'Reajuste de kilogramos por interferencia cósmica.'),(9434,510,'2025-05-29 07:01:00',36,915,1,19,92,1,'2025-05-22 06:31:00',2,'Modificación motivada por la mística del sistema.'),(9435,510,'2025-05-29 07:01:00',35,915,0,0,92,1,'2025-05-22 06:27:00',2,'El jefe dijo que lo hiciera, pero no explicó por qué.'),(9436,510,'2025-05-29 07:23:00',35,915,0,0,92,1,'2025-05-22 06:23:00',2,'El jefe dijo que lo hiciera, pero no explicó por qué.'),(9437,510,'2025-05-29 07:23:00',35,896,0,0,92,1,'2025-05-22 06:19:00',2,'Simulación de terremoto causó variaciones aleatorias.'),(9438,510,'2025-05-29 07:23:00',36,923,0,0,92,1,'2025-05-22 06:15:00',2,'Reajuste de kilogramos por interferencia cósmica.'),(9439,510,'2025-05-29 07:23:00',36,942,0,0,92,1,'2025-05-22 06:43:00',2,'Ajuste por diferencia entre Tolva y Bins… otra vez.'),(9440,511,'2025-05-30 07:00:00',35,703,0,0,93,1,'2025-05-22 07:54:00',2,'El operador pestañeó y apretó el botón sin querer.'),(9441,511,'2025-05-30 07:00:00',36,703,0,0,93,1,'2025-05-22 07:41:00',2,'Reajuste de kilogramos por interferencia cósmica.'),(9442,511,'2025-05-30 07:11:00',36,703,0,0,93,1,'2025-05-22 07:28:00',2,'Cambio por presión popular en la planta.'),(9443,511,'2025-05-30 07:11:00',35,703,0,0,93,1,'2025-05-22 07:15:00',2,'El sistema tuvo un arrebato y decidió cambiarlo solo.'),(9444,511,'2025-05-30 07:11:00',36,703,0,0,93,1,'2025-05-22 07:02:00',2,'Modificación motivada por la mística del sistema.'),(9445,511,'2025-05-30 07:11:00',35,703,0,0,93,1,'2025-05-22 06:49:00',2,'Reajuste de kilogramos por interferencia cósmica.'),(9446,511,'2025-05-30 07:11:00',35,696,0,0,93,1,'2025-05-22 06:36:00',2,'El sistema tuvo un arrebato y decidió cambiarlo solo.'),(9447,511,'2025-05-30 07:21:00',35,696,0,0,93,1,'2025-05-22 06:23:00',2,'El jefe dijo que lo hiciera, pero no explicó por qué.'),(9448,511,'2025-05-30 07:21:00',35,668,0,0,93,1,'2025-05-22 07:54:00',2,'Modificación motivada por la mística del sistema.'),(9449,512,'2025-05-25 06:38:00',36,228,1,13,91,1,'2025-05-22 07:37:00',2,'Cambio por presión popular en la planta.'),(9450,512,'2025-05-25 07:05:00',36,228,1,13,91,1,'2025-05-22 06:52:00',2,'Ajuste por diferencia entre Tolva y Bins… otra vez.'),(9451,512,'2025-05-25 07:32:00',36,228,1,13,91,1,'2025-05-22 07:37:00',2,'Cambio por presión popular en la planta.'),(9452,515,'2025-05-27 07:06:00',36,990,0,0,92,1,'2025-05-22 06:58:00',2,'El sistema tuvo un arrebato y decidió cambiarlo solo.'),(9453,516,'2025-05-31 07:06:00',36,447,0,0,92,1,'2025-05-22 07:44:00',2,'Ajuste por diferencia entre Tolva y Bins… otra vez.'),(9454,516,'2025-05-31 07:31:00',35,447,0,0,92,1,'2025-05-22 07:12:00',2,'El jefe dijo que lo hiciera, pero no explicó por qué.'),(9455,516,'2025-05-31 07:09:00',35,447,0,0,92,1,'2025-05-22 06:40:00',2,'El sistema tuvo un arrebato y decidió cambiarlo solo.'),(9456,516,'2025-05-31 07:09:00',36,447,0,0,92,1,'2025-05-22 07:44:00',2,'Modificación motivada por la mística del sistema.'),(9457,517,'2025-05-25 07:06:00',36,338,0,0,94,1,'2025-05-22 07:44:00',2,'El sistema tuvo un arrebato y decidió cambiarlo solo.'),(9458,517,'2025-05-25 07:27:00',36,335,0,0,94,1,'2025-05-22 07:12:00',2,'Cambio por presión popular en la planta.'),(9459,517,'2025-05-25 07:27:00',35,335,0,0,94,1,'2025-05-22 06:40:00',2,'Simulación de terremoto causó variaciones aleatorias.'),(9460,517,'2025-05-25 07:27:00',35,325,0,0,94,1,'2025-05-22 07:44:00',2,'Modificación motivada por la mística del sistema.'),(9461,519,'2025-05-26 12:12:00',36,357,0,0,91,1,'2025-05-23 12:46:00',2,'Modificación motivada por la mística del sistema.'),(9462,519,'2025-05-26 12:12:00',36,357,1,0,91,1,'2025-05-23 12:46:00',2,'El jefe dijo que lo hiciera, pero no explicó por qué.'),(9463,521,'2025-05-31 12:12:00',36,441,0,0,91,1,'2025-05-23 13:06:00',2,'Reajuste de kilogramos por interferencia cósmica.'),(9464,521,'2025-05-31 12:12:00',36,427,0,0,91,1,'2025-05-23 13:06:00',2,'Se corrigió porque parecía sospechosamente perfecto.'),(9465,523,'2025-06-02 12:12:00',36,254,1,8,96,1,'2025-05-23 13:02:00',2,'El sistema tuvo un arrebato y decidió cambiarlo solo.'),(9466,523,'2025-06-02 12:41:00',36,254,0,0,96,1,'2025-05-23 12:07:00',2,'Se corrigió porque parecía sospechosamente perfecto.'),(9467,523,'2025-06-02 12:41:00',36,266,0,0,96,1,'2025-05-23 13:02:00',2,'Simulación de terremoto causó variaciones aleatorias.'),(9468,524,'2025-05-29 12:12:00',35,567,0,0,92,1,'2025-05-23 12:25:00',2,'Cambio validado por la abuela experta en Tolvas.'),(9469,529,'2025-06-04 22:24:00',36,597,1,0,94,1,'2025-05-25 22:43:00',2,'El operador pestañeó y apretó el botón sin querer.'),(9470,529,'2025-06-04 21:56:00',35,597,0,0,94,1,'2025-05-25 22:32:00',2,'Cambio por presión popular en la planta.'),(9471,529,'2025-06-04 21:36:00',35,597,0,0,94,1,'2025-05-25 22:21:00',2,'El sistema tuvo un arrebato y decidió cambiarlo solo.'),(9472,529,'2025-06-04 21:36:00',35,591,0,0,94,1,'2025-05-25 22:10:00',2,'El operador pestañeó y apretó el botón sin querer.'),(9473,529,'2025-06-04 21:36:00',35,591,0,0,94,1,'2025-05-25 21:59:00',2,'Modificación motivada por la mística del sistema.'),(9474,529,'2025-06-04 21:18:00',35,591,0,0,94,1,'2025-05-25 21:48:00',2,'Modificación motivada por la mística del sistema.'),(9475,529,'2025-06-04 21:18:00',35,609,0,0,94,1,'2025-05-25 21:37:00',2,'Cambio validado por la abuela experta en Tolvas.'),(9476,529,'2025-06-04 21:48:00',35,609,0,0,94,1,'2025-05-25 22:43:00',2,'Modificación motivada por la mística del sistema.'),(9477,530,'2025-06-03 22:49:00',35,608,0,0,92,1,'2025-05-25 22:18:00',2,'Se corrigió porque parecía sospechosamente perfecto.'),(9478,530,'2025-06-03 22:49:00',36,608,1,0,92,1,'2025-05-25 22:11:00',2,'El jefe dijo que lo hiciera, pero no explicó por qué.'),(9479,530,'2025-06-03 22:49:00',35,608,0,0,92,1,'2025-05-25 22:04:00',2,'Se corrigió porque parecía sospechosamente perfecto.'),(9480,530,'2025-06-03 22:35:00',35,608,0,0,92,1,'2025-05-25 21:57:00',2,'Modificación motivada por la mística del sistema.'),(9481,530,'2025-06-03 22:35:00',36,608,0,0,92,1,'2025-05-25 21:50:00',2,'El sistema tuvo un arrebato y decidió cambiarlo solo.'),(9482,530,'2025-06-03 22:35:00',36,608,1,0,92,1,'2025-05-25 21:43:00',2,'Simulación de terremoto causó variaciones aleatorias.'),(9483,530,'2025-06-03 22:35:00',35,608,0,0,92,1,'2025-05-25 21:36:00',2,'El operador pestañeó y apretó el botón sin querer.'),(9484,530,'2025-06-03 22:13:00',35,608,0,0,92,1,'2025-05-25 22:18:00',2,'Cambio validado por la abuela experta en Tolvas.'),(9485,531,'2025-05-27 22:24:00',35,391,0,0,95,1,'2025-05-25 23:23:00',2,'Se corrigió porque parecía sospechosamente perfecto.'),(9486,531,'2025-05-27 22:40:00',35,391,0,0,95,1,'2025-05-25 22:24:00',2,'El jefe dijo que lo hiciera, pero no explicó por qué.'),(9487,531,'2025-05-27 22:40:00',35,376,0,0,95,1,'2025-05-25 23:23:00',2,'El sistema tuvo un arrebato y decidió cambiarlo solo.'),(9488,532,'2025-05-27 22:48:00',35,694,0,0,91,1,'2025-05-25 23:16:00',2,'Simulación de terremoto causó variaciones aleatorias.'),(9489,532,'2025-05-27 22:48:00',35,708,0,0,91,1,'2025-05-25 22:54:00',2,'El operador pestañeó y apretó el botón sin querer.'),(9490,532,'2025-05-27 22:48:00',36,708,0,0,91,1,'2025-05-25 22:32:00',2,'Simulación de terremoto causó variaciones aleatorias.'),(9491,532,'2025-05-27 22:48:00',35,708,0,0,91,1,'2025-05-25 22:10:00',2,'El sistema tuvo un arrebato y decidió cambiarlo solo.'),(9492,532,'2025-05-27 22:42:00',35,708,0,0,91,1,'2025-05-25 21:48:00',2,'Ajuste por diferencia entre Tolva y Bins… otra vez.'),(9493,532,'2025-05-27 22:50:00',35,708,0,0,91,1,'2025-05-25 23:16:00',2,'Ajuste por diferencia entre Tolva y Bins… otra vez.'),(9494,533,'2025-05-28 22:13:00',36,662,1,0,93,1,'2025-05-25 22:20:00',2,'Reajuste de kilogramos por interferencia cósmica.'),(9495,533,'2025-05-28 21:48:00',36,662,0,0,93,1,'2025-05-25 22:12:00',2,'Modificación motivada por la mística del sistema.'),(9496,533,'2025-05-28 21:48:00',35,662,0,0,93,1,'2025-05-25 22:04:00',2,'Simulación de terremoto causó variaciones aleatorias.'),(9497,533,'2025-05-28 21:48:00',36,662,0,0,93,1,'2025-05-25 21:56:00',2,'Reajuste de kilogramos por interferencia cósmica.'),(9498,533,'2025-05-28 21:48:00',36,662,1,0,93,1,'2025-05-25 21:48:00',2,'El sistema tuvo un arrebato y decidió cambiarlo solo.'),(9499,533,'2025-05-28 21:48:00',36,629,1,0,93,1,'2025-05-25 21:40:00',2,'El jefe dijo que lo hiciera, pero no explicó por qué.'),(9500,533,'2025-05-28 21:35:00',36,629,1,0,93,1,'2025-05-25 21:32:00',2,'Cambio por presión popular en la planta.'),(9501,533,'2025-05-28 21:35:00',36,629,1,6,93,1,'2025-05-25 22:20:00',2,'Reajuste de kilogramos por interferencia cósmica.'),(9502,534,'2025-05-29 03:51:00',35,649,0,0,91,1,'2025-05-27 04:27:00',2,'El jefe dijo que lo hiciera, pero no explicó por qué.'),(9503,534,'2025-05-29 03:24:00',35,649,0,0,91,1,'2025-05-27 03:29:00',2,'Reajuste de kilogramos por interferencia cósmica.'),(9504,534,'2025-05-29 03:24:00',36,649,0,0,91,1,'2025-05-27 04:27:00',2,'Ajuste por diferencia entre Tolva y Bins… otra vez.'),(9505,535,'2025-05-30 08:17:00',36,439,0,0,91,1,'2025-05-28 08:15:00',2,'Simulación de terremoto causó variaciones aleatorias.'),(9506,535,'2025-05-30 08:17:00',35,439,0,0,91,1,'2025-05-28 08:08:00',2,'Reajuste de kilogramos por interferencia cósmica.'),(9507,535,'2025-05-30 08:21:00',36,439,0,0,91,1,'2025-05-28 08:01:00',2,'El operador pestañeó y apretó el botón sin querer.'),(9508,535,'2025-05-30 08:21:00',36,439,1,0,91,1,'2025-05-28 07:54:00',2,'Ajuste por diferencia entre Tolva y Bins… otra vez.'),(9509,535,'2025-05-30 08:21:00',36,439,1,30,91,1,'2025-05-28 07:47:00',2,'Reajuste de kilogramos por interferencia cósmica.'),(9510,535,'2025-05-30 08:21:00',36,457,0,0,91,1,'2025-05-28 08:15:00',2,'El sistema tuvo un arrebato y decidió cambiarlo solo.'),(9511,536,'2025-05-30 08:56:00',35,235,0,0,91,1,'2025-05-28 08:58:00',2,'Reajuste de kilogramos por interferencia cósmica.'),(9512,536,'2025-05-30 08:56:00',35,226,0,0,91,1,'2025-05-28 08:17:00',2,'Simulación de terremoto causó variaciones aleatorias.'),(9513,536,'2025-05-30 08:46:00',35,226,0,0,91,1,'2025-05-28 08:58:00',2,'Cambio validado por la abuela experta en Tolvas.'),(9514,538,'2025-05-31 08:36:00',36,926,0,0,92,1,'2025-05-28 09:18:00',2,'Simulación de terremoto causó variaciones aleatorias.'),(9515,538,'2025-05-31 08:36:00',35,926,0,0,92,1,'2025-05-28 08:58:00',2,'El operador pestañeó y apretó el botón sin querer.'),(9516,538,'2025-05-31 08:08:00',36,926,0,0,92,1,'2025-05-28 08:38:00',2,'Cambio por presión popular en la planta.'),(9517,538,'2025-05-31 08:08:00',36,926,1,0,92,1,'2025-05-28 08:18:00',2,'Modificación motivada por la mística del sistema.'),(9518,538,'2025-05-31 08:22:00',36,926,1,0,92,1,'2025-05-28 07:58:00',2,'El operador pestañeó y apretó el botón sin querer.'),(9519,538,'2025-05-31 08:22:00',35,926,0,0,92,1,'2025-05-28 09:18:00',2,'El sistema tuvo un arrebato y decidió cambiarlo solo.'),(9520,539,'2025-05-31 13:33:00',35,327,0,0,91,1,'2025-05-29 13:38:00',2,'El operador pestañeó y apretó el botón sin querer.'),(9521,539,'2025-05-31 13:34:00',35,337,0,0,91,1,'2025-05-29 13:29:00',2,'Cambio por presión popular en la planta.'),(9522,539,'2025-05-31 13:17:00',36,337,0,0,91,1,'2025-05-29 13:20:00',2,'Cambio por presión popular en la planta.'),(9523,539,'2025-05-31 13:17:00',36,337,1,0,91,1,'2025-05-29 13:11:00',2,'Cambio por presión popular en la planta.'),(9524,539,'2025-05-31 13:03:00',36,337,0,0,91,1,'2025-05-29 13:02:00',2,'Simulación de terremoto causó variaciones aleatorias.'),(9525,539,'2025-05-31 13:10:00',36,337,0,0,91,1,'2025-05-29 12:53:00',2,'El operador pestañeó y apretó el botón sin querer.'),(9526,539,'2025-05-31 13:10:00',35,337,0,0,91,1,'2025-05-29 13:38:00',2,'Reajuste de kilogramos por interferencia cósmica.'),(9527,540,'2025-06-08 13:27:00',36,277,1,24,94,1,'2025-05-29 13:55:00',2,'Ajuste por diferencia entre Tolva y Bins… otra vez.'),(9528,540,'2025-06-08 13:27:00',36,280,1,24,94,1,'2025-05-29 13:19:00',2,'El sistema tuvo un arrebato y decidió cambiarlo solo.'),(9529,540,'2025-06-08 13:27:00',36,277,0,0,94,1,'2025-05-29 13:55:00',2,'Simulación de terremoto causó variaciones aleatorias.'),(9530,542,'2025-05-31 13:42:00',36,307,0,0,92,1,'2025-05-29 13:30:00',2,'Reajuste de kilogramos por interferencia cósmica.'),(9531,542,'2025-05-31 13:42:00',36,298,0,0,92,1,'2025-05-29 13:22:00',2,'Ajuste por diferencia entre Tolva y Bins… otra vez.'),(9532,542,'2025-05-31 13:42:00',36,298,1,0,92,1,'2025-05-29 13:14:00',2,'El jefe dijo que lo hiciera, pero no explicó por qué.'),(9533,542,'2025-05-31 13:27:00',36,298,1,0,92,1,'2025-05-29 13:06:00',2,'El sistema tuvo un arrebato y decidió cambiarlo solo.'),(9534,542,'2025-05-31 13:08:00',36,298,1,0,92,1,'2025-05-29 12:58:00',2,'Ajuste por diferencia entre Tolva y Bins… otra vez.'),(9535,542,'2025-05-31 13:08:00',35,298,0,0,92,1,'2025-05-29 12:50:00',2,'Modificación motivada por la mística del sistema.'),(9536,542,'2025-05-31 12:50:00',36,298,0,0,92,1,'2025-05-29 13:30:00',2,'El operador pestañeó y apretó el botón sin querer.'),(9537,543,'2025-06-06 13:42:00',35,304,0,0,91,1,'2025-05-29 13:19:00',2,'Modificación motivada por la mística del sistema.'),(9538,543,'2025-06-06 13:42:00',35,298,0,0,91,1,'2025-05-29 13:15:00',2,'El sistema tuvo un arrebato y decidió cambiarlo solo.'),(9539,543,'2025-06-06 13:42:00',35,313,0,0,91,1,'2025-05-29 13:11:00',2,'Reajuste de kilogramos por interferencia cósmica.'),(9540,543,'2025-06-06 13:55:00',36,316,0,0,91,1,'2025-05-29 13:07:00',2,'Ajuste por diferencia entre Tolva y Bins… otra vez.'),(9541,543,'2025-06-06 13:55:00',36,329,0,0,91,1,'2025-05-29 13:03:00',2,'El sistema tuvo un arrebato y decidió cambiarlo solo.'),(9542,543,'2025-06-06 13:55:00',35,329,0,0,91,1,'2025-05-29 12:59:00',2,'El jefe dijo que lo hiciera, pero no explicó por qué.'),(9543,543,'2025-06-06 13:58:00',36,329,1,0,91,1,'2025-05-29 12:55:00',2,'El operador pestañeó y apretó el botón sin querer.'),(9544,543,'2025-06-06 13:58:00',36,332,1,0,91,1,'2025-05-29 12:51:00',2,'Se corrigió porque parecía sospechosamente perfecto.'),(9545,543,'2025-06-06 13:58:00',36,329,1,0,91,1,'2025-05-29 13:19:00',2,'El sistema tuvo un arrebato y decidió cambiarlo solo.'),(9546,544,'2025-06-08 13:42:00',36,417,1,7,94,1,'2025-05-29 14:08:00',2,'Cambio validado por la abuela experta en Tolvas.'),(9547,544,'2025-06-08 13:58:00',36,417,1,25,94,1,'2025-05-29 14:08:00',2,'Modificación motivada por la mística del sistema.'),(9548,546,'2025-06-05 18:48:00',36,336,0,0,96,1,'2025-05-30 18:58:00',2,'Cambio por presión popular en la planta.'),(9549,546,'2025-06-05 18:48:00',35,329,0,0,96,1,'2025-05-30 18:58:00',2,'Simulación de terremoto causó variaciones aleatorias.'),(9550,548,'2025-06-04 18:35:00',35,720,0,0,94,1,'2025-05-30 19:48:00',2,'El jefe dijo que lo hiciera, pero no explicó por qué.'),(9551,550,'2025-06-01 19:01:00',35,229,0,0,93,1,'2025-05-30 19:22:00',2,'Cambio por presión popular en la planta.'),(9552,550,'2025-06-01 19:01:00',35,229,0,0,93,1,'2025-05-30 19:09:00',2,'El operador pestañeó y apretó el botón sin querer.'),(9553,550,'2025-06-01 19:01:00',36,229,0,0,93,1,'2025-05-30 18:56:00',2,'El jefe dijo que lo hiciera, pero no explicó por qué.'),(9554,550,'2025-06-01 19:01:00',36,220,0,0,93,1,'2025-05-30 18:43:00',2,'Cambio validado por la abuela experta en Tolvas.'),(9555,550,'2025-06-01 19:28:00',36,220,0,0,93,1,'2025-05-30 18:30:00',2,'El sistema tuvo un arrebato y decidió cambiarlo solo.'),(9556,550,'2025-06-01 19:25:00',36,220,1,0,93,1,'2025-05-30 18:17:00',2,'El operador pestañeó y apretó el botón sin querer.'),(9557,550,'2025-06-01 19:16:00',36,220,1,0,93,1,'2025-05-30 18:04:00',2,'Reajuste de kilogramos por interferencia cósmica.'),(9558,550,'2025-06-01 19:16:00',36,209,1,14,93,1,'2025-05-30 19:22:00',2,'Simulación de terremoto causó variaciones aleatorias.'),(9559,551,'2025-06-03 18:22:00',35,570,0,0,92,1,'2025-05-30 18:34:00',2,'Reajuste de kilogramos por interferencia cósmica.'),(9560,551,'2025-06-03 18:05:00',35,564,0,0,92,1,'2025-05-30 18:19:00',2,'Simulación de terremoto causó variaciones aleatorias.'),(9561,551,'2025-06-03 18:02:00',35,564,0,0,92,1,'2025-05-30 18:04:00',2,'Se corrigió porque parecía sospechosamente perfecto.'),(9562,551,'2025-06-03 18:02:00',35,564,0,0,92,1,'2025-05-30 18:34:00',2,'El operador pestañeó y apretó el botón sin querer.'),(9563,552,'2025-06-04 23:54:00',36,839,0,0,95,1,'2025-05-31 23:25:00',2,'El sistema tuvo un arrebato y decidió cambiarlo solo.'),(9564,552,'2025-06-04 23:54:00',35,839,0,0,95,1,'2025-05-31 23:25:00',2,'El sistema tuvo un arrebato y decidió cambiarlo solo.'),(9565,551,'2025-06-03 18:48:00',35,570,0,NULL,92,1,'2025-06-12 02:13:14',2,'Es mejor un Bin que una Tolva.'),(9566,567,'2025-07-01 01:00:00',35,100,0,NULL,92,1,'2025-06-14 22:30:34',121,'Ahí le dupliqué pa que le corte la colix'),(9567,567,'2025-07-01 01:00:00',35,200,0,NULL,92,1,'2025-06-15 01:46:48',121,'Ya, le triplique pa que saque 2 colitas.'),(9568,567,'2025-07-01 01:00:00',35,300,0,NULL,92,1,'2025-06-15 01:52:37',121,'Le subimos 100 más.'),(9569,567,'2025-07-01 01:00:00',35,400,0,NULL,92,1,'2025-06-15 01:56:26',121,'Vamos el media luca.'),(9570,567,'2025-07-01 01:00:00',35,500,0,NULL,92,1,'2025-06-15 02:00:16',121,'Vamos en 600 !!!'),(9571,567,'2025-07-01 01:00:00',35,600,0,NULL,92,1,'2025-06-15 02:08:26',121,'Ahora subimos a 700.'),(9572,567,'2025-07-01 01:00:00',35,700,0,NULL,92,1,'2025-06-15 02:12:38',121,'Vamos en 800.'),(9573,567,'2025-07-01 01:00:00',35,800,0,NULL,92,1,'2025-06-15 02:14:52',121,'900 Kilos !!!'),(9574,567,'2025-07-01 01:00:00',35,900,0,NULL,92,1,'2025-06-15 02:19:03',121,'Liquita.'),(9575,567,'2025-07-01 01:00:00',35,1000,0,NULL,92,1,'2025-06-15 02:21:50',121,'2 luqiutas'),(9576,567,'2025-07-01 01:00:00',35,2000,0,NULL,92,1,'2025-06-15 02:26:22',121,'3 liquitas.'),(9577,567,'2025-07-01 01:00:00',35,3000,0,NULL,92,1,'2025-06-15 02:32:45',121,'Vamos en 3100'),(9578,567,'2025-07-01 01:00:00',35,3100,0,NULL,92,1,'2025-06-15 02:35:21',121,'3200 y subiendo'),(9579,567,'2025-07-01 01:00:00',35,3200,0,NULL,92,1,'2025-06-15 02:39:41',121,'Vamos en 3300.'),(9580,567,'2025-07-01 01:00:00',35,3300,0,NULL,92,1,'2025-06-15 02:42:02',121,'Ya vamos en 3400.'),(9581,567,'2025-07-01 01:00:00',35,3400,0,NULL,92,1,'2025-06-15 02:44:32',121,'Vamos con 3.500.'),(9582,567,'2025-07-01 01:00:00',35,3500,0,NULL,92,1,'2025-06-15 02:47:09',121,'Vamos 3600'),(9583,567,'2025-07-01 01:00:00',35,3600,0,NULL,92,1,'2025-06-15 02:47:36',121,'Vamos 3700'),(9584,567,'2025-07-01 01:00:00',35,3700,0,NULL,92,1,'2025-06-15 02:53:04',121,'Vamos 3800.'),(9585,567,'2025-07-01 01:00:00',35,3800,0,NULL,92,1,'2025-06-15 02:57:56',121,'Vamos con 3900.'),(9586,567,'2025-07-01 01:00:00',35,3900,0,NULL,92,1,'2025-06-15 03:00:49',121,'4 luquitas.'),(9587,567,'2025-07-01 01:00:00',35,4000,0,NULL,92,1,'2025-06-15 03:58:35',121,'Ahora 5 luquitas.'),(9588,567,'2025-07-01 01:00:00',35,5000,0,NULL,92,1,'2025-06-15 04:04:10',121,'Como estamos ahora.'),(9589,570,'2025-07-01 01:00:00',35,100,0,NULL,92,1,'2025-06-17 17:02:57',121,'Ahi le subimos a 200.'),(9590,570,'2025-07-01 01:00:00',35,200,0,NULL,93,1,'2025-06-17 17:52:15',121,'Cambiamos de Tolva a BINs.'),(9591,569,'2025-07-01 01:00:00',35,200,0,NULL,91,1,'2025-06-17 17:55:40',121,'Lo subimos a 300.'),(9592,572,'2025-07-01 01:00:00',36,200,0,NULL,91,1,'2025-06-17 21:13:41',121,'Subimos los kilos.'),(9593,575,'2027-07-01 01:00:00',35,100,0,NULL,92,1,'2025-06-17 21:51:27',121,'Aquí va la respuesta.'),(9594,575,'2027-07-01 01:00:00',35,200,0,NULL,92,1,'2025-06-17 22:15:24',121,'Segundo ajuste para probar notificación a coordinadores y Admins-IT.'),(9595,574,'2025-07-01 01:00:00',35,500,0,NULL,92,1,'2025-06-17 22:26:23',121,'Otro comentario de prueba.'),(9596,610,'2025-07-03 03:00:00',36,300,1,0,91,1,'2025-06-18 04:32:51',121,'Se me había olvidado detallar la cantidad de bins a reponer.'),(9597,611,'2025-07-04 04:00:00',36,400,1,400,91,1,'2025-06-18 15:27:58',121,'Modificación de 1 kilito.'),(9598,609,'2025-07-02 02:00:00',36,200,0,NULL,91,1,'2025-06-18 15:32:35',121,'1 kilo más'),(9599,609,'2025-07-02 02:00:00',36,201,0,NULL,91,1,'2025-06-18 15:34:03',121,'Otro kilito más.'),(9600,608,'2025-07-01 01:00:00',35,100,0,NULL,91,1,'2025-06-18 15:36:00',121,'1 kilito más.'),(9601,611,'2025-07-04 04:00:00',36,401,1,400,91,1,'2025-06-18 15:36:39',121,'Otro kilito más.'),(9602,610,'2025-07-03 03:00:00',36,300,1,300,91,1,'2025-06-18 15:37:20',121,'1 kilito más.'),(9603,654,'2025-07-06 07:00:00',35,600,0,NULL,91,1,'2025-07-01 02:57:21',2,'Hola 02.'),(9604,654,'2025-07-06 07:00:00',36,600,0,NULL,91,1,'2025-07-01 03:05:06',2,'Hola 03.'),(9605,654,'2025-07-06 07:00:00',35,600,0,NULL,91,1,'2025-07-01 03:05:45',2,'Hola 04.'),(9606,654,'2025-07-01 07:00:00',36,600,0,NULL,91,1,'2025-07-01 03:13:58',2,'Hola 05.'),(9607,654,'2025-07-01 08:00:00',36,600,0,NULL,91,1,'2025-07-01 03:14:18',2,'Hola 06.'),(9608,654,'2025-07-01 08:00:00',36,601,0,NULL,91,1,'2025-07-01 03:14:37',2,'Hola 07.'),(9609,654,'2025-07-01 08:00:00',35,601,0,NULL,91,1,'2025-07-01 03:14:58',2,'Hola 08.'),(9610,654,'2025-07-01 08:00:00',36,601,0,NULL,91,1,'2025-07-01 03:15:18',2,'Hola 09.'),(9611,654,'2025-07-01 08:00:00',36,601,0,NULL,91,1,'2025-07-01 03:15:43',2,'Hola 09.'),(9612,654,'2025-07-01 08:00:00',36,601,0,NULL,91,1,'2025-07-01 03:33:47',2,'Hola 10.'),(9613,654,'2025-07-01 08:00:00',36,601,0,NULL,91,1,'2025-07-01 03:34:36',2,'Hola 11.'),(9614,654,'2025-07-01 08:00:00',36,601,0,NULL,91,1,'2025-07-01 03:35:08',2,'Hola 12.'),(9615,654,'2025-07-01 08:00:00',36,601,0,NULL,91,1,'2025-07-01 03:36:53',2,'Hola 14.'),(9616,654,'2025-07-01 08:00:00',36,601,0,NULL,91,1,'2025-07-01 03:37:57',2,'Hola 15.'),(9617,654,'2025-07-01 08:00:00',36,601,0,NULL,91,1,'2025-07-01 03:39:38',2,'Hola 16.'),(9618,654,'2025-07-01 08:00:00',36,601,0,NULL,91,1,'2025-07-01 03:44:43',2,'Hola 17.'),(9619,654,'2025-07-01 08:00:00',36,601,0,NULL,91,1,'2025-07-01 03:47:41',2,'Hola 18.'),(9620,654,'2025-07-01 08:00:00',36,601,0,NULL,91,1,'2025-07-01 03:49:52',2,'Hola 19.'),(9621,654,'2025-07-01 08:00:00',36,601,1,0,91,1,'2025-07-01 03:50:16',2,'Hola 20.'),(9622,651,'2025-07-03 10:00:00',36,300,0,0,91,1,'2025-07-01 03:55:59',2,'Hola 21.'),(9623,650,'2025-07-02 11:00:00',35,200,0,NULL,91,1,'2025-07-01 03:57:53',2,'Hola 22.'),(9624,654,'2025-07-01 08:00:00',36,601,1,12,91,1,'2025-07-01 04:30:14',2,'Al fin.'),(9625,654,'2025-07-01 08:00:00',36,601,1,0,91,1,'2025-07-01 04:30:31',2,'Al fin 3.'),(9626,656,'2025-07-02 10:00:00',36,200,1,12,91,1,'2025-07-01 16:19:01',2,'Probando.'),(9627,656,'2025-07-02 10:00:00',36,200,0,0,91,1,'2025-07-01 20:05:47',2,'Prueba.'),(9628,656,'2025-07-02 10:00:00',36,200,1,0,91,1,'2025-07-01 20:09:07',2,'Prueba'),(9629,661,'2025-08-01 12:00:00',36,100,1,12,91,1,'2025-07-04 01:39:08',2,'Probando.'),(9630,667,'2025-07-15 12:00:00',36,3000,1,2,91,1,'2025-07-15 19:51:34',77,'Me equivoqué'),(9631,666,'2025-07-16 08:00:00',36,2000,1,10,91,1,'2025-07-15 19:53:51',3,'Son 11 no 10'),(9632,667,'2025-07-15 12:00:00',36,3000,1,3,91,1,'2025-07-15 19:57:14',3,'son 4 no 3'),(9633,609,'2025-07-02 02:00:00',36,202,0,NULL,91,1,'2025-07-17 16:44:32',3,'Actualización peso'),(9634,671,'2025-07-18 08:00:00',36,600,1,1,91,1,'2025-07-17 18:56:19',3,'Cambio de Bins a 2'),(9635,671,'2025-07-18 08:00:00',36,600,1,2,92,1,'2025-07-17 18:59:55',121,'cambio a 3 bins'),(9636,670,'2025-07-18 07:30:00',35,500,0,NULL,91,1,'2025-07-17 19:04:53',3,'12345'),(9637,672,'2025-07-19 08:00:00',35,2000,0,NULL,91,1,'2025-07-18 16:02:34',3,'Cambio de hora y volumen'),(9638,672,'2025-07-19 10:00:00',35,4000,0,NULL,92,1,'2025-07-18 16:04:33',121,'Finalmente son 3000'),(9639,677,'2025-07-23 09:00:00',35,2000,0,NULL,92,1,'2025-07-22 18:44:47',77,'Se actualiza a 1000'),(9640,701,'2025-08-01 13:00:00',36,3000,1,1,92,1,'2025-08-01 15:05:33',121,'Se actualiza a 2'),(9641,696,'2025-07-25 12:00:00',35,6000,0,NULL,91,1,'2025-09-01 20:10:32',2,'Probando.'),(9642,744,'2026-01-19 10:00:00',36,3,0,NULL,91,1,'2026-01-16 12:03:47',2,'Probando.'),(9643,741,'2026-01-12 11:00:00',36,1,0,NULL,91,1,'2026-01-16 12:06:36',2,'Probando.'),(9644,741,'2026-01-12 11:00:00',36,1,1,3,91,1,'2026-01-16 12:07:10',2,'Probando.'),(9645,744,'2026-01-19 10:00:00',36,3,0,NULL,91,1,'2026-01-16 12:07:33',2,'Probando.'),(9646,744,'2026-01-19 10:00:00',36,3,0,NULL,91,1,'2026-01-16 12:07:54',2,'Probando.'),(9647,744,'2026-01-19 10:00:00',36,3,0,NULL,91,1,'2026-01-16 15:13:31',2,'Probando.'),(9648,744,'2026-01-19 10:00:00',36,3,0,0,91,1,'2026-01-16 15:16:14',2,'Probando.'),(9649,744,'2026-01-19 10:00:00',36,3,0,0,91,1,'2026-01-16 15:16:39',2,'Probando.'),(9650,741,'2026-01-12 11:00:00',35,1,0,NULL,91,1,'2026-01-16 15:17:57',2,'Probando.'),(9651,744,'2026-01-19 10:00:00',36,6,0,0,91,1,'2026-01-16 16:17:44',2,'Probando.'),(9652,744,'2026-01-19 10:00:00',36,6,0,0,91,1,'2026-01-16 16:33:48',2,'Probando.'),(9653,741,'2026-01-12 11:00:00',36,1,1,3,91,1,'2026-01-16 16:34:18',2,'Probando.'),(9654,744,'2026-01-19 10:00:00',36,6,0,0,91,1,'2026-01-16 16:34:36',2,'Probando.'),(9655,744,'2026-01-19 10:00:00',36,6,0,0,91,1,'2026-01-16 17:56:22',2,'Probando.'),(9656,744,'2026-01-19 10:00:00',36,6,0,0,91,1,'2026-01-16 18:08:07',2,'Probando.'),(9657,741,'2026-01-12 11:00:00',36,1,1,33,91,1,'2026-01-16 18:08:34',2,'Probando.'),(9658,744,'2026-01-19 10:00:00',36,6,0,0,91,1,'2026-01-16 19:02:40',2,'Probando.'),(9659,744,'2026-01-19 10:00:00',36,6,0,0,91,1,'2026-01-16 19:05:04',2,'Probando.'),(9660,744,'2026-01-19 10:00:00',36,6,0,0,91,1,'2026-01-16 19:06:48',2,'Probando.'),(9661,744,'2026-01-19 10:00:00',36,6,0,0,91,1,'2026-01-16 19:08:17',2,'Probando.'),(9662,744,'2026-01-19 10:00:00',36,6,0,0,91,1,'2026-01-16 19:08:53',2,'selectorRegion'),(9663,741,'2026-01-12 11:00:00',36,1,1,3,91,1,'2026-01-16 19:09:48',2,'Probando.'),(9664,746,'2026-01-15 10:00:00',36,10,0,NULL,91,1,'2026-01-16 19:40:14',2,'Probando.'),(9665,746,'2026-01-15 10:00:00',36,10,0,NULL,91,1,'2026-01-16 19:57:05',2,'Probando.'),(9666,746,'2026-01-15 10:00:00',36,10,0,NULL,91,1,'2026-01-16 20:10:18',2,'Probando.'),(9667,746,'2026-01-15 10:00:00',36,10,0,NULL,91,1,'2026-01-16 20:15:02',2,'Probando.'),(9668,746,'2026-01-15 10:00:00',36,10,0,NULL,91,1,'2026-01-16 20:18:15',2,'Probando.'),(9669,741,'2026-01-12 11:00:00',36,1,1,33,91,1,'2026-01-16 20:18:56',2,'Probando.'),(9670,741,'2026-01-12 11:00:00',36,1,1,3,91,1,'2026-01-16 20:21:00',2,'Probando.'),(9671,746,'2026-01-15 10:00:00',36,10,0,NULL,91,1,'2026-01-16 20:22:24',2,'Probando.'),(9672,746,'2026-01-15 10:00:00',36,10,0,NULL,91,1,'2026-01-16 20:34:08',2,'Probando.'),(9673,746,'2026-01-15 10:00:00',36,10,0,0,91,1,'2026-01-16 20:34:40',2,'Probando.'),(9674,746,'2026-01-15 10:00:00',36,10,0,0,91,1,'2026-01-16 20:42:36',2,'Probando.'),(9675,746,'2026-01-15 10:00:00',36,11,0,0,91,1,'2026-01-16 20:51:04',2,'Probando.'),(9676,746,'2026-01-15 10:00:00',36,12,1,0,91,1,'2026-01-16 21:09:43',2,'Probando.'),(9677,746,'2026-01-15 10:00:00',36,33,1,0,91,1,'2026-01-16 21:11:56',2,'Probando.'),(9678,741,'2026-01-12 11:00:00',36,1,1,33,91,1,'2026-01-16 21:21:38',2,'Probando.'),(9679,746,'2026-01-15 10:00:00',36,69,1,0,91,1,'2026-01-16 21:23:04',2,'Probando.'),(9680,741,'2026-01-12 11:00:00',36,1,1,69,91,1,'2026-01-16 21:24:07',2,'Probando.'),(9681,746,'2026-01-15 10:00:00',36,69,1,0,91,1,'2026-01-16 21:30:29',2,'Probando.'),(9682,746,'2026-01-15 10:00:00',36,69,1,0,91,1,'2026-01-16 21:31:11',2,'Probando.'),(9683,746,'2026-01-15 10:00:00',36,69,1,0,91,1,'2026-01-16 21:31:50',2,'Probando.'),(9684,746,'2026-01-15 10:00:00',36,69,1,0,91,1,'2026-01-16 21:40:54',2,'Probando.'),(9685,746,'2026-01-15 10:00:00',36,69,1,0,91,1,'2026-01-16 22:48:06',2,'Probando.'),(9686,746,'2026-01-15 10:00:00',36,69,1,0,91,1,'2026-01-17 15:18:19',2,'Probando.'),(9687,741,'2026-01-12 11:00:00',36,1,1,11,91,1,'2026-01-17 15:18:56',2,'Probando.'),(9688,745,'2026-01-15 05:00:00',35,3,0,NULL,91,1,'2026-01-17 15:19:20',2,'Probando.'),(9689,745,'2026-01-15 05:00:00',35,33,0,NULL,91,1,'2026-01-17 15:19:47',2,'Probando.'),(9690,745,'2026-01-15 05:00:00',36,33,0,0,91,1,'2026-01-17 15:20:06',2,'Probando.'),(9691,745,'2026-01-15 05:00:00',36,33,1,0,91,1,'2026-01-17 15:20:25',2,'Probando.'),(9692,746,'2026-01-15 10:00:00',36,69,1,11,91,1,'2026-01-17 15:20:40',2,'Probando.'),(9693,746,'2026-01-15 10:00:00',36,69,0,0,91,1,'2026-01-17 15:20:57',2,'Probando.'),(9694,746,'2026-01-15 10:00:00',36,6,0,0,91,1,'2026-01-17 15:28:00',2,'Provecho.'),(9695,746,'2026-01-15 10:00:00',36,6,1,11,91,1,'2026-01-17 15:35:11',2,'Probando.'),(9696,746,'2026-01-15 10:00:00',36,69,1,3,91,1,'2026-01-17 15:38:35',2,'Probando.'),(9697,746,'2026-01-15 10:00:00',36,69,1,1,91,1,'2026-01-17 15:38:49',2,'Probando.'),(9698,746,'2026-01-15 10:00:00',36,69,1,10,91,1,'2026-01-17 15:50:30',2,'Probando.'),(9699,745,'2026-01-15 05:00:00',36,33,1,3,91,1,'2026-01-17 15:50:49',2,'Probando.'),(9700,744,'2026-01-19 10:00:00',36,6,0,0,91,1,'2026-01-17 15:51:57',2,'Probando.'),(9701,745,'2026-01-15 05:00:00',36,33,1,12,92,1,'2026-01-17 15:55:10',2,'Listo, en 300 los kilos.'),(9702,750,'2026-01-20 13:00:00',36,12,0,NULL,91,1,'2026-01-17 15:59:07',2,'Probando.'),(9703,829,'2026-02-16 12:00:00',35,300,0,NULL,91,1,'2026-02-03 14:59:37',2,'Cambiamos de Tolva a Bins.'),(9704,830,'2026-02-16 13:00:00',36,400,1,10,91,1,'2026-02-03 15:00:04',2,'Bajamos de 10 Bins a 0 Bins.'),(9705,826,'2026-02-14 04:00:00',36,400,0,0,92,1,'2026-02-03 15:07:16',2,'Listo.'),(9706,850,'2026-02-12 12:00:00',36,10,0,0,91,1,'2026-02-04 15:58:47',2,'Me equivoque en los kilos y los bines.'),(9707,850,'2026-02-12 12:00:00',36,100,1,10,92,1,'2026-02-04 16:00:19',2,'Listo.'),(9708,860,'2026-02-10 12:00:00',35,0,0,NULL,91,1,'2026-02-08 21:30:31',2,'Probando.'),(9709,861,'2026-02-10 13:00:00',36,0,0,0,91,1,'2026-02-08 21:30:50',2,'Probando.'),(9710,862,'2026-02-20 12:00:00',35,0,0,NULL,91,1,'2026-02-08 21:42:09',2,'Probando.'),(9711,863,'2026-02-20 13:00:00',36,0,0,0,91,1,'2026-02-08 21:42:25',2,'Probando.'),(9712,881,'2026-02-12 18:00:00',36,1,0,0,91,1,'2026-02-09 02:31:56',2,'Probando.'),(9713,885,'2026-02-20 12:00:00',36,0,0,0,91,1,'2026-02-09 15:53:44',2,'Probando.'),(9714,881,'2026-02-12 18:00:00',36,1,0,0,91,1,'2026-02-09 15:54:22',2,'Probando.'),(9715,881,'2026-02-12 19:00:00',36,1,0,0,91,1,'2026-02-09 15:54:46',2,'Probando.'),(9716,895,'2026-02-20 12:00:00',36,0,1,12,92,1,'2026-02-11 21:58:01',127,'Listo !!!');
/*!40000 ALTER TABLE `retiros_historial` ENABLE KEYS */;
UNLOCK TABLES;

--
-- Table structure for table `sessions`
--

DROP TABLE IF EXISTS `sessions`;
/*!40101 SET @saved_cs_client     = @@character_set_client */;
/*!50503 SET character_set_client = utf8mb4 */;
CREATE TABLE `sessions` (
  `id` varchar(255) NOT NULL,
  `user_id` bigint(20) unsigned DEFAULT NULL,
  `ip_address` varchar(45) DEFAULT NULL,
  `user_agent` text DEFAULT NULL,
  `payload` longtext NOT NULL,
  `last_activity` int(11) NOT NULL,
  PRIMARY KEY (`id`),
  KEY `sessions_user_id_index` (`user_id`),
  KEY `sessions_last_activity_index` (`last_activity`)
) ENGINE=InnoDB DEFAULT CHARSET=utf8mb4 COLLATE=utf8mb4_unicode_ci;
/*!40101 SET character_set_client = @saved_cs_client */;

--
-- Dumping data for table `sessions`
--

LOCK TABLES `sessions` WRITE;
/*!40000 ALTER TABLE `sessions` DISABLE KEYS */;
INSERT INTO `sessions` VALUES ('ywxaVIa2C2lJ4zN0Nq9NDXdChrNHaO9prCbVSNBT',NULL,'127.0.0.1','Mozilla/5.0 (Windows NT 10.0; Win64; x64) AppleWebKit/537.36 (KHTML, like Gecko) Chrome/149.0.0.0 Safari/537.36','YTo0OntzOjY6Il90b2tlbiI7czo0MDoiRGk2aDdoRklrdnZYZ0hjR29YN0lZejRnb091MjFjaG43Z0pPcDdGYyI7czo5OiJfcHJldmlvdXMiO2E6MTp7czozOiJ1cmwiO3M6NDU6Imh0dHBzOi8vbGFwb3J0YWRhLXYyLmxlbm92by1ub3RlYm9vay5jbC9sb2dpbiI7fXM6NjoiX2ZsYXNoIjthOjI6e3M6Mzoib2xkIjthOjA6e31zOjM6Im5ldyI7YTowOnt9fXM6NDoiYXV0aCI7YToxOntzOjIxOiJwYXNzd29yZF9jb25maXJtZWRfYXQiO2k6MTc4MzAwNTkwODt9fQ==',1783009462);
/*!40000 ALTER TABLE `sessions` ENABLE KEYS */;
UNLOCK TABLES;

--
-- Table structure for table `solicitudes`
--

DROP TABLE IF EXISTS `solicitudes`;
/*!40101 SET @saved_cs_client     = @@character_set_client */;
/*!50503 SET character_set_client = utf8mb4 */;
CREATE TABLE `solicitudes` (
  `id` bigint(20) unsigned NOT NULL AUTO_INCREMENT,
  `usuario_id` bigint(20) unsigned NOT NULL,
  `maquila_id` bigint(20) unsigned NOT NULL,
  `created_at` timestamp NULL DEFAULT NULL,
  `updated_at` timestamp NULL DEFAULT NULL,
  PRIMARY KEY (`id`),
  KEY `solicitudes_maquila_id_foreign` (`maquila_id`),
  KEY `solicitudes_usuario_id_fk` (`usuario_id`),
  CONSTRAINT `solicitudes_maquila_id_foreign` FOREIGN KEY (`maquila_id`) REFERENCES `maquilas` (`id`) ON UPDATE CASCADE,
  CONSTRAINT `solicitudes_usuario_id_fk` FOREIGN KEY (`usuario_id`) REFERENCES `users` (`id`) ON UPDATE CASCADE
) ENGINE=InnoDB AUTO_INCREMENT=336 DEFAULT CHARSET=utf8mb4 COLLATE=utf8mb4_unicode_ci;
/*!40101 SET character_set_client = @saved_cs_client */;

--
-- Dumping data for table `solicitudes`
--

LOCK TABLES `solicitudes` WRITE;
/*!40000 ALTER TABLE `solicitudes` DISABLE KEYS */;
INSERT INTO `solicitudes` VALUES (5,2,2017,'2025-02-01 00:00:00','2025-02-01 00:00:00'),(6,2,1952,'2025-02-02 05:06:00','2025-02-02 05:06:00'),(7,2,2072,'2025-02-03 10:12:00','2025-02-03 10:12:00'),(8,2,2142,'2025-02-04 15:18:00','2025-02-04 15:18:00'),(9,2,1882,'2025-02-05 20:24:00','2025-02-05 20:24:00'),(10,2,2001,'2025-02-07 01:30:00','2025-02-07 01:30:00'),(11,2,2055,'2025-02-08 06:36:00','2025-02-08 06:36:00'),(12,2,2142,'2025-02-09 11:42:00','2025-02-09 11:42:00'),(13,2,2183,'2025-02-10 16:48:00','2025-02-10 16:48:00'),(14,2,2213,'2025-02-11 21:54:00','2025-02-11 21:54:00'),(15,2,1916,'2025-02-13 03:00:00','2025-02-13 03:00:00'),(16,2,1965,'2025-02-14 08:06:00','2025-02-14 08:06:00'),(17,2,2160,'2025-02-15 13:12:00','2025-02-15 13:12:00'),(18,2,2041,'2025-02-16 18:18:00','2025-02-16 18:18:00'),(19,2,2171,'2025-02-17 23:24:00','2025-02-17 23:24:00'),(20,2,1888,'2025-02-19 04:30:00','2025-02-19 04:30:00'),(21,2,2092,'2025-02-20 09:36:00','2025-02-20 09:36:00'),(22,2,2169,'2025-02-21 14:42:00','2025-02-21 14:42:00'),(23,2,2046,'2025-02-22 19:48:00','2025-02-22 19:48:00'),(24,2,2167,'2025-02-24 00:54:00','2025-02-24 00:54:00'),(25,2,1929,'2025-02-25 06:00:00','2025-02-25 06:00:00'),(26,2,1964,'2025-02-26 11:06:00','2025-02-26 11:06:00'),(27,2,2121,'2025-02-27 16:12:00','2025-02-27 16:12:00'),(28,2,2138,'2025-02-28 21:18:00','2025-02-28 21:18:00'),(29,2,2023,'2025-03-02 02:24:00','2025-03-02 02:24:00'),(30,2,2196,'2025-03-03 07:30:00','2025-03-03 07:30:00'),(31,2,2084,'2025-03-04 12:36:00','2025-03-04 12:36:00'),(32,2,1963,'2025-03-05 17:42:00','2025-03-05 17:42:00'),(33,2,2167,'2025-03-06 22:48:00','2025-03-06 22:48:00'),(34,2,2027,'2025-03-08 03:54:00','2025-03-08 03:54:00'),(35,2,2115,'2025-03-09 08:00:00','2025-03-09 08:00:00'),(36,2,1925,'2025-03-10 13:06:00','2025-03-10 13:06:00'),(37,2,1927,'2025-03-11 18:12:00','2025-03-11 18:12:00'),(38,2,1969,'2025-03-12 23:18:00','2025-03-12 23:18:00'),(39,2,2005,'2025-03-14 04:24:00','2025-03-14 04:24:00'),(40,2,2186,'2025-03-15 09:30:00','2025-03-15 09:30:00'),(41,2,2192,'2025-03-16 14:36:00','2025-03-16 14:36:00'),(42,2,2048,'2025-03-17 19:42:00','2025-03-17 19:42:00'),(43,2,2049,'2025-03-19 00:48:00','2025-03-19 00:48:00'),(44,2,2156,'2025-03-20 05:54:00','2025-03-20 05:54:00'),(45,2,2183,'2025-03-21 11:00:00','2025-03-21 11:00:00'),(46,2,1930,'2025-03-22 16:06:00','2025-03-22 16:06:00'),(47,2,2215,'2025-03-23 21:12:00','2025-03-23 21:12:00'),(48,2,2214,'2025-03-25 02:18:00','2025-03-25 02:18:00'),(49,2,1930,'2025-03-26 07:24:00','2025-03-26 07:24:00'),(50,2,2084,'2025-03-27 12:30:00','2025-03-27 12:30:00'),(51,2,2125,'2025-03-28 17:36:00','2025-03-28 17:36:00'),(52,2,2079,'2025-03-29 22:42:00','2025-03-29 22:42:00'),(53,2,1918,'2025-03-31 03:48:00','2025-03-31 03:48:00'),(54,2,1988,'2025-04-01 08:54:00','2025-04-01 08:54:00'),(55,2,2216,'2025-04-02 14:00:00','2025-04-02 14:00:00'),(56,2,1985,'2025-04-03 19:06:00','2025-04-03 19:06:00'),(57,2,2213,'2025-04-05 00:12:00','2025-04-05 00:12:00'),(58,2,1982,'2025-04-06 04:18:00','2025-04-06 04:18:00'),(59,2,2040,'2025-04-07 09:24:00','2025-04-07 09:24:00'),(60,2,2108,'2025-04-08 14:30:00','2025-04-08 14:30:00'),(61,2,1909,'2025-04-09 19:36:00','2025-04-09 19:36:00'),(62,2,2046,'2025-04-11 00:42:00','2025-04-11 00:42:00'),(63,2,1982,'2025-04-12 05:48:00','2025-04-12 05:48:00'),(64,2,2157,'2025-04-13 10:54:00','2025-04-13 10:54:00'),(65,2,2207,'2025-04-14 16:00:00','2025-04-14 16:00:00'),(66,2,2019,'2025-04-15 21:06:00','2025-04-15 21:06:00'),(67,2,2080,'2025-04-17 02:12:00','2025-04-17 02:12:00'),(68,2,2110,'2025-04-18 07:18:00','2025-04-18 07:18:00'),(69,2,2217,'2025-04-19 12:24:00','2025-04-19 12:24:00'),(70,2,2147,'2025-04-20 17:30:00','2025-04-20 17:30:00'),(71,2,1960,'2025-04-21 22:36:00','2025-04-21 22:36:00'),(72,2,2201,'2025-04-23 03:42:00','2025-04-23 03:42:00'),(73,2,1921,'2025-04-24 08:48:00','2025-04-24 08:48:00'),(74,2,2093,'2025-04-25 13:54:00','2025-04-25 13:54:00'),(75,2,1919,'2025-04-26 19:00:00','2025-04-26 19:00:00'),(76,2,2031,'2025-04-28 00:06:00','2025-04-28 00:06:00'),(77,2,1882,'2025-04-29 05:12:00','2025-04-29 05:12:00'),(78,2,1997,'2025-04-30 10:18:00','2025-04-30 10:18:00'),(79,2,2071,'2025-05-01 15:24:00','2025-05-01 15:24:00'),(80,2,1947,'2025-05-02 20:30:00','2025-05-02 20:30:00'),(81,2,2203,'2025-05-04 01:36:00','2025-05-04 01:36:00'),(82,2,1969,'2025-05-05 06:42:00','2025-05-05 06:42:00'),(83,2,1923,'2025-05-06 11:48:00','2025-05-06 11:48:00'),(84,2,2054,'2025-05-07 16:54:00','2025-05-07 16:54:00'),(85,2,1920,'2025-05-08 22:00:00','2025-05-08 22:00:00'),(86,2,2054,'2025-05-10 03:06:00','2025-05-10 03:06:00'),(87,2,2009,'2025-05-11 08:12:00','2025-05-11 08:12:00'),(88,2,2189,'2025-05-12 13:18:00','2025-05-12 13:18:00'),(89,2,2059,'2025-05-13 18:24:00','2025-05-13 18:24:00'),(90,2,2201,'2025-05-14 23:30:00','2025-05-14 23:30:00'),(91,2,1946,'2025-05-16 04:36:00','2025-05-16 04:36:00'),(92,2,1965,'2025-05-17 09:42:00','2025-05-17 09:42:00'),(93,2,1967,'2025-05-18 14:48:00','2025-05-18 14:48:00'),(94,2,1921,'2025-05-19 19:54:00','2025-05-19 19:54:00'),(95,2,1882,'2025-05-21 01:00:00','2025-05-21 01:00:00'),(96,2,2216,'2025-05-22 06:06:00','2025-05-22 06:06:00'),(97,2,1943,'2025-05-23 11:12:00','2025-05-23 11:12:00'),(98,2,1909,'2025-05-24 16:18:00','2025-05-24 16:18:00'),(99,2,1989,'2025-05-25 21:24:00','2025-05-25 21:24:00'),(100,2,2104,'2025-05-27 02:30:00','2025-05-27 02:30:00'),(101,2,2195,'2025-05-28 07:36:00','2025-05-28 07:36:00'),(102,2,1896,'2025-05-29 12:42:00','2025-05-29 12:42:00'),(103,2,1926,'2025-05-30 17:48:00','2025-05-30 17:48:00'),(104,2,2076,'2025-05-31 22:54:00','2025-05-31 22:54:00'),(105,121,2004,'2025-06-13 15:01:59','2025-06-13 15:01:59'),(106,121,2085,'2025-06-13 20:56:48','2025-06-13 20:56:48'),(107,121,1984,'2025-06-13 22:37:07','2025-06-13 22:37:07'),(108,121,1935,'2025-06-13 22:43:10','2025-06-13 22:43:10'),(109,121,1984,'2025-06-14 13:24:34','2025-06-14 13:24:34'),(110,121,1935,'2025-06-14 15:43:56','2025-06-14 15:43:56'),(111,121,1935,'2025-06-14 15:47:29','2025-06-14 15:47:29'),(112,121,1984,'2025-06-14 15:48:46','2025-06-14 15:48:46'),(113,121,1984,'2025-06-14 15:50:40','2025-06-14 15:50:40'),(114,121,2085,'2025-06-14 15:59:54','2025-06-14 15:59:54'),(115,121,1939,'2025-06-16 15:37:25','2025-06-16 15:37:25'),(116,121,1939,'2025-06-17 12:00:21','2025-06-17 12:00:21'),(117,121,1935,'2025-06-17 15:34:31','2025-06-17 15:34:31'),(118,121,2085,'2025-06-17 15:39:26','2025-06-17 15:39:26'),(119,121,1984,'2025-06-17 15:46:55','2025-06-17 15:46:55'),(120,121,1939,'2025-06-17 16:33:06','2025-06-17 16:33:06'),(121,121,2085,'2025-06-17 16:48:14','2025-06-17 16:48:14'),(122,121,1939,'2025-06-17 17:40:52','2025-06-17 17:40:52'),(123,121,1935,'2025-06-17 17:52:57','2025-06-17 17:52:57'),(124,121,2085,'2025-06-17 18:01:24','2025-06-17 18:01:24'),(125,121,2085,'2025-06-17 18:23:17','2025-06-17 18:23:17'),(126,121,2085,'2025-06-17 18:36:25','2025-06-17 18:36:25'),(127,121,2085,'2025-06-17 18:40:50','2025-06-17 18:40:50'),(128,121,2004,'2025-06-17 18:54:33','2025-06-17 18:54:33'),(129,121,1939,'2025-06-17 19:04:14','2025-06-17 19:04:14'),(130,121,1935,'2025-06-17 19:08:23','2025-06-17 19:08:23'),(135,2,2064,'2025-06-27 23:45:39','2025-06-27 23:45:39'),(136,121,1984,'2025-06-27 23:49:20','2025-06-27 23:49:20'),(137,2,1966,'2025-06-28 00:15:57','2025-06-28 00:15:57'),(138,121,1984,'2025-06-28 00:45:22','2025-06-28 00:45:22'),(139,121,2085,'2025-06-28 00:48:01','2025-06-28 00:48:01'),(140,2,2177,'2025-06-28 00:50:13','2025-06-28 00:50:13'),(141,2,1948,'2025-06-28 01:07:21','2025-06-28 01:07:21'),(142,2,2064,'2025-06-28 01:23:17','2025-06-28 01:23:17'),(143,2,2064,'2025-06-28 01:28:27','2025-06-28 01:28:27'),(144,2,2064,'2025-06-28 01:40:13','2025-06-28 01:40:13'),(145,2,2064,'2025-06-28 01:51:21','2025-06-28 01:51:21'),(146,2,2085,'2025-06-30 00:52:43','2025-06-30 00:52:43'),(147,2,2064,'2025-06-30 11:41:20','2025-06-30 11:41:20'),(148,2,2064,'2025-06-30 17:33:26','2025-06-30 17:33:26'),(149,2,2085,'2025-06-30 21:03:28','2025-06-30 21:03:28'),(150,2,2085,'2025-06-30 23:37:38','2025-06-30 23:37:38'),(152,2,2085,'2025-07-02 18:54:58','2025-07-02 18:54:58'),(153,2,2085,'2025-07-03 02:23:32','2025-07-03 02:23:32'),(154,2,2085,'2025-07-03 20:19:41','2025-07-03 20:19:41'),(155,121,2085,'2025-07-15 19:43:55','2025-07-15 19:43:55'),(156,77,1935,'2025-07-15 19:49:25','2025-07-15 19:49:25'),(157,3,2103,'2025-07-15 20:33:07','2025-07-15 20:33:07'),(158,121,2085,'2025-07-17 17:02:11','2025-07-17 17:02:11'),(159,121,2085,'2025-07-17 18:53:18','2025-07-17 18:53:18'),(160,121,1984,'2025-07-18 15:56:42','2025-07-18 15:56:42'),(161,3,2167,'2025-07-18 16:24:36','2025-07-18 16:24:36'),(162,121,1984,'2025-07-18 16:29:02','2025-07-18 16:29:02'),(163,121,1939,'2025-07-18 16:30:49','2025-07-18 16:30:49'),(164,77,2078,'2025-07-22 14:55:01','2025-07-22 14:55:01'),(165,77,2078,'2025-07-22 14:55:06','2025-07-22 14:55:06'),(166,77,2202,'2025-07-22 15:03:05','2025-07-22 15:03:05'),(167,77,2202,'2025-07-22 15:03:10','2025-07-22 15:03:10'),(168,77,1979,'2025-07-22 18:38:36','2025-07-22 18:38:36'),(169,77,2029,'2025-07-22 18:41:15','2025-07-22 18:41:15'),(170,121,2004,'2025-07-22 18:47:49','2025-07-22 18:47:49'),(171,3,2047,'2025-07-22 18:52:16','2025-07-22 18:52:16'),(172,77,2029,'2025-07-23 20:53:00','2025-07-23 20:53:00'),(173,77,2029,'2025-07-23 20:53:02','2025-07-23 20:53:02'),(174,2,2085,'2025-07-25 02:33:00','2025-07-25 02:33:00'),(175,2,2118,'2025-07-25 02:34:17','2025-07-25 02:34:17'),(176,2,1884,'2025-07-25 02:35:10','2025-07-25 02:35:10'),(177,2,2085,'2025-07-25 03:32:58','2025-07-25 03:32:58'),(178,2,1918,'2025-07-25 03:38:53','2025-07-25 03:38:53'),(179,2,2036,'2025-07-25 03:40:41','2025-07-25 03:40:41'),(180,2,1975,'2025-07-25 03:42:58','2025-07-25 03:42:58'),(181,2,1979,'2025-07-25 03:43:42','2025-07-25 03:43:42'),(182,2,1927,'2025-07-25 03:45:17','2025-07-25 03:45:17'),(183,2,2060,'2025-07-31 16:54:14','2025-07-31 16:54:14'),(184,121,2085,'2025-08-01 10:58:25','2025-08-01 10:58:25'),(185,3,2177,'2025-08-01 11:47:27','2025-08-01 11:47:27'),(186,121,2085,'2025-08-17 21:59:53','2025-08-17 21:59:53'),(187,2,1918,'2025-08-17 22:03:24','2025-08-17 22:03:24'),(188,2,1948,'2025-08-17 22:12:27','2025-08-17 22:12:27'),(189,2,2222,'2026-01-10 15:43:18','2026-01-10 15:43:18'),(190,2,2221,'2026-01-11 04:28:41','2026-01-11 04:28:41'),(191,2,2221,'2026-01-11 15:03:41','2026-01-11 15:03:41'),(192,2,2221,'2026-01-11 15:41:59','2026-01-11 15:41:59'),(193,2,2221,'2026-01-11 15:52:29','2026-01-11 15:52:29'),(194,2,2222,'2026-01-11 15:57:26','2026-01-11 15:57:26'),(195,2,2221,'2026-01-11 16:13:29','2026-01-11 16:13:29'),(196,2,2221,'2026-01-11 16:14:27','2026-01-11 16:14:27'),(197,2,2222,'2026-01-11 16:17:26','2026-01-11 16:17:26'),(198,2,2221,'2026-01-11 16:18:31','2026-01-11 16:18:31'),(199,2,2221,'2026-01-11 16:23:53','2026-01-11 16:23:53'),(200,2,2222,'2026-01-11 16:24:42','2026-01-11 16:24:42'),(201,2,2221,'2026-01-11 16:25:39','2026-01-11 16:25:39'),(202,2,2222,'2026-01-11 16:26:16','2026-01-11 16:26:16'),(203,2,2221,'2026-01-11 17:21:49','2026-01-11 17:21:49'),(204,2,2222,'2026-01-11 17:22:53','2026-01-11 17:22:53'),(205,2,2222,'2026-01-11 17:23:47','2026-01-11 17:23:47'),(206,2,2221,'2026-01-11 17:51:40','2026-01-11 17:51:40'),(208,2,2221,'2026-01-11 18:51:41','2026-01-11 18:51:41'),(209,2,2222,'2026-01-11 18:52:37','2026-01-11 18:52:37'),(210,2,2222,'2026-01-11 20:22:51','2026-01-11 20:22:51'),(211,2,2221,'2026-01-11 20:23:48','2026-01-11 20:23:48'),(212,2,2222,'2026-01-11 20:42:10','2026-01-11 20:42:10'),(213,2,2222,'2026-01-11 20:43:54','2026-01-11 20:43:54'),(214,2,2222,'2026-01-11 20:58:24','2026-01-11 20:58:24'),(215,2,2222,'2026-01-11 20:59:13','2026-01-11 20:59:13'),(216,2,2221,'2026-01-11 20:59:43','2026-01-11 20:59:43'),(217,2,2221,'2026-01-11 21:22:12','2026-01-11 21:22:12'),(218,2,2222,'2026-01-11 21:22:44','2026-01-11 21:22:44'),(219,2,2222,'2026-01-15 20:55:16','2026-01-15 20:55:16'),(220,2,2221,'2026-01-16 19:38:54','2026-01-16 19:38:54'),(221,2,2222,'2026-01-16 19:39:40','2026-01-16 19:39:40'),(222,2,2222,'2026-01-17 15:57:20','2026-01-17 15:57:20'),(223,2,2222,'2026-01-17 15:58:23','2026-01-17 15:58:23'),(224,2,2221,'2026-01-17 19:10:14','2026-01-17 19:10:14'),(225,2,2221,'2026-01-17 19:18:37','2026-01-17 19:18:37'),(226,2,2221,'2026-01-17 19:19:27','2026-01-17 19:19:27'),(227,2,2221,'2026-01-17 19:20:51','2026-01-17 19:20:51'),(228,2,2221,'2026-01-17 19:38:04','2026-01-17 19:38:04'),(229,2,2221,'2026-01-17 20:12:01','2026-01-17 20:12:01'),(230,2,2221,'2026-01-17 20:15:54','2026-01-17 20:15:54'),(231,2,2221,'2026-01-18 01:22:29','2026-01-18 01:22:29'),(232,2,2221,'2026-01-18 01:24:11','2026-01-18 01:24:11'),(233,2,2222,'2026-01-18 01:25:33','2026-01-18 01:25:33'),(234,2,2221,'2026-01-18 01:51:34','2026-01-18 01:51:34'),(235,2,2222,'2026-01-18 18:51:57','2026-01-18 18:51:57'),(242,2,2222,'2026-01-23 16:56:00','2026-01-23 16:56:00'),(243,2,2221,'2026-01-23 21:06:35','2026-01-23 21:06:35'),(244,2,2222,'2026-01-24 01:24:09','2026-01-24 01:24:09'),(245,2,2222,'2026-01-24 01:37:19','2026-01-24 01:37:19'),(247,2,2222,'2026-01-24 02:19:19','2026-01-24 02:19:19'),(248,2,2222,'2026-01-24 06:26:20','2026-01-24 06:26:20'),(249,2,2222,'2026-01-25 16:48:38','2026-01-25 16:48:38'),(250,2,2221,'2026-01-29 20:51:01','2026-01-29 20:51:01'),(251,2,2064,'2026-01-29 20:52:00','2026-01-29 20:52:00'),(252,2,2222,'2026-01-29 20:52:49','2026-01-29 20:52:49'),(253,2,2222,'2026-01-29 21:24:52','2026-01-29 21:24:52'),(254,2,2221,'2026-02-01 19:18:24','2026-02-01 19:18:24'),(255,2,2221,'2026-02-02 01:55:41','2026-02-02 01:55:41'),(256,2,2221,'2026-02-03 00:33:27','2026-02-03 00:33:27'),(257,2,2221,'2026-02-03 01:28:16','2026-02-03 01:28:16'),(258,2,2221,'2026-02-03 01:47:46','2026-02-03 01:47:46'),(259,2,2221,'2026-02-03 01:52:34','2026-02-03 01:52:34'),(260,2,2221,'2026-02-03 03:21:06','2026-02-03 03:21:06'),(261,2,2221,'2026-02-03 03:22:17','2026-02-03 03:22:17'),(262,2,2221,'2026-02-03 04:07:56','2026-02-03 04:07:56'),(263,2,2221,'2026-02-03 04:11:27','2026-02-03 04:11:27'),(264,2,2221,'2026-02-03 04:12:24','2026-02-03 04:12:24'),(265,2,2222,'2026-02-03 04:25:34','2026-02-03 04:25:34'),(266,2,2222,'2026-02-03 04:49:08','2026-02-03 04:49:08'),(267,2,2221,'2026-02-03 04:56:20','2026-02-03 04:56:20'),(268,2,2221,'2026-02-03 04:58:14','2026-02-03 04:58:14'),(269,2,2221,'2026-02-03 05:01:00','2026-02-03 05:01:00'),(270,2,2221,'2026-02-03 05:36:14','2026-02-03 05:36:14'),(271,2,2221,'2026-02-03 13:46:30','2026-02-03 13:46:30'),(272,2,2221,'2026-02-03 14:44:37','2026-02-03 14:44:37'),(273,2,2221,'2026-02-03 14:45:13','2026-02-03 14:45:13'),(274,2,2222,'2026-02-03 14:45:38','2026-02-03 14:45:38'),(275,2,2222,'2026-02-03 14:46:12','2026-02-03 14:46:12'),(276,2,2221,'2026-02-03 14:54:19','2026-02-03 14:54:19'),(277,2,2221,'2026-02-03 14:55:17','2026-02-03 14:55:17'),(278,2,2221,'2026-02-03 14:56:20','2026-02-03 14:56:20'),(279,2,2221,'2026-02-03 14:56:48','2026-02-03 14:56:48'),(280,2,2222,'2026-02-03 14:57:12','2026-02-03 14:57:12'),(281,2,2222,'2026-02-03 14:57:41','2026-02-03 14:57:41'),(282,2,2221,'2026-02-03 14:59:01','2026-02-03 14:59:01'),(283,2,2221,'2026-02-03 15:48:36','2026-02-03 15:48:36'),(284,2,2221,'2026-02-03 15:49:24','2026-02-03 15:49:24'),(285,2,2222,'2026-02-03 15:50:18','2026-02-03 15:50:18'),(286,2,2222,'2026-02-03 15:53:29','2026-02-03 15:53:29'),(287,2,2222,'2026-02-03 15:56:40','2026-02-03 15:56:40'),(288,2,2221,'2026-02-03 16:12:10','2026-02-03 16:12:10'),(289,2,2221,'2026-02-03 16:16:14','2026-02-03 16:16:14'),(290,2,2222,'2026-02-03 19:40:08','2026-02-03 19:40:08'),(291,2,2222,'2026-02-03 20:14:54','2026-02-03 20:14:54'),(292,2,2222,'2026-02-03 20:16:18','2026-02-03 20:16:18'),(293,2,2222,'2026-02-03 20:18:23','2026-02-03 20:18:23'),(294,2,2222,'2026-02-03 22:10:52','2026-02-03 22:10:52'),(297,2,2222,'2026-02-04 15:55:58','2026-02-04 15:55:58'),(298,2,2222,'2026-02-04 16:18:29','2026-02-04 16:18:29'),(299,2,2222,'2026-02-04 16:23:52','2026-02-04 16:23:52'),(300,2,2222,'2026-02-04 16:27:39','2026-02-04 16:27:39'),(301,2,2222,'2026-02-04 20:03:28','2026-02-04 20:03:28'),(302,2,2222,'2026-02-04 21:41:13','2026-02-04 21:41:13'),(303,2,2221,'2026-02-04 21:42:19','2026-02-04 21:42:19'),(304,2,2221,'2026-02-08 19:31:32','2026-02-08 19:31:32'),(305,2,2064,'2026-02-08 19:32:05','2026-02-08 19:32:05'),(306,2,2221,'2026-02-08 20:02:28','2026-02-08 20:02:28'),(307,2,2221,'2026-02-08 21:15:59','2026-02-08 21:15:59'),(308,2,2221,'2026-02-08 21:16:32','2026-02-08 21:16:32'),(309,2,2221,'2026-02-08 21:41:14','2026-02-08 21:41:14'),(310,2,2064,'2026-02-08 21:41:42','2026-02-08 21:41:42'),(311,2,2172,'2026-02-08 21:45:06','2026-02-08 21:45:06'),(312,2,2221,'2026-02-08 22:37:50','2026-02-08 22:37:50'),(313,2,2221,'2026-02-08 22:48:21','2026-02-08 22:48:21'),(314,2,2221,'2026-02-09 00:17:23','2026-02-09 00:17:23'),(315,2,2222,'2026-02-09 01:09:16','2026-02-09 01:09:16'),(316,2,2222,'2026-02-09 01:10:03','2026-02-09 01:10:03'),(317,2,2222,'2026-02-09 01:13:37','2026-02-09 01:13:37'),(318,2,2222,'2026-02-09 01:21:13','2026-02-09 01:21:13'),(319,2,2221,'2026-02-09 02:28:19','2026-02-09 02:28:19'),(320,2,2221,'2026-02-09 02:28:51','2026-02-09 02:28:51'),(321,2,2221,'2026-02-09 02:31:06','2026-02-09 02:31:06'),(324,2,2221,'2026-02-09 14:03:11','2026-02-09 14:03:11'),(325,2,2222,'2026-02-09 14:51:06','2026-02-09 14:51:06'),(326,2,2221,'2026-02-09 14:51:49','2026-02-09 14:51:49'),(327,2,2222,'2026-02-09 15:48:55','2026-02-09 15:48:55'),(328,2,2222,'2026-02-09 19:50:12','2026-02-09 19:50:12'),(329,2,2222,'2026-02-09 19:53:33','2026-02-09 19:53:33'),(330,1,1898,'2026-02-10 15:51:54','2026-02-10 15:51:54'),(331,127,2222,'2026-02-11 21:53:55','2026-02-11 21:53:55'),(332,2,2222,'2026-02-11 22:12:23','2026-02-11 22:12:23'),(333,127,2222,'2026-02-11 22:35:42','2026-02-11 22:35:42'),(334,127,2222,'2026-02-12 19:24:09','2026-02-12 19:24:09'),(335,77,2223,'2026-02-12 19:47:25','2026-02-12 19:47:25');
/*!40000 ALTER TABLE `solicitudes` ENABLE KEYS */;
UNLOCK TABLES;

--
-- Table structure for table `sucursales`
--

DROP TABLE IF EXISTS `sucursales`;
/*!40101 SET @saved_cs_client     = @@character_set_client */;
/*!50503 SET character_set_client = utf8mb4 */;
CREATE TABLE `sucursales` (
  `id` bigint(20) unsigned NOT NULL AUTO_INCREMENT,
  `zona_id` bigint(20) unsigned NOT NULL,
  `nombre_sucursal` varchar(255) NOT NULL,
  `codigo_siep` int(11) DEFAULT NULL,
  `tipo_sucursal_id` bigint(20) unsigned NOT NULL,
  `comuna_id` bigint(20) unsigned NOT NULL,
  `telefono` varchar(255) DEFAULT NULL,
  `email` varchar(255) DEFAULT NULL,
  `km` int(11) DEFAULT NULL,
  `tiempo_estimado_viaje` decimal(5,2) DEFAULT NULL,
  `activo` tinyint(1) NOT NULL DEFAULT 1,
  `observacion_inactividad` text DEFAULT NULL,
  `created_at` timestamp NOT NULL DEFAULT current_timestamp(),
  `updated_at` timestamp NOT NULL DEFAULT current_timestamp() ON UPDATE current_timestamp(),
  PRIMARY KEY (`id`),
  KEY `sucursales_zona_id_foreign` (`zona_id`),
  KEY `sucursales_tipo_sucursal_id_foreign` (`tipo_sucursal_id`),
  KEY `sucursales_comuna_id_foreign` (`comuna_id`),
  CONSTRAINT `sucursales_comuna_id_foreign` FOREIGN KEY (`comuna_id`) REFERENCES `comunas` (`id`) ON UPDATE CASCADE,
  CONSTRAINT `sucursales_tipo_sucursal_id_foreign` FOREIGN KEY (`tipo_sucursal_id`) REFERENCES `catalogos` (`id`),
  CONSTRAINT `sucursales_zona_id_foreign` FOREIGN KEY (`zona_id`) REFERENCES `catalogos` (`id`)
) ENGINE=InnoDB AUTO_INCREMENT=53 DEFAULT CHARSET=utf8mb4 COLLATE=utf8mb4_unicode_ci;
/*!40101 SET character_set_client = @saved_cs_client */;

--
-- Dumping data for table `sucursales`
--

LOCK TABLES `sucursales` WRITE;
/*!40000 ALTER TABLE `sucursales` DISABLE KEYS */;
INSERT INTO `sucursales` VALUES (1,23,'Último bastión',12345,30,238,'998201009','jaratran@gmail.com',198,2.50,1,'Le entraron termitas.','2025-05-12 17:04:51','2026-02-06 02:50:06'),(2,24,'Valle Hermoso',59309,30,248,'900000001','valle_hermoso@empresa.cl',43,3.78,0,'Sucursal inactiva para pruebas','2025-05-13 13:37:34','2025-05-20 02:48:35'),(3,26,'Monte Azul',35912,30,228,'900000002','monte_azul@empresa.cl',95,4.41,0,'Sucursal inactiva para pruebas','2025-05-13 13:37:34','2026-01-24 06:08:36'),(4,27,'Puerto Claro',61277,30,228,'900000003','puerto_claro@empresa.cl',40,2.64,0,'Sucursal inactiva para pruebas','2025-05-13 13:37:34','2026-01-24 06:08:36'),(5,22,'Nueva Esperanza',20098,30,228,'900000004','nueva_esperanza@empresa.cl',35,3.39,0,'Sucursal inactiva para pruebas','2025-05-13 13:37:34','2026-01-24 06:08:36'),(6,23,'San Benito',18955,30,251,'900000005','san_benito@empresa.cl',42,3.84,0,'Sucursal inactiva para pruebas','2025-05-13 13:37:34','2025-05-20 02:48:35'),(7,24,'Río Bueno',56577,30,271,'900000006','río_bueno@empresa.cl',26,1.59,0,'Fue allanada por el OS7.','2025-05-13 13:37:34','2025-05-23 16:18:47'),(8,28,'Altos de XII Región',60008,30,277,'900000007','altos_del_sur@empresa.cl',97,3.60,1,NULL,'2025-05-13 13:37:34','2026-02-06 02:51:02'),(9,26,'Costa Verde',40061,30,246,'900000008','costa_verde@empresa.cl',61,3.04,1,NULL,'2025-05-13 13:37:34','2025-05-20 02:48:35'),(10,22,'Viento Norte',46759,30,240,'900000009','viento_norte@empresa.cl',49,4.10,1,NULL,'2025-05-13 13:37:34','2025-05-20 02:48:35'),(11,28,'Los Aromos',68305,30,274,'900000010','los_aromos@empresa.cl',94,1.31,1,NULL,'2025-05-13 13:37:34','2026-02-06 02:50:48'),(12,23,'La Cumbre',21412,30,228,'900000011','la_cumbre@empresa.cl',30,2.91,1,NULL,'2025-05-13 13:37:34','2026-01-24 06:08:36'),(13,28,'Pehuén Mapu',99760,30,269,'900000012','pehuen_mapu@empresa.cl',98,3.10,1,NULL,'2025-05-13 13:37:34','2026-02-06 02:51:32'),(14,23,'Vista al Mar',79881,30,247,'900000013','vista_al_mar@empresa.cl',37,0.89,1,NULL,'2025-05-13 13:37:34','2025-05-20 02:48:35'),(15,22,'Colina Sur',28060,30,271,'900000014','colina_sur@empresa.cl',82,4.73,1,NULL,'2025-05-13 13:37:34','2025-05-20 02:48:35'),(16,22,'Cerro Negro',46136,30,228,'900000015','cerro_negro@empresa.cl',86,2.50,1,NULL,'2025-05-13 13:37:35','2026-01-24 06:08:36'),(17,28,'El Totoral',10690,30,238,'900000016','el_totoral@empresa.cl',37,4.85,1,NULL,'2025-05-13 13:37:35','2025-05-20 02:48:35'),(18,26,'Trigal Norte',48855,30,228,'900000017','trigal_norte@empresa.cl',95,2.47,1,NULL,'2025-05-13 13:37:35','2026-01-24 06:08:36'),(19,27,'Ñielol',60165,30,228,'900000018','Ñielol@empresa.cl',62,0.68,1,NULL,'2025-05-13 13:37:35','2026-01-24 06:08:36'),(20,23,'Puerto Blanco',40199,30,228,'900000019','puerto_blanco@empresa.cl',88,4.20,1,NULL,'2025-05-13 13:37:35','2026-01-24 06:08:36'),(21,25,'Aguas Claras',65414,30,228,'900000020','aguas_claras@empresa.cl',85,4.95,1,NULL,'2025-05-13 13:37:35','2025-05-20 02:48:35'),(22,23,'Huapi Centro',84893,30,255,'900000021','huapi_centro@empresa.cl',62,3.80,1,NULL,'2025-05-13 13:37:35','2025-05-20 02:48:35'),(23,27,'Chillán Viejo',95365,30,228,'900000022','chillán_viejo@empresa.cl',49,4.11,1,NULL,'2025-05-13 13:37:35','2026-01-24 06:08:36'),(24,28,'Lo Rojas',91134,30,228,'900000023','lo_rojas@empresa.cl',63,2.81,1,NULL,'2025-05-13 13:37:35','2026-01-24 06:08:36'),(25,27,'Santa Amalia',44985,30,276,'900000024','santa_amalia@empresa.cl',98,2.56,1,NULL,'2025-05-13 13:37:35','2026-02-06 02:52:02'),(26,22,'Quilamapu',22255,30,248,'900000025','quilamapu@empresa.cl',98,2.88,1,NULL,'2025-05-13 13:37:35','2025-05-20 02:48:35'),(27,25,'Rancho Grande',47440,30,277,'900000026','rancho_grande@empresa.cl',26,3.02,1,NULL,'2025-05-13 13:37:35','2025-05-20 02:48:35'),(28,27,'Tierra Noble',10794,30,275,'900000027','tierra_noble@empresa.cl',39,1.03,1,NULL,'2025-05-13 13:37:35','2025-05-20 02:48:35'),(29,25,'Los Maitenes',21709,30,228,'900000028','los_maitenes@empresa.cl',61,1.70,1,NULL,'2025-05-13 13:37:35','2026-01-24 06:08:36'),(30,23,'Punta Verde',39564,30,228,'900000029','punta_verde@empresa.cl',24,1.82,1,NULL,'2025-05-13 13:37:35','2026-01-24 06:08:36'),(31,23,'Río Claro',65601,30,271,'900000030','rio_claro@empresa.cl',90,3.58,1,NULL,'2025-05-13 13:37:35','2026-02-06 02:52:44'),(32,27,'Villa Austral',26652,30,251,'900000031','villa_austral@empresa.cl',66,0.71,1,NULL,'2025-05-13 13:37:35','2025-05-20 02:48:35'),(33,28,'Río Elqui',95675,30,276,'900000032','río_elqui@empresa.cl',57,2.04,1,NULL,'2025-05-13 13:37:36','2025-05-20 02:48:35'),(34,26,'Bahía Serena',90644,30,228,'900000033','bahía_serena@empresa.cl',59,0.81,1,NULL,'2025-05-13 13:37:36','2026-01-24 06:08:36'),(35,28,'Monte Claro',41908,30,228,'900000034','monte_claro@empresa.cl',53,1.56,1,NULL,'2025-05-13 13:37:36','2026-01-24 06:08:36'),(36,22,'Paso del Sol',20258,30,228,'900000035','paso_del_sol@empresa.cl',85,1.04,1,NULL,'2025-05-13 13:37:36','2026-01-24 06:08:36'),(37,22,'Trapananda',35661,30,248,'900000036','trapananda@empresa.cl',49,2.94,1,NULL,'2025-05-13 13:37:36','2025-05-20 02:48:35'),(38,23,'La Rinconada',71823,30,228,'900000037','la_rinconada@empresa.cl',6,4.99,1,NULL,'2025-05-13 13:37:36','2026-01-24 06:08:36'),(39,26,'Altos de Llanquihue',83988,30,234,'900000038','altos_de_llanquihue@empresa.cl',89,2.39,1,NULL,'2025-05-13 13:37:36','2026-01-09 05:05:10'),(40,22,'Antulafquén',95637,30,236,'900000039','antulafquén@empresa.cl',89,2.15,1,NULL,'2025-05-13 13:37:36','2025-05-20 02:48:35'),(41,22,'Las Araucarias',92830,30,276,'900000040','las_araucarias@empresa.cl',14,0.52,1,NULL,'2025-05-13 13:37:36','2025-05-20 02:48:35'),(42,27,'Tolhuaca',35858,30,237,'900000041','tolhuaca@empresa.cl',26,4.33,1,NULL,'2025-05-13 13:37:36','2025-05-20 02:48:35'),(43,23,'Pumalal',38599,30,228,'900000042','pumalal@empresa.cl',54,1.71,1,NULL,'2025-05-13 13:37:36','2026-01-24 06:08:36'),(44,23,'Valle Encantado',13057,30,228,'900000043','valle_encantado@empresa.cl',65,2.78,1,NULL,'2025-05-13 13:37:36','2025-05-20 02:48:35'),(45,27,'Villa Cordillera',50944,30,228,'900000044','villa_cordillera@empresa.cl',29,2.33,1,NULL,'2025-05-13 13:37:36','2026-01-24 06:08:36'),(46,23,'Peulla',76782,30,228,'900000045','peulla@empresa.cl',86,4.85,1,'De prueba.','2025-05-13 13:37:36','2026-01-24 06:08:36'),(47,26,'Puerto Encantado',12258,30,255,'900000046','puerto_encantado@empresa.cl',85,1.48,1,NULL,'2025-05-13 13:37:37','2025-05-20 02:48:35'),(48,26,'Tierras Negras',89875,30,273,'900000047','tierras_negras@empresa.cl',41,4.20,1,NULL,'2025-05-13 13:37:37','2026-02-06 02:53:20'),(49,28,'Puerto Manso',61634,30,228,'900000048','puerto_manso@empresa.cl',22,3.98,1,NULL,'2025-05-13 13:37:37','2026-01-24 06:08:36'),(50,22,'Los Arrayanes',72043,30,270,'900000049','los_arrayanes@empresa.cl',18,3.11,1,NULL,'2025-05-13 13:37:37','2026-02-06 02:53:39'),(51,28,'Las Gredas',34399,30,228,'900000050','las_gredas@empresa.cl',69,0.84,1,NULL,'2025-05-13 13:37:37','2026-01-24 06:08:36'),(52,26,'Sucursal - Tepual',123456,30,228,'987654321','dr.edgardevaud@gmail.com',3,1.00,1,'Nada.','2025-05-19 22:09:24','2026-01-24 06:08:36');
/*!40000 ALTER TABLE `sucursales` ENABLE KEYS */;
UNLOCK TABLES;

--
-- Table structure for table `telegram_links`
--

DROP TABLE IF EXISTS `telegram_links`;
/*!40101 SET @saved_cs_client     = @@character_set_client */;
/*!50503 SET character_set_client = utf8mb4 */;
CREATE TABLE `telegram_links` (
  `id` bigint(20) unsigned NOT NULL AUTO_INCREMENT,
  `conductor_id` bigint(20) unsigned NOT NULL,
  `pin` varchar(10) DEFAULT NULL,
  `chat_id` varchar(255) DEFAULT NULL,
  `estado` enum('pendiente','vinculado','revocado') NOT NULL DEFAULT 'pendiente',
  `fecha_generacion` timestamp NULL DEFAULT NULL,
  `fecha_vinculacion` timestamp NULL DEFAULT NULL,
  `intentos` int(11) NOT NULL DEFAULT 0,
  `created_at` timestamp NULL DEFAULT NULL,
  `updated_at` timestamp NULL DEFAULT NULL,
  PRIMARY KEY (`id`),
  KEY `telegram_links_conductor_id_foreign` (`conductor_id`),
  CONSTRAINT `telegram_links_conductor_id_foreign` FOREIGN KEY (`conductor_id`) REFERENCES `conductores` (`id`) ON DELETE CASCADE
) ENGINE=InnoDB AUTO_INCREMENT=10 DEFAULT CHARSET=utf8mb4 COLLATE=utf8mb4_unicode_ci;
/*!40101 SET character_set_client = @saved_cs_client */;

--
-- Dumping data for table `telegram_links`
--

LOCK TABLES `telegram_links` WRITE;
/*!40000 ALTER TABLE `telegram_links` DISABLE KEYS */;
INSERT INTO `telegram_links` VALUES (1,100,'100279',NULL,'revocado','2025-07-07 00:12:48',NULL,0,'2025-07-07 00:12:48','2025-07-07 01:05:09'),(2,100,'390647',NULL,'revocado','2025-07-07 01:20:49',NULL,0,'2025-07-07 01:20:49','2025-07-07 02:06:10'),(3,100,'051544','1682460148','vinculado','2025-07-07 02:06:38','2025-07-07 02:08:02',1,'2025-07-07 02:06:38','2025-07-07 02:08:02'),(4,1,'215750',NULL,'revocado','2025-07-17 15:44:03',NULL,0,'2025-07-17 15:44:03','2025-07-17 15:53:57'),(5,1,'059737',NULL,'revocado','2025-07-17 15:53:57',NULL,0,'2025-07-17 15:53:57','2025-07-18 00:45:41'),(6,1,'646570','1682460148','revocado','2025-07-18 00:45:41','2025-07-18 00:46:01',1,'2025-07-18 00:45:41','2025-07-18 00:46:19'),(7,1,'722862',NULL,'revocado','2025-07-18 00:46:38',NULL,0,'2025-07-18 00:46:38','2025-07-18 00:53:10'),(8,1,'496695','1682460148','revocado','2025-07-18 00:53:10','2025-07-18 00:54:01',1,'2025-07-18 00:53:10','2025-07-18 14:46:51'),(9,1,'925890','7480394263','revocado','2025-07-18 14:47:00','2025-07-18 14:48:01',1,'2025-07-18 14:47:00','2025-09-05 15:48:35');
/*!40000 ALTER TABLE `telegram_links` ENABLE KEYS */;
UNLOCK TABLES;

--
-- Table structure for table `users`
--

DROP TABLE IF EXISTS `users`;
/*!40101 SET @saved_cs_client     = @@character_set_client */;
/*!50503 SET character_set_client = utf8mb4 */;
CREATE TABLE `users` (
  `id` bigint(20) unsigned NOT NULL AUTO_INCREMENT,
  `rut_usuario` varchar(255) NOT NULL,
  `nombre_usuario` varchar(255) NOT NULL,
  `apellidos_usuario` varchar(255) NOT NULL,
  `rol_id` bigint(20) unsigned DEFAULT NULL,
  `empresa_id` bigint(20) unsigned DEFAULT NULL,
  `sucursal_id` bigint(20) unsigned DEFAULT NULL,
  `telefono` text DEFAULT NULL,
  `email` varchar(255) NOT NULL,
  `email_verified_at` timestamp NULL DEFAULT NULL,
  `avatar` varchar(255) DEFAULT NULL,
  `comuna_id` bigint(20) unsigned NOT NULL,
  `direccion` varchar(255) DEFAULT NULL,
  `es_admin` bigint(20) unsigned NOT NULL DEFAULT 0,
  `activo` tinyint(1) NOT NULL DEFAULT 1,
  `observacion_inactividad` text DEFAULT NULL,
  `fecha_login` varchar(255) DEFAULT NULL,
  `remember_token` varchar(255) DEFAULT NULL,
  `password` varchar(255) DEFAULT NULL,
  `created_at` timestamp NOT NULL DEFAULT current_timestamp(),
  `updated_at` timestamp NOT NULL DEFAULT current_timestamp() ON UPDATE current_timestamp(),
  PRIMARY KEY (`id`),
  KEY `users_empresa_id_foreign` (`empresa_id`),
  KEY `users_sucursal_id_foreign` (`sucursal_id`),
  KEY `users_rol_id_foreign` (`rol_id`),
  KEY `users_comuna_id_foreign` (`comuna_id`),
  CONSTRAINT `users_comuna_id_foreign` FOREIGN KEY (`comuna_id`) REFERENCES `comunas` (`id`) ON UPDATE CASCADE,
  CONSTRAINT `users_empresa_id_foreign` FOREIGN KEY (`empresa_id`) REFERENCES `empresas` (`id`) ON UPDATE CASCADE,
  CONSTRAINT `users_rol_id_foreign` FOREIGN KEY (`rol_id`) REFERENCES `catalogos` (`id`) ON UPDATE CASCADE,
  CONSTRAINT `users_sucursal_id_foreign` FOREIGN KEY (`sucursal_id`) REFERENCES `sucursales` (`id`) ON UPDATE CASCADE
) ENGINE=InnoDB AUTO_INCREMENT=129 DEFAULT CHARSET=utf8mb4 COLLATE=utf8mb4_unicode_ci;
/*!40101 SET character_set_client = @saved_cs_client */;

--
-- Dumping data for table `users`
--

LOCK TABLES `users` WRITE;
/*!40000 ALTER TABLE `users` DISABLE KEYS */;
INSERT INTO `users` VALUES (1,'20.070.279-4','Nicolás','Morales',61,NULL,16,'+56932407151','solicitanteplanta@gmail.com','2023-11-08 22:34:38','1746162822-1',112,'Huilliborgoa 12345',0,1,'Se lateo.',NULL,NULL,'$2y$12$0GW/JsdttiPv4yXgxWHg1uEyRILEFjf829299yapK8zdnPX.JKWVi','2025-05-12 05:38:52','2026-02-11 19:53:48'),(2,'12.864.450-4','Sergio Gabriel','Jara Tranamil',69,148,NULL,'+56998186588','jaratran@gmail.com','2024-02-17 20:39:39','1748407215-2',125,'Pilmaiquén 358, Pob. Sol de Septiembre',1,1,NULL,NULL,NULL,'$2y$12$bF5aieTH7KK2rFhhY.JptemXVzstXHMU/GVoZVzSPhArYX6Du3kkW','2025-05-12 05:38:52','2026-02-04 15:37:15'),(3,'8.489.440-0','Don Vito','Corleone',66,NULL,NULL,'+56999196664','coordinadorecoruta@gmail.com','2024-02-16 21:07:18','1783009221-3',318,'Camino El Arpa 1270',0,1,'Abrió una cuenta de OnlyFans con la señora.',NULL,NULL,'$2y$12$g4YNSuEqXxzmdLvrTLhsX.7DjqouNmXcAvXnRvG/YiH9z9P8aLTwG','2025-05-12 05:38:52','2026-07-02 11:20:21'),(4,'17.102.910-4','Felipe','Valderrama',63,NULL,NULL,'+56965456778','logistica@itpartner.cl','2024-02-17 08:10:34','1745880518-4',102,'Moscú 123',0,1,'Prueba.',NULL,NULL,'$2y$12$TUf9pMA6czduXZkrQJ6bVen.7vnnHmI5DxV0v8/OcnE59PvUHzHEu','2025-05-12 05:38:52','2026-02-11 16:09:13'),(44,'7.926.206-4','Francisco','Muñoz',69,NULL,NULL,'+56998201009','tiecoruta@gmail.com','2025-02-20 02:09:21','1746071156-44',228,'Chorrillos 3526',0,1,NULL,NULL,NULL,'$2y$12$dGHdeokpMIAXZEKJX8AJYupDp0X3DWUdSoibhdOnpUHuGmYB3TsUC','2025-05-12 05:38:52','2026-02-13 20:10:47'),(46,'11.954.456-4','Carolina','Gallegos Miranda',66,NULL,NULL,'+56998861028','digimarket.cl@gmail.com','2025-02-18 13:27:52','1745880540-46',125,'Pilamaiquen 358',0,1,NULL,NULL,'cnaEcSNxu8pXNIwVvjcd6dBP6P39t5iJ9M0jsRzBW95YzrZhmWlfb9WZjrTq','$2y$12$bF5aieTH7KK2rFhhY.JptemXVzstXHMU/GVoZVzSPhArYX6Du3kkW','2025-05-12 05:38:52','2026-02-11 19:50:53'),(47,'12228065-9','Luis','Hermosilla',61,NULL,21,'+56987654321','admin-28@gmail.com','2025-02-19 14:04:17','1745880554-47',284,'Ecuador 123',0,1,NULL,NULL,NULL,'$2y$12$8iSEo2UjBBKLes.jahUXy.DeCQeTIkCCUtyRn3BPlzUrWJZ5V7XRy','2025-05-12 05:38:52','2026-01-08 21:34:12'),(51,'76.332.104-5','ITPartner','Consultora Digital',62,167,NULL,'+56998186588','contacto@itpartner.cl','2025-02-20 00:36:50','1751746376-51',301,'San Pio X 2460 Oficina 706',0,1,NULL,NULL,NULL,'$2y$10$BmXWG/w5nsEeytWuiZWaOeFn4NQKsabr63Rb12RzjhTuiBjFJyyhW','2025-05-12 05:38:52','2026-02-08 17:54:03'),(56,'26.167.088-7','Agustin','Palma',64,NULL,NULL,'+56998186588','admin-29@gmail.com','2025-02-24 01:57:41','1745880577-56',301,'San Pio X 2460 Oficina 706',0,1,NULL,NULL,'1bFizBiU8LM8uvKX0ksCzT8pIP28SvC04182qDMWWjwj7m8Gi2NLiyjR5Ses','$2y$10$wRDxuMOib4FCEANaB9HsJO5aAm83tX53U4JesOW0XHK78DS2S0J0i','2025-05-12 05:38:52','2025-06-15 03:28:00'),(60,'12345678-9','Kathy','Barriga',62,169,NULL,'+56998201009','admin-02@itpartner.cl','2025-04-08 11:39:20','1745880588-60',297,'Nueva San Martín 2711',0,1,NULL,NULL,NULL,'$2y$10$BmXWG/w5nsEeytWuiZWaOeFn4NQKsabr63Rb12RzjhTuiBjFJyyhW','2025-05-12 05:38:52','2026-02-08 18:05:53'),(61,'11345678-9','Volodimir','Zelensky',62,217,NULL,'+56928513465','admin-12@gmail.com','2025-04-08 12:14:33','1745880602-61',311,'Cerro El Quilo 0703',0,1,NULL,NULL,NULL,NULL,'2025-05-12 05:38:52','2026-02-08 18:06:34'),(65,'18301761-6','Donaldo','Trumpeta',61,NULL,22,'+569 98201001','admin-10@gmail.com','2025-04-15 18:46:32','1745880618-65',279,'San Borja 1234',0,1,NULL,NULL,NULL,NULL,'2025-05-12 05:38:52','2025-05-27 19:06:33'),(66,'7236363-9','Juan','Pérez',62,162,NULL,'+56987661234','admin-15@gmail.com','2025-04-15 21:39:17','1745880630-66',345,'Polo Sur 123',0,1,NULL,NULL,NULL,NULL,'2025-05-12 05:38:52','2026-02-08 18:06:52'),(67,'1238352-5','Manuel Andrés','Baéz Larraín',64,NULL,NULL,'+5627690397','coordinador@itpartner.cl','2025-04-16 06:15:51','1745880644-67',297,'Pajaritos 123',0,1,NULL,NULL,NULL,NULL,'2025-05-12 05:38:52','2025-05-27 19:06:33'),(68,'1088238-9','Elon','Gonzalez',68,NULL,NULL,'+56945671234','admin-09@gmail.com','2025-04-16 12:46:13','1745880655-68',27,'Sol 12',0,1,NULL,NULL,NULL,NULL,'2025-05-12 05:38:52','2025-05-27 19:06:33'),(69,'8188297-5','Juan Domingo','Perón Kichner',61,NULL,22,'+56923456796','admin-14@gmail.com','2025-04-17 11:52:23','1745880667-69',196,'Sol 12',0,1,NULL,NULL,NULL,NULL,'2025-05-12 05:38:52','2025-05-27 19:06:33'),(70,'24699132-4','Tomas','Reyes',62,189,NULL,'+56987654321','admin-08@gmail.com','2025-04-25 09:22:05','1745880679-70',292,'El Alba 123',0,1,NULL,NULL,NULL,NULL,'2025-05-12 05:38:52','2026-02-08 18:07:18'),(71,'8596428-3','Blanca','Nieves',62,146,NULL,'+56988776655','admin-11@gmail.com','2025-04-25 09:48:21','1745880692-71',1,'Esmeralda 123',0,1,NULL,NULL,NULL,NULL,'2025-05-12 05:38:52','2026-02-08 18:07:42'),(72,'12121343-5','Compadre','Moncho',68,NULL,NULL,'+56912345678','admin-13@gmail.com','2025-04-10 01:56:02','1745981008-72',311,'Los Venegas 123',0,1,NULL,NULL,NULL,NULL,'2025-05-12 05:38:52','2025-05-27 19:06:33'),(73,'2985812-8','Alejandro','López Becerra',61,NULL,29,'+569 98201001','admin-03@itpartner.cl','2025-04-28 15:44:07','1745879797-73',343,'Lluta Km 15,5',0,1,NULL,NULL,NULL,'$2y$10$Floek64l9JbZutA1ME/IJOJlVZN2bn42q.uoG8BtaIm7g741hQsDG','2025-05-12 05:38:52','2025-05-27 19:06:33'),(74,'10959818-6','Guru','Guru',62,148,NULL,'+5627690397','admin-04@itpartner.cl','2025-04-29 20:05:46','1745978575-74',322,'Casa Rosa 13',0,1,NULL,NULL,NULL,'$2y$10$0L6md1lyCTzRNRh74WnghOE/LeIaAzy/2Z9MwJcmweFuXw72Q8LPG','2025-05-12 05:38:52','2026-02-08 18:08:06'),(75,'4957031-7','Adonis','El Hermoso',63,NULL,NULL,'+56945671234','huachisney@gmail.com','2025-04-29 20:44:48','1783009255-75',317,'Roberto Paut 873B',0,1,NULL,NULL,'kPrqIWU9FhWZTbZQYQ8EfxZLrMKqprTzIg6oswFXUGW9xbqBGTGyrWSTA0MH','$2y$12$mlE3doG96MkwI7O8cDEV7uRjt/sgIQX6TnoCpDcrUHvY0oTaTbuIK','2025-05-12 05:38:52','2026-07-02 11:20:55'),(76,'5495835-8','Felipe','Avello',62,185,NULL,'+56923456796','admin-06@gmail.com','2025-04-29 21:05:22','1745982322-76',25,'Aceitunas 123',0,1,NULL,NULL,NULL,NULL,'2025-05-12 05:38:52','2026-02-08 18:08:20'),(77,'9423450-6','Peter','Griffin',62,189,NULL,'+56945671234','solicitanteproductor@gmail.com','2025-04-30 21:53:16','1746071596-77',322,'Family Guy 123',0,1,NULL,NULL,'hkGKMoHCWLr90mExIjDJlrOAAMxgNTZLHUeA0skANYXOoJpdERKbUHCMtGFC','$2y$12$e5HhUDHeAcrZGVH.KD1r6eIQc/I8ErCY22LDsyeXu/yY3yZ.mvLGi','2025-05-12 05:38:52','2026-02-23 16:53:07'),(78,'9330245-1','Tulio','Triviño',68,NULL,NULL,'+569 98201001','admin-17@gmail.com','2025-05-03 14:29:08','1746301433-78',268,'Ovejeros 123',0,1,NULL,NULL,NULL,'$2y$10$kYf7bEzHjJuh9B7s0NGmD.ZzNbLvWpalVeCrQcCg4Ro2Wtl.1a7m.','2025-05-12 05:38:52','2025-05-27 19:06:33'),(79,'9074310-4','Francisco','Saavedra',61,NULL,46,'+569 98201001','admin-16@gmail.com','2025-05-03 15:00:36','1746305405-79',322,'Sol 12',0,1,NULL,NULL,NULL,'$2y$10$9SNFbXZzSVozDOTRNTmp9u0IgQU0nH7E/XPp9rnjOffZj8dzevy72','2025-05-12 05:38:52','2026-02-08 18:03:43'),(80,'2612117-5','Gabriela','Mistral',62,147,NULL,'+56945671234','admin-18@gmail.com','2025-05-03 15:35:23','1746308098-80',31,'Calle Larga sin número',0,1,NULL,NULL,NULL,'$2y$10$6wpFpvTjS5682izHh1NMquHOWBY85D3oCNnLOt7wIjiSEZpNdRlHO','2025-05-12 05:38:52','2026-02-08 18:09:58'),(87,'55586115-k','Jeff','Pesos',61,NULL,23,'+56998201009','admin-19@gmail.com','2025-05-03 20:45:18','1746326709-87',322,'Sol 12',0,1,NULL,NULL,NULL,'$2y$10$Q.X9jZsiAgMCPSJwvF5MUOaDh.pEh6ktWDE9LDLwkH6wv1cgoWohG','2025-05-12 05:38:52','2025-05-27 19:06:33'),(90,'2988266-5','Marco','Zuluaga',64,NULL,NULL,'+56998201009','admin-20@gmail.com','2025-05-03 22:01:54','1746331298-90',2,'Aceitunas 123',0,1,NULL,NULL,NULL,'$2y$10$LT.Szx0pPepckZEZc6T14OcxfDk78WIIEw3J8JS3GiD7139Cr2wnm','2025-05-12 05:38:52','2025-05-27 19:06:33'),(91,'5051434-k','El','Joker',61,NULL,26,'+5627690397','admin-21@gmail.com','2025-05-06 11:41:07','1746553247-91',8,'Sol 12',0,1,NULL,NULL,'LVW0Ewe1dVYjlKdk1vN0u81svMcGyl30RdWgc5gSceF23haV9BElp9GTCp74','$2y$12$r4QL36r0K7A4OiKU3BXH7OWnEf7uVknOV4fdHG6LqyDURvPd1tE6S','2025-05-12 05:38:52','2025-05-27 19:06:33'),(93,'18205390-2','Chavo','Delocho',64,NULL,NULL,'+56998186588','admin-22@gmail.com','2025-05-19 20:58:45','1747706313-93',2,'Sol 12',0,1,NULL,NULL,NULL,'$2y$12$tPX/3sM3ha8NqRoR5eWDw.zSQOqDYEphv30dmZyRonKfg.0Wx6EP.','2025-05-19 20:58:33','2025-05-27 19:06:33'),(94,'4202768-5','Emanuel','Macron',63,NULL,NULL,'+56998186588','admin-23@gmail.com',NULL,'1748312843-94',322,'Sol 12',0,1,NULL,NULL,NULL,NULL,'2025-05-26 21:27:23','2025-05-27 19:06:33'),(95,'12634331-0','Pedro','Pascal',61,NULL,21,'+56998186588','admin-24@gmail.com',NULL,'1748317796-95',322,'Sol 12',0,1,NULL,NULL,NULL,NULL,'2025-05-26 22:49:56','2025-05-27 19:06:33'),(96,'14746758-3','Sam','Neil',61,NULL,21,'+56932407151','admin-25@gmail.com',NULL,'1748318669-96',21,'Aceitunas 123',0,1,NULL,NULL,NULL,NULL,'2025-05-26 23:04:29','2025-05-27 19:06:33'),(97,'26924298-1','Jeniffer','Aniston',61,NULL,39,'+56945671234','admin-26@gmail.com',NULL,'1748319942-97',322,'Sol 12',0,1,NULL,NULL,NULL,NULL,'2025-05-26 23:24:37','2025-05-27 19:06:33'),(98,'1119101-0','Scarlett','Johansen',63,NULL,NULL,'+56932407151','admin-27@gmail.com',NULL,'1748321450-98',8,'Huilliborgoa s/n',0,1,NULL,NULL,NULL,NULL,'2025-05-26 23:50:50','2025-05-27 19:06:33'),(121,'8900975-8','Lisa','Simpsons',61,NULL,46,'+56998186588','dr.edgardevaud@gmail.com','2025-06-03 12:35:15','1783009279-121',322,'Pilmaiquén 358, Población Sol de Septiembre',0,1,NULL,NULL,'YCJyXrxabRpAvgCqryMKmwK4Q5BaqcIc6LUUhLfsCJQUFbp1gnqXmFfSEqXT','$2y$12$RhTS0LsATrsjxgr7y33NlOQqfkHhh3jAAxXtJ6WE0j43dSxH5tToO','2025-06-02 11:17:35','2026-07-02 11:21:19'),(122,'8743921-6','Pamela','Díaz',62,147,NULL,'+56998201009','chinaenchile.cl@gmail.com','2025-06-18 00:40:13','1783009300-122',322,'Pilmaiquén 358, Población Sol de Septiembre',0,1,NULL,NULL,'jXQel6CeAuWAkfGJrsJDXj33folX46zfNVYZRmAPrGGEItrSi78hiuv7tkE6','$2y$12$MtoZhLabb51V/.FUuhR/T.55XyKnopyijO6ppDv4mEb8DOrgnrfBC','2025-06-18 00:38:49','2026-07-02 11:21:41'),(123,'6059267-5','Pato','BancoEstado',70,NULL,NULL,'+56998186588','santillana.itpartner.cl@gmail.com','2025-08-21 04:38:08','1783008945-123',125,'San Pio X 2460 Oficina 706',0,1,NULL,NULL,NULL,'$2y$12$QH8mX4oQiAl.45/yuK0.8.cxG0cfmbAo6x90EuhYYaYxoldhbVCyC','2025-08-21 04:37:34','2026-07-02 11:15:46'),(124,'20719722-k','Padre','Hurrtado',70,NULL,NULL,'+56998186588','coordinadorecorutaxii@gmail.com','2026-01-01 18:13:33','1783009322-124',268,'San Pablo 1295',0,1,NULL,NULL,NULL,'$2y$12$dGHdeokpMIAXZEKJX8AJYupDp0X3DWUdSoibhdOnpUHuGmYB3TsUC','2026-01-01 18:13:04','2026-07-02 11:22:02'),(125,'5265898-5','Tio','Rene',69,NULL,NULL,'+56998186588','tiorene@gmail.com',NULL,'1783009366-125',281,'San Pablo 1295',0,1,NULL,NULL,NULL,NULL,'2026-02-06 07:05:19','2026-07-02 11:22:46'),(126,'2663441-5','Jose','San Martin',61,NULL,34,'+56998186588','jsm@gmail.com',NULL,'1783009405-126',322,'San Pio X 2460 Oficina 706',0,1,NULL,NULL,NULL,NULL,'2026-02-06 15:16:11','2026-07-02 11:23:25'),(127,'7698718-1','Benito','Malulo',71,NULL,8,'+56998186588','solicitanteplantaxii@gmail.com','2026-02-11 19:10:38','1783009430-127',279,'San Pio X 2460 Oficina 706',0,1,NULL,NULL,NULL,'$2y$12$dGHdeokpMIAXZEKJX8AJYupDp0X3DWUdSoibhdOnpUHuGmYB3TsUC','2026-02-11 19:10:34','2026-07-02 11:23:50'),(128,'8111143-k','Jeffrey','Epstein',71,NULL,8,'+56998186588','eventos@gmail.com',NULL,'1783009446-128',198,'San Pio X 2460 Oficina 706',0,1,NULL,NULL,NULL,NULL,'2026-02-11 21:13:47','2026-07-02 11:24:06');
/*!40000 ALTER TABLE `users` ENABLE KEYS */;
UNLOCK TABLES;
/*!40103 SET TIME_ZONE=@OLD_TIME_ZONE */;

/*!40101 SET SQL_MODE=@OLD_SQL_MODE */;
/*!40014 SET FOREIGN_KEY_CHECKS=@OLD_FOREIGN_KEY_CHECKS */;
/*!40014 SET UNIQUE_CHECKS=@OLD_UNIQUE_CHECKS */;
/*!40101 SET CHARACTER_SET_CLIENT=@OLD_CHARACTER_SET_CLIENT */;
/*!40101 SET CHARACTER_SET_RESULTS=@OLD_CHARACTER_SET_RESULTS */;
/*!40101 SET COLLATION_CONNECTION=@OLD_COLLATION_CONNECTION */;
/*!40111 SET SQL_NOTES=@OLD_SQL_NOTES */;

-- Dump completed on 2026-07-09 23:44:49
